--
-- PostgreSQL database dump
--

\restrict 8xXiKLA8Jc0sifVB8H2OReeKLMeI4eOOLawEDeXMWc3IqjQs024MLHbgiPAZmBU

-- Dumped from database version 18.0
-- Dumped by pg_dump version 18.0

SET statement_timeout = 0;
SET lock_timeout = 0;
SET idle_in_transaction_session_timeout = 0;
SET transaction_timeout = 0;
SET client_encoding = 'UTF8';
SET standard_conforming_strings = on;
SELECT pg_catalog.set_config('search_path', '', false);
SET check_function_bodies = false;
SET xmloption = content;
SET client_min_messages = warning;
SET row_security = off;

SET default_tablespace = '';

SET default_table_access_method = heap;

--
-- Name: accounts_generalsetting; Type: TABLE; Schema: public; Owner: postgres
--

CREATE TABLE public.accounts_generalsetting (
    id bigint NOT NULL,
    referral_code_length integer NOT NULL,
    referral_code_case character varying(20) NOT NULL,
    exclude_similar_chars boolean NOT NULL,
    created_at timestamp with time zone NOT NULL,
    updated_at timestamp with time zone NOT NULL,
    referral_code_pattern character varying(100),
    auto_login_on_register boolean NOT NULL,
    rank_basis character varying(20) NOT NULL,
    rank_count_levels_upto smallint NOT NULL,
    rank_use_missions boolean NOT NULL,
    rank_use_downlines_total boolean NOT NULL,
    rank_use_downlines_active boolean NOT NULL,
    registration_bonus_amount numeric(15,2) NOT NULL,
    registration_bonus_enabled boolean NOT NULL,
    registration_bonus_wallet character varying(20) NOT NULL,
    otp_enabled boolean NOT NULL,
    verifyway_api_key character varying(255) NOT NULL,
    whatsapp_check_enabled boolean NOT NULL,
    checknumber_api_key character varying(255) NOT NULL,
    verifynow_api_key character varying(255) NOT NULL,
    verifynow_customer_id character varying(255) NOT NULL,
    require_withdraw_pin_on_register boolean CONSTRAINT accounts_generalsetting_require_withdraw_pin_on_regist_not_null NOT NULL,
    require_withdraw_pin_on_purchase boolean CONSTRAINT accounts_generalsetting_require_withdraw_pin_on_purcha_not_null NOT NULL,
    rank_use_deposit_self_total boolean NOT NULL,
    frontend_url character varying(255),
    referral_daily_invite_limit integer NOT NULL,
    CONSTRAINT accounts_generalsetting_rank_count_levels_upto_check CHECK ((rank_count_levels_upto >= 0)),
    CONSTRAINT accounts_generalsetting_referral_code_length_check CHECK ((referral_code_length >= 0)),
    CONSTRAINT accounts_generalsetting_referral_daily_invite_limit_check CHECK ((referral_daily_invite_limit >= 0))
);


ALTER TABLE public.accounts_generalsetting OWNER TO postgres;

--
-- Name: accounts_generalsetting_id_seq; Type: SEQUENCE; Schema: public; Owner: postgres
--

ALTER TABLE public.accounts_generalsetting ALTER COLUMN id ADD GENERATED BY DEFAULT AS IDENTITY (
    SEQUENCE NAME public.accounts_generalsetting_id_seq
    START WITH 1
    INCREMENT BY 1
    NO MINVALUE
    NO MAXVALUE
    CACHE 1
);


--
-- Name: accounts_phoneotp; Type: TABLE; Schema: public; Owner: postgres
--

CREATE TABLE public.accounts_phoneotp (
    id bigint NOT NULL,
    phone character varying(20) NOT NULL,
    otp_code character varying(6),
    created_at timestamp with time zone NOT NULL,
    verified boolean NOT NULL,
    verification_id character varying(100)
);


ALTER TABLE public.accounts_phoneotp OWNER TO postgres;

--
-- Name: accounts_phoneotp_id_seq; Type: SEQUENCE; Schema: public; Owner: postgres
--

ALTER TABLE public.accounts_phoneotp ALTER COLUMN id ADD GENERATED BY DEFAULT AS IDENTITY (
    SEQUENCE NAME public.accounts_phoneotp_id_seq
    START WITH 1
    INCREMENT BY 1
    NO MINVALUE
    NO MAXVALUE
    CACHE 1
);


--
-- Name: accounts_user; Type: TABLE; Schema: public; Owner: postgres
--

CREATE TABLE public.accounts_user (
    id bigint NOT NULL,
    password character varying(128) NOT NULL,
    last_login timestamp with time zone,
    is_superuser boolean NOT NULL,
    username character varying(150) NOT NULL,
    first_name character varying(150) NOT NULL,
    last_name character varying(150) NOT NULL,
    is_staff boolean NOT NULL,
    is_active boolean NOT NULL,
    date_joined timestamp with time zone NOT NULL,
    email character varying(254) NOT NULL,
    full_name character varying(255) NOT NULL,
    phone character varying(15) NOT NULL,
    balance numeric(15,2) NOT NULL,
    balance_deposit numeric(15,2) NOT NULL,
    banned_status boolean NOT NULL,
    referral_code character varying(20),
    rank smallint,
    is_account_non_expired boolean NOT NULL,
    is_account_non_locked boolean NOT NULL,
    is_credentials_non_expired boolean NOT NULL,
    is_enabled boolean NOT NULL,
    created_at timestamp with time zone NOT NULL,
    updated_at timestamp with time zone NOT NULL,
    referral_by_id bigint,
    withdraw_pin character varying(128),
    last_login_ip inet,
    balance_hold numeric(15,2) NOT NULL,
    CONSTRAINT accounts_user_rank_56660d3c_check CHECK ((rank >= 0))
);


ALTER TABLE public.accounts_user OWNER TO postgres;

--
-- Name: accounts_user_groups; Type: TABLE; Schema: public; Owner: postgres
--

CREATE TABLE public.accounts_user_groups (
    id bigint NOT NULL,
    user_id bigint NOT NULL,
    group_id integer NOT NULL
);


ALTER TABLE public.accounts_user_groups OWNER TO postgres;

--
-- Name: accounts_user_groups_id_seq; Type: SEQUENCE; Schema: public; Owner: postgres
--

ALTER TABLE public.accounts_user_groups ALTER COLUMN id ADD GENERATED BY DEFAULT AS IDENTITY (
    SEQUENCE NAME public.accounts_user_groups_id_seq
    START WITH 1
    INCREMENT BY 1
    NO MINVALUE
    NO MAXVALUE
    CACHE 1
);


--
-- Name: accounts_user_id_seq; Type: SEQUENCE; Schema: public; Owner: postgres
--

ALTER TABLE public.accounts_user ALTER COLUMN id ADD GENERATED BY DEFAULT AS IDENTITY (
    SEQUENCE NAME public.accounts_user_id_seq
    START WITH 1
    INCREMENT BY 1
    NO MINVALUE
    NO MAXVALUE
    CACHE 1
);


--
-- Name: accounts_user_user_permissions; Type: TABLE; Schema: public; Owner: postgres
--

CREATE TABLE public.accounts_user_user_permissions (
    id bigint NOT NULL,
    user_id bigint NOT NULL,
    permission_id integer NOT NULL
);


ALTER TABLE public.accounts_user_user_permissions OWNER TO postgres;

--
-- Name: accounts_user_user_permissions_id_seq; Type: SEQUENCE; Schema: public; Owner: postgres
--

ALTER TABLE public.accounts_user_user_permissions ALTER COLUMN id ADD GENERATED BY DEFAULT AS IDENTITY (
    SEQUENCE NAME public.accounts_user_user_permissions_id_seq
    START WITH 1
    INCREMENT BY 1
    NO MINVALUE
    NO MAXVALUE
    CACHE 1
);


--
-- Name: accounts_useraddress; Type: TABLE; Schema: public; Owner: postgres
--

CREATE TABLE public.accounts_useraddress (
    id bigint NOT NULL,
    recipient_name character varying(255) NOT NULL,
    phone_number character varying(20) NOT NULL,
    address_details text NOT NULL,
    house_number character varying(50),
    is_primary boolean NOT NULL,
    created_at timestamp with time zone NOT NULL,
    updated_at timestamp with time zone NOT NULL,
    user_id bigint NOT NULL
);


ALTER TABLE public.accounts_useraddress OWNER TO postgres;

--
-- Name: accounts_useraddress_id_seq; Type: SEQUENCE; Schema: public; Owner: postgres
--

ALTER TABLE public.accounts_useraddress ALTER COLUMN id ADD GENERATED BY DEFAULT AS IDENTITY (
    SEQUENCE NAME public.accounts_useraddress_id_seq
    START WITH 1
    INCREMENT BY 1
    NO MINVALUE
    NO MAXVALUE
    CACHE 1
);


--
-- Name: attendance_bonus_claims; Type: TABLE; Schema: public; Owner: postgres
--

CREATE TABLE public.attendance_bonus_claims (
    id bigint NOT NULL,
    bonus_type character varying(20) NOT NULL,
    claimed_for_streak integer NOT NULL,
    cycle_index integer,
    amount numeric(15,2) NOT NULL,
    created_at timestamp with time zone NOT NULL,
    user_id bigint NOT NULL
);


ALTER TABLE public.attendance_bonus_claims OWNER TO postgres;

--
-- Name: attendance_bonus_claims_id_seq; Type: SEQUENCE; Schema: public; Owner: postgres
--

ALTER TABLE public.attendance_bonus_claims ALTER COLUMN id ADD GENERATED BY DEFAULT AS IDENTITY (
    SEQUENCE NAME public.attendance_bonus_claims_id_seq
    START WITH 1
    INCREMENT BY 1
    NO MINVALUE
    NO MAXVALUE
    CACHE 1
);


--
-- Name: attendance_logs; Type: TABLE; Schema: public; Owner: postgres
--

CREATE TABLE public.attendance_logs (
    id bigint NOT NULL,
    date date NOT NULL,
    streak_count integer NOT NULL,
    amount numeric(15,2) NOT NULL,
    created_at timestamp with time zone NOT NULL,
    user_id bigint NOT NULL
);


ALTER TABLE public.attendance_logs OWNER TO postgres;

--
-- Name: attendance_logs_id_seq; Type: SEQUENCE; Schema: public; Owner: postgres
--

ALTER TABLE public.attendance_logs ALTER COLUMN id ADD GENERATED BY DEFAULT AS IDENTITY (
    SEQUENCE NAME public.attendance_logs_id_seq
    START WITH 1
    INCREMENT BY 1
    NO MINVALUE
    NO MAXVALUE
    CACHE 1
);


--
-- Name: attendance_settings; Type: TABLE; Schema: public; Owner: postgres
--

CREATE TABLE public.attendance_settings (
    id bigint NOT NULL,
    balance_source character varying(20) NOT NULL,
    reward_type character varying(20) NOT NULL,
    fixed_amount numeric(15,2),
    min_amount numeric(15,2) NOT NULL,
    max_amount numeric(15,2) NOT NULL,
    consecutive_bonus_enabled boolean NOT NULL,
    bonus_7_days numeric(15,2) NOT NULL,
    bonus_30_days numeric(15,2) NOT NULL,
    is_active boolean NOT NULL,
    created_at timestamp with time zone NOT NULL,
    updated_at timestamp with time zone NOT NULL,
    rank_rewards jsonb NOT NULL,
    daily_cycle_days integer NOT NULL,
    daily_rewards jsonb NOT NULL,
    bonus_claim_separate_enabled boolean NOT NULL
);


ALTER TABLE public.attendance_settings OWNER TO postgres;

--
-- Name: attendance_settings_id_seq; Type: SEQUENCE; Schema: public; Owner: postgres
--

ALTER TABLE public.attendance_settings ALTER COLUMN id ADD GENERATED BY DEFAULT AS IDENTITY (
    SEQUENCE NAME public.attendance_settings_id_seq
    START WITH 1
    INCREMENT BY 1
    NO MINVALUE
    NO MAXVALUE
    CACHE 1
);


--
-- Name: auth_group; Type: TABLE; Schema: public; Owner: postgres
--

CREATE TABLE public.auth_group (
    id integer NOT NULL,
    name character varying(150) NOT NULL
);


ALTER TABLE public.auth_group OWNER TO postgres;

--
-- Name: auth_group_id_seq; Type: SEQUENCE; Schema: public; Owner: postgres
--

ALTER TABLE public.auth_group ALTER COLUMN id ADD GENERATED BY DEFAULT AS IDENTITY (
    SEQUENCE NAME public.auth_group_id_seq
    START WITH 1
    INCREMENT BY 1
    NO MINVALUE
    NO MAXVALUE
    CACHE 1
);


--
-- Name: auth_group_permissions; Type: TABLE; Schema: public; Owner: postgres
--

CREATE TABLE public.auth_group_permissions (
    id bigint NOT NULL,
    group_id integer NOT NULL,
    permission_id integer NOT NULL
);


ALTER TABLE public.auth_group_permissions OWNER TO postgres;

--
-- Name: auth_group_permissions_id_seq; Type: SEQUENCE; Schema: public; Owner: postgres
--

ALTER TABLE public.auth_group_permissions ALTER COLUMN id ADD GENERATED BY DEFAULT AS IDENTITY (
    SEQUENCE NAME public.auth_group_permissions_id_seq
    START WITH 1
    INCREMENT BY 1
    NO MINVALUE
    NO MAXVALUE
    CACHE 1
);


--
-- Name: auth_permission; Type: TABLE; Schema: public; Owner: postgres
--

CREATE TABLE public.auth_permission (
    id integer NOT NULL,
    name character varying(255) NOT NULL,
    content_type_id integer NOT NULL,
    codename character varying(100) NOT NULL
);


ALTER TABLE public.auth_permission OWNER TO postgres;

--
-- Name: auth_permission_id_seq; Type: SEQUENCE; Schema: public; Owner: postgres
--

ALTER TABLE public.auth_permission ALTER COLUMN id ADD GENERATED BY DEFAULT AS IDENTITY (
    SEQUENCE NAME public.auth_permission_id_seq
    START WITH 1
    INCREMENT BY 1
    NO MINVALUE
    NO MAXVALUE
    CACHE 1
);


--
-- Name: authtoken_token; Type: TABLE; Schema: public; Owner: postgres
--

CREATE TABLE public.authtoken_token (
    key character varying(40) NOT NULL,
    created timestamp with time zone NOT NULL,
    user_id bigint NOT NULL
);


ALTER TABLE public.authtoken_token OWNER TO postgres;

--
-- Name: bank_settings; Type: TABLE; Schema: public; Owner: postgres
--

CREATE TABLE public.bank_settings (
    id bigint NOT NULL,
    max_banks_per_user smallint NOT NULL,
    created_at timestamp with time zone NOT NULL,
    updated_at timestamp with time zone NOT NULL,
    CONSTRAINT bank_settings_max_banks_per_user_check CHECK ((max_banks_per_user >= 0))
);


ALTER TABLE public.bank_settings OWNER TO postgres;

--
-- Name: bank_settings_id_seq; Type: SEQUENCE; Schema: public; Owner: postgres
--

ALTER TABLE public.bank_settings ALTER COLUMN id ADD GENERATED BY DEFAULT AS IDENTITY (
    SEQUENCE NAME public.bank_settings_id_seq
    START WITH 1
    INCREMENT BY 1
    NO MINVALUE
    NO MAXVALUE
    CACHE 1
);


--
-- Name: banks; Type: TABLE; Schema: public; Owner: postgres
--

CREATE TABLE public.banks (
    id bigint NOT NULL,
    code character varying(50) NOT NULL,
    name character varying(100) NOT NULL,
    is_active boolean NOT NULL,
    logo character varying(200),
    min_withdrawal numeric(15,2) NOT NULL,
    max_withdrawal numeric(15,2) NOT NULL,
    withdrawal_fee numeric(7,2) NOT NULL,
    processing_time smallint NOT NULL,
    created_at timestamp with time zone NOT NULL,
    updated_at timestamp with time zone NOT NULL,
    withdrawal_fee_fixed numeric(15,2) NOT NULL,
    CONSTRAINT banks_processing_time_check CHECK ((processing_time >= 0))
);


ALTER TABLE public.banks OWNER TO postgres;

--
-- Name: banks_id_seq; Type: SEQUENCE; Schema: public; Owner: postgres
--

ALTER TABLE public.banks ALTER COLUMN id ADD GENERATED BY DEFAULT AS IDENTITY (
    SEQUENCE NAME public.banks_id_seq
    START WITH 1
    INCREMENT BY 1
    NO MINVALUE
    NO MAXVALUE
    CACHE 1
);


--
-- Name: claim_history; Type: TABLE; Schema: public; Owner: postgres
--

CREATE TABLE public.claim_history (
    id bigint NOT NULL,
    claim_amount numeric(15,2) NOT NULL,
    claim_type character varying(20) NOT NULL,
    status character varying(20) NOT NULL,
    claim_number integer NOT NULL,
    remaining_days_at_claim integer NOT NULL,
    total_claimed_before numeric(15,2) NOT NULL,
    notes text NOT NULL,
    created_at timestamp with time zone NOT NULL,
    investment_id bigint NOT NULL,
    transaction_id bigint,
    user_id bigint NOT NULL
);


ALTER TABLE public.claim_history OWNER TO postgres;

--
-- Name: claim_history_id_seq; Type: SEQUENCE; Schema: public; Owner: postgres
--

ALTER TABLE public.claim_history ALTER COLUMN id ADD GENERATED BY DEFAULT AS IDENTITY (
    SEQUENCE NAME public.claim_history_id_seq
    START WITH 1
    INCREMENT BY 1
    NO MINVALUE
    NO MAXVALUE
    CACHE 1
);


--
-- Name: deposits; Type: TABLE; Schema: public; Owner: postgres
--

CREATE TABLE public.deposits (
    id bigint NOT NULL,
    gateway character varying(20) NOT NULL,
    order_num character varying(60) NOT NULL,
    amount numeric(15,2) NOT NULL,
    wallet_type character varying(20) NOT NULL,
    status character varying(20) NOT NULL,
    payment_url character varying(500) NOT NULL,
    request_params jsonb NOT NULL,
    response_payload jsonb,
    callback_payload jsonb,
    callback_at timestamp with time zone,
    created_at timestamp with time zone NOT NULL,
    updated_at timestamp with time zone NOT NULL,
    transaction_id bigint,
    user_id bigint NOT NULL
);


ALTER TABLE public.deposits OWNER TO postgres;

--
-- Name: deposits_gatewaysettings; Type: TABLE; Schema: public; Owner: postgres
--

CREATE TABLE public.deposits_gatewaysettings (
    id bigint NOT NULL,
    default_wallet_type character varying(20) NOT NULL,
    app_domain character varying(255) NOT NULL,
    jayapay_enabled boolean NOT NULL,
    klikpay_enabled boolean NOT NULL,
    jayapay_merchant_code character varying(100) NOT NULL,
    jayapay_private_key text NOT NULL,
    jayapay_public_key text NOT NULL,
    klikpay_api_url character varying(255) NOT NULL,
    klikpay_merchant_code character varying(100) NOT NULL,
    klikpay_secret_key character varying(255) NOT NULL,
    klikpay_public_key text NOT NULL,
    updated_at timestamp with time zone NOT NULL,
    jayapay_api_url character varying(255) NOT NULL,
    jayapay_callback_path character varying(255) NOT NULL,
    jayapay_redirect_url character varying(255) NOT NULL,
    klikpay_private_key text NOT NULL,
    klikpay_callback_path character varying(255) NOT NULL,
    klikpay_redirect_url character varying(255) NOT NULL,
    min_deposit_amount numeric(15,2) NOT NULL,
    max_deposit_amount numeric(15,2) NOT NULL
);


ALTER TABLE public.deposits_gatewaysettings OWNER TO postgres;

--
-- Name: deposits_gatewaysettings_id_seq; Type: SEQUENCE; Schema: public; Owner: postgres
--

ALTER TABLE public.deposits_gatewaysettings ALTER COLUMN id ADD GENERATED BY DEFAULT AS IDENTITY (
    SEQUENCE NAME public.deposits_gatewaysettings_id_seq
    START WITH 1
    INCREMENT BY 1
    NO MINVALUE
    NO MAXVALUE
    CACHE 1
);


--
-- Name: deposits_id_seq; Type: SEQUENCE; Schema: public; Owner: postgres
--

ALTER TABLE public.deposits ALTER COLUMN id ADD GENERATED BY DEFAULT AS IDENTITY (
    SEQUENCE NAME public.deposits_id_seq
    START WITH 1
    INCREMENT BY 1
    NO MINVALUE
    NO MAXVALUE
    CACHE 1
);


--
-- Name: django_admin_log; Type: TABLE; Schema: public; Owner: postgres
--

CREATE TABLE public.django_admin_log (
    id integer NOT NULL,
    action_time timestamp with time zone NOT NULL,
    object_id text,
    object_repr character varying(200) NOT NULL,
    action_flag smallint NOT NULL,
    change_message text NOT NULL,
    content_type_id integer,
    user_id bigint NOT NULL,
    CONSTRAINT django_admin_log_action_flag_check CHECK ((action_flag >= 0))
);


ALTER TABLE public.django_admin_log OWNER TO postgres;

--
-- Name: django_admin_log_id_seq; Type: SEQUENCE; Schema: public; Owner: postgres
--

ALTER TABLE public.django_admin_log ALTER COLUMN id ADD GENERATED BY DEFAULT AS IDENTITY (
    SEQUENCE NAME public.django_admin_log_id_seq
    START WITH 1
    INCREMENT BY 1
    NO MINVALUE
    NO MAXVALUE
    CACHE 1
);


--
-- Name: django_content_type; Type: TABLE; Schema: public; Owner: postgres
--

CREATE TABLE public.django_content_type (
    id integer NOT NULL,
    app_label character varying(100) NOT NULL,
    model character varying(100) NOT NULL
);


ALTER TABLE public.django_content_type OWNER TO postgres;

--
-- Name: django_content_type_id_seq; Type: SEQUENCE; Schema: public; Owner: postgres
--

ALTER TABLE public.django_content_type ALTER COLUMN id ADD GENERATED BY DEFAULT AS IDENTITY (
    SEQUENCE NAME public.django_content_type_id_seq
    START WITH 1
    INCREMENT BY 1
    NO MINVALUE
    NO MAXVALUE
    CACHE 1
);


--
-- Name: django_migrations; Type: TABLE; Schema: public; Owner: postgres
--

CREATE TABLE public.django_migrations (
    id bigint NOT NULL,
    app character varying(255) NOT NULL,
    name character varying(255) NOT NULL,
    applied timestamp with time zone NOT NULL
);


ALTER TABLE public.django_migrations OWNER TO postgres;

--
-- Name: django_migrations_id_seq; Type: SEQUENCE; Schema: public; Owner: postgres
--

ALTER TABLE public.django_migrations ALTER COLUMN id ADD GENERATED BY DEFAULT AS IDENTITY (
    SEQUENCE NAME public.django_migrations_id_seq
    START WITH 1
    INCREMENT BY 1
    NO MINVALUE
    NO MAXVALUE
    CACHE 1
);


--
-- Name: django_session; Type: TABLE; Schema: public; Owner: postgres
--

CREATE TABLE public.django_session (
    session_key character varying(40) NOT NULL,
    session_data text NOT NULL,
    expire_date timestamp with time zone NOT NULL
);


ALTER TABLE public.django_session OWNER TO postgres;

--
-- Name: investments; Type: TABLE; Schema: public; Owner: postgres
--

CREATE TABLE public.investments (
    id bigint NOT NULL,
    quantity integer NOT NULL,
    total_amount numeric(15,2) NOT NULL,
    profit_type character varying(20) NOT NULL,
    profit_rate numeric(16,2) NOT NULL,
    profit_method character varying(20) NOT NULL,
    claim_reset_mode character varying(20) NOT NULL,
    duration_days integer NOT NULL,
    remaining_days integer NOT NULL,
    expires_at timestamp with time zone NOT NULL,
    last_claim_time timestamp with time zone,
    next_claim_time timestamp with time zone,
    total_claimed_profit numeric(15,2) NOT NULL,
    status character varying(20) NOT NULL,
    created_at timestamp with time zone NOT NULL,
    updated_at timestamp with time zone NOT NULL,
    product_id bigint NOT NULL,
    transaction_id bigint NOT NULL,
    user_id bigint NOT NULL,
    claims_count integer NOT NULL,
    claims_remaining integer NOT NULL,
    first_claim_time timestamp with time zone,
    last_claim_amount numeric(15,2) NOT NULL,
    total_claimed_amount numeric(15,2) NOT NULL,
    profit_random_max numeric(16,2),
    profit_random_min numeric(16,2),
    principal_returned boolean NOT NULL
);


ALTER TABLE public.investments OWNER TO postgres;

--
-- Name: investments_id_seq; Type: SEQUENCE; Schema: public; Owner: postgres
--

ALTER TABLE public.investments ALTER COLUMN id ADD GENERATED BY DEFAULT AS IDENTITY (
    SEQUENCE NAME public.investments_id_seq
    START WITH 1
    INCREMENT BY 1
    NO MINVALUE
    NO MAXVALUE
    CACHE 1
);


--
-- Name: mission_user_states; Type: TABLE; Schema: public; Owner: postgres
--

CREATE TABLE public.mission_user_states (
    id bigint NOT NULL,
    claimed_count integer NOT NULL,
    last_claimed_at timestamp with time zone,
    created_at timestamp with time zone NOT NULL,
    updated_at timestamp with time zone NOT NULL,
    mission_id bigint NOT NULL,
    user_id bigint NOT NULL,
    CONSTRAINT mission_user_states_claimed_count_check CHECK ((claimed_count >= 0))
);


ALTER TABLE public.mission_user_states OWNER TO postgres;

--
-- Name: mission_user_states_id_seq; Type: SEQUENCE; Schema: public; Owner: postgres
--

ALTER TABLE public.mission_user_states ALTER COLUMN id ADD GENERATED BY DEFAULT AS IDENTITY (
    SEQUENCE NAME public.mission_user_states_id_seq
    START WITH 1
    INCREMENT BY 1
    NO MINVALUE
    NO MAXVALUE
    CACHE 1
);


--
-- Name: missions; Type: TABLE; Schema: public; Owner: postgres
--

CREATE TABLE public.missions (
    id bigint NOT NULL,
    description character varying(255) NOT NULL,
    is_active boolean NOT NULL,
    is_repeatable boolean NOT NULL,
    level smallint,
    type character varying(20) NOT NULL,
    requirement integer NOT NULL,
    reward numeric(15,2) NOT NULL,
    reward_balance_type character varying(20) NOT NULL,
    referral_levels jsonb NOT NULL,
    created_at timestamp with time zone NOT NULL,
    updated_at timestamp with time zone NOT NULL,
    title character varying(100) NOT NULL,
    CONSTRAINT missions_level_check CHECK ((level >= 0)),
    CONSTRAINT missions_requirement_check CHECK ((requirement >= 0))
);


ALTER TABLE public.missions OWNER TO postgres;

--
-- Name: missions_id_seq; Type: SEQUENCE; Schema: public; Owner: postgres
--

ALTER TABLE public.missions ALTER COLUMN id ADD GENERATED BY DEFAULT AS IDENTITY (
    SEQUENCE NAME public.missions_id_seq
    START WITH 1
    INCREMENT BY 1
    NO MINVALUE
    NO MAXVALUE
    CACHE 1
);


--
-- Name: news_news; Type: TABLE; Schema: public; Owner: postgres
--

CREATE TABLE public.news_news (
    id bigint NOT NULL,
    title character varying(200) NOT NULL,
    slug character varying(220) NOT NULL,
    body text NOT NULL,
    is_published boolean NOT NULL,
    published_at timestamp with time zone NOT NULL,
    updated_at timestamp with time zone NOT NULL,
    image character varying(100)
);


ALTER TABLE public.news_news OWNER TO postgres;

--
-- Name: news_news_id_seq; Type: SEQUENCE; Schema: public; Owner: postgres
--

ALTER TABLE public.news_news ALTER COLUMN id ADD GENERATED BY DEFAULT AS IDENTITY (
    SEQUENCE NAME public.news_news_id_seq
    START WITH 1
    INCREMENT BY 1
    NO MINVALUE
    NO MAXVALUE
    CACHE 1
);


--
-- Name: products; Type: TABLE; Schema: public; Owner: postgres
--

CREATE TABLE public.products (
    id bigint NOT NULL,
    name character varying(255) NOT NULL,
    description text NOT NULL,
    price numeric(16,2) NOT NULL,
    status integer NOT NULL,
    purchase_limit integer NOT NULL,
    stock integer NOT NULL,
    stock_enabled boolean NOT NULL,
    profit_type character varying(20) NOT NULL,
    profit_rate numeric(16,2) NOT NULL,
    profit_method character varying(20) NOT NULL,
    duration integer NOT NULL,
    balance_source character varying(20) NOT NULL,
    claim_reset_mode character varying(20) NOT NULL,
    claim_reset_hours integer,
    image character varying(100),
    specifications text NOT NULL,
    created_at timestamp with time zone NOT NULL,
    updated_at timestamp with time zone NOT NULL,
    cashback_enabled boolean NOT NULL,
    cashback_percentage numeric(5,2) NOT NULL,
    custom_field_10_content text,
    custom_field_10_title character varying(255),
    custom_field_1_content text,
    custom_field_1_title character varying(255),
    custom_field_2_content text,
    custom_field_2_title character varying(255),
    custom_field_3_content text,
    custom_field_3_title character varying(255),
    custom_field_4_content text,
    custom_field_4_title character varying(255),
    custom_field_5_content text,
    custom_field_5_title character varying(255),
    custom_field_6_content text,
    custom_field_6_title character varying(255),
    custom_field_7_content text,
    custom_field_7_title character varying(255),
    custom_field_8_content text,
    custom_field_8_title character varying(255),
    custom_field_9_content text,
    custom_field_9_title character varying(255),
    max_purchase_count integer NOT NULL,
    profit_rebate_level_1 numeric(10,2) NOT NULL,
    profit_rebate_level_2 numeric(10,2) NOT NULL,
    profit_rebate_level_3 numeric(10,2) NOT NULL,
    profit_rebate_level_4 numeric(10,2) NOT NULL,
    profit_rebate_level_5 numeric(10,2) NOT NULL,
    purchase_rebate_level_1 numeric(10,2) NOT NULL,
    purchase_rebate_level_2 numeric(10,2) NOT NULL,
    purchase_rebate_level_3 numeric(10,2) NOT NULL,
    purchase_rebate_level_4 numeric(10,2) NOT NULL,
    purchase_rebate_level_5 numeric(10,2) NOT NULL,
    require_upline_ownership_for_commissions boolean NOT NULL,
    profit_random_max numeric(16,2),
    profit_random_min numeric(16,2),
    return_principal_on_completion boolean NOT NULL,
    qualify_as_active_investment boolean NOT NULL,
    require_min_rank_enabled boolean NOT NULL,
    min_required_rank smallint,
    golongan character varying(20),
    CONSTRAINT products_min_required_rank_check CHECK ((min_required_rank >= 0))
);


ALTER TABLE public.products OWNER TO postgres;

--
-- Name: products_id_seq; Type: SEQUENCE; Schema: public; Owner: postgres
--

ALTER TABLE public.products ALTER COLUMN id ADD GENERATED BY DEFAULT AS IDENTITY (
    SEQUENCE NAME public.products_id_seq
    START WITH 1
    INCREMENT BY 1
    NO MINVALUE
    NO MAXVALUE
    CACHE 1
);


--
-- Name: profit_holiday_settings; Type: TABLE; Schema: public; Owner: postgres
--

CREATE TABLE public.profit_holiday_settings (
    id bigint NOT NULL,
    is_active boolean NOT NULL,
    disable_monday boolean NOT NULL,
    disable_tuesday boolean NOT NULL,
    disable_wednesday boolean NOT NULL,
    disable_thursday boolean NOT NULL,
    disable_friday boolean NOT NULL,
    disable_saturday boolean NOT NULL,
    disable_sunday boolean NOT NULL,
    disabled_dates jsonb NOT NULL,
    created_at timestamp with time zone NOT NULL,
    updated_at timestamp with time zone NOT NULL,
    extend_duration_on_holidays boolean NOT NULL
);


ALTER TABLE public.profit_holiday_settings OWNER TO postgres;

--
-- Name: profit_holiday_settings_id_seq; Type: SEQUENCE; Schema: public; Owner: postgres
--

ALTER TABLE public.profit_holiday_settings ALTER COLUMN id ADD GENERATED BY DEFAULT AS IDENTITY (
    SEQUENCE NAME public.profit_holiday_settings_id_seq
    START WITH 1
    INCREMENT BY 1
    NO MINVALUE
    NO MAXVALUE
    CACHE 1
);


--
-- Name: rank_levels; Type: TABLE; Schema: public; Owner: postgres
--

CREATE TABLE public.rank_levels (
    id bigint NOT NULL,
    rank smallint NOT NULL,
    title character varying(100) NOT NULL,
    missions_required_total integer NOT NULL,
    created_at timestamp with time zone NOT NULL,
    updated_at timestamp with time zone NOT NULL,
    downlines_total_required integer NOT NULL,
    downlines_active_required integer NOT NULL,
    deposit_self_total_required numeric(15,2) NOT NULL,
    CONSTRAINT rank_levels_downlines_active_required_check CHECK ((downlines_active_required >= 0)),
    CONSTRAINT rank_levels_downlines_total_required_check CHECK ((downlines_total_required >= 0)),
    CONSTRAINT rank_levels_missions_required_total_check CHECK ((missions_required_total >= 0)),
    CONSTRAINT rank_levels_rank_check CHECK ((rank >= 0))
);


ALTER TABLE public.rank_levels OWNER TO postgres;

--
-- Name: rank_levels_id_seq; Type: SEQUENCE; Schema: public; Owner: postgres
--

ALTER TABLE public.rank_levels ALTER COLUMN id ADD GENERATED BY DEFAULT AS IDENTITY (
    SEQUENCE NAME public.rank_levels_id_seq
    START WITH 1
    INCREMENT BY 1
    NO MINVALUE
    NO MAXVALUE
    CACHE 1
);


--
-- Name: roulette_prizes; Type: TABLE; Schema: public; Owner: postgres
--

CREATE TABLE public.roulette_prizes (
    id bigint NOT NULL,
    name character varying(120) NOT NULL,
    description text NOT NULL,
    prize_type character varying(20) NOT NULL,
    amount numeric(15,2) NOT NULL,
    weight integer NOT NULL,
    is_active boolean NOT NULL,
    sort_order smallint NOT NULL,
    created_at timestamp with time zone NOT NULL,
    updated_at timestamp with time zone NOT NULL,
    CONSTRAINT roulette_prizes_sort_order_check CHECK ((sort_order >= 0)),
    CONSTRAINT roulette_prizes_weight_check CHECK ((weight >= 0))
);


ALTER TABLE public.roulette_prizes OWNER TO postgres;

--
-- Name: roulette_prizes_id_seq; Type: SEQUENCE; Schema: public; Owner: postgres
--

ALTER TABLE public.roulette_prizes ALTER COLUMN id ADD GENERATED BY DEFAULT AS IDENTITY (
    SEQUENCE NAME public.roulette_prizes_id_seq
    START WITH 1
    INCREMENT BY 1
    NO MINVALUE
    NO MAXVALUE
    CACHE 1
);


--
-- Name: roulette_settings; Type: TABLE; Schema: public; Owner: postgres
--

CREATE TABLE public.roulette_settings (
    id bigint NOT NULL,
    is_active boolean NOT NULL,
    tickets_per_level1_purchase integer NOT NULL,
    ticket_cost integer NOT NULL,
    created_at timestamp with time zone NOT NULL,
    updated_at timestamp with time zone NOT NULL,
    CONSTRAINT roulette_settings_ticket_cost_check CHECK ((ticket_cost >= 0)),
    CONSTRAINT roulette_settings_tickets_per_level1_purchase_check CHECK ((tickets_per_level1_purchase >= 0))
);


ALTER TABLE public.roulette_settings OWNER TO postgres;

--
-- Name: roulette_settings_id_seq; Type: SEQUENCE; Schema: public; Owner: postgres
--

ALTER TABLE public.roulette_settings ALTER COLUMN id ADD GENERATED BY DEFAULT AS IDENTITY (
    SEQUENCE NAME public.roulette_settings_id_seq
    START WITH 1
    INCREMENT BY 1
    NO MINVALUE
    NO MAXVALUE
    CACHE 1
);


--
-- Name: roulette_spins; Type: TABLE; Schema: public; Owner: postgres
--

CREATE TABLE public.roulette_spins (
    id bigint NOT NULL,
    prize_type character varying(20) NOT NULL,
    prize_amount numeric(15,2) NOT NULL,
    created_at timestamp with time zone NOT NULL,
    prize_id bigint,
    transaction_id bigint,
    user_id bigint NOT NULL
);


ALTER TABLE public.roulette_spins OWNER TO postgres;

--
-- Name: roulette_spins_id_seq; Type: SEQUENCE; Schema: public; Owner: postgres
--

ALTER TABLE public.roulette_spins ALTER COLUMN id ADD GENERATED BY DEFAULT AS IDENTITY (
    SEQUENCE NAME public.roulette_spins_id_seq
    START WITH 1
    INCREMENT BY 1
    NO MINVALUE
    NO MAXVALUE
    CACHE 1
);


--
-- Name: roulette_ticket_ledgers; Type: TABLE; Schema: public; Owner: postgres
--

CREATE TABLE public.roulette_ticket_ledgers (
    id bigint NOT NULL,
    delta integer NOT NULL,
    reason character varying(30) NOT NULL,
    created_at timestamp with time zone NOT NULL,
    source_transaction_id bigint,
    source_user_id bigint,
    user_id bigint NOT NULL
);


ALTER TABLE public.roulette_ticket_ledgers OWNER TO postgres;

--
-- Name: roulette_ticket_ledgers_id_seq; Type: SEQUENCE; Schema: public; Owner: postgres
--

ALTER TABLE public.roulette_ticket_ledgers ALTER COLUMN id ADD GENERATED BY DEFAULT AS IDENTITY (
    SEQUENCE NAME public.roulette_ticket_ledgers_id_seq
    START WITH 1
    INCREMENT BY 1
    NO MINVALUE
    NO MAXVALUE
    CACHE 1
);


--
-- Name: roulette_ticket_wallets; Type: TABLE; Schema: public; Owner: postgres
--

CREATE TABLE public.roulette_ticket_wallets (
    id bigint NOT NULL,
    balance integer NOT NULL,
    updated_at timestamp with time zone NOT NULL,
    user_id bigint NOT NULL,
    CONSTRAINT roulette_ticket_wallets_balance_check CHECK ((balance >= 0))
);


ALTER TABLE public.roulette_ticket_wallets OWNER TO postgres;

--
-- Name: roulette_ticket_wallets_id_seq; Type: SEQUENCE; Schema: public; Owner: postgres
--

ALTER TABLE public.roulette_ticket_wallets ALTER COLUMN id ADD GENERATED BY DEFAULT AS IDENTITY (
    SEQUENCE NAME public.roulette_ticket_wallets_id_seq
    START WITH 1
    INCREMENT BY 1
    NO MINVALUE
    NO MAXVALUE
    CACHE 1
);


--
-- Name: support_supportchatmessage; Type: TABLE; Schema: public; Owner: postgres
--

CREATE TABLE public.support_supportchatmessage (
    id bigint NOT NULL,
    sender_type character varying(10) NOT NULL,
    message text NOT NULL,
    created_at timestamp with time zone NOT NULL,
    sender_user_id bigint,
    thread_id bigint NOT NULL
);


ALTER TABLE public.support_supportchatmessage OWNER TO postgres;

--
-- Name: support_supportchatmessage_id_seq; Type: SEQUENCE; Schema: public; Owner: postgres
--

ALTER TABLE public.support_supportchatmessage ALTER COLUMN id ADD GENERATED BY DEFAULT AS IDENTITY (
    SEQUENCE NAME public.support_supportchatmessage_id_seq
    START WITH 1
    INCREMENT BY 1
    NO MINVALUE
    NO MAXVALUE
    CACHE 1
);


--
-- Name: support_supportchatthread; Type: TABLE; Schema: public; Owner: postgres
--

CREATE TABLE public.support_supportchatthread (
    id bigint NOT NULL,
    is_closed boolean NOT NULL,
    created_at timestamp with time zone NOT NULL,
    updated_at timestamp with time zone NOT NULL,
    user_id bigint NOT NULL
);


ALTER TABLE public.support_supportchatthread OWNER TO postgres;

--
-- Name: support_supportchatthread_id_seq; Type: SEQUENCE; Schema: public; Owner: postgres
--

ALTER TABLE public.support_supportchatthread ALTER COLUMN id ADD GENERATED BY DEFAULT AS IDENTITY (
    SEQUENCE NAME public.support_supportchatthread_id_seq
    START WITH 1
    INCREMENT BY 1
    NO MINVALUE
    NO MAXVALUE
    CACHE 1
);


--
-- Name: support_supportlink; Type: TABLE; Schema: public; Owner: postgres
--

CREATE TABLE public.support_supportlink (
    id bigint NOT NULL,
    title character varying(100) NOT NULL,
    url character varying(300) NOT NULL,
    platform character varying(20) NOT NULL,
    description text NOT NULL,
    is_active boolean NOT NULL,
    created_at timestamp with time zone NOT NULL,
    updated_at timestamp with time zone NOT NULL,
    icon character varying(100)
);


ALTER TABLE public.support_supportlink OWNER TO postgres;

--
-- Name: support_supportlink_id_seq; Type: SEQUENCE; Schema: public; Owner: postgres
--

ALTER TABLE public.support_supportlink ALTER COLUMN id ADD GENERATED BY DEFAULT AS IDENTITY (
    SEQUENCE NAME public.support_supportlink_id_seq
    START WITH 1
    INCREMENT BY 1
    NO MINVALUE
    NO MAXVALUE
    CACHE 1
);


--
-- Name: transactions; Type: TABLE; Schema: public; Owner: postgres
--

CREATE TABLE public.transactions (
    id bigint NOT NULL,
    trx_id character varying(50) NOT NULL,
    type character varying(20) NOT NULL,
    amount numeric(15,2) NOT NULL,
    description text NOT NULL,
    status character varying(20) NOT NULL,
    wallet_type character varying(20) NOT NULL,
    investment_quantity integer,
    commission_level integer,
    voucher_id integer,
    voucher_code character varying(50),
    created_at timestamp with time zone NOT NULL,
    product_id bigint,
    related_transaction_id bigint,
    upline_user_id bigint,
    user_id bigint NOT NULL
);


ALTER TABLE public.transactions OWNER TO postgres;

--
-- Name: transactions_id_seq; Type: SEQUENCE; Schema: public; Owner: postgres
--

ALTER TABLE public.transactions ALTER COLUMN id ADD GENERATED BY DEFAULT AS IDENTITY (
    SEQUENCE NAME public.transactions_id_seq
    START WITH 1
    INCREMENT BY 1
    NO MINVALUE
    NO MAXVALUE
    CACHE 1
);


--
-- Name: user_banks; Type: TABLE; Schema: public; Owner: postgres
--

CREATE TABLE public.user_banks (
    id bigint NOT NULL,
    account_name character varying(100) NOT NULL,
    account_number character varying(50) NOT NULL,
    is_default boolean NOT NULL,
    created_at timestamp with time zone NOT NULL,
    updated_at timestamp with time zone NOT NULL,
    bank_id bigint NOT NULL,
    user_id bigint NOT NULL
);


ALTER TABLE public.user_banks OWNER TO postgres;

--
-- Name: user_banks_id_seq; Type: SEQUENCE; Schema: public; Owner: postgres
--

ALTER TABLE public.user_banks ALTER COLUMN id ADD GENERATED BY DEFAULT AS IDENTITY (
    SEQUENCE NAME public.user_banks_id_seq
    START WITH 1
    INCREMENT BY 1
    NO MINVALUE
    NO MAXVALUE
    CACHE 1
);


--
-- Name: voucher_usages; Type: TABLE; Schema: public; Owner: postgres
--

CREATE TABLE public.voucher_usages (
    id bigint NOT NULL,
    voucher_code character varying(50) NOT NULL,
    amount_credited numeric(15,2) NOT NULL,
    amount_received numeric(15,2) NOT NULL,
    balance_type character varying(20) NOT NULL,
    used_at timestamp with time zone NOT NULL,
    transaction_id bigint,
    user_id bigint NOT NULL,
    voucher_id bigint NOT NULL
);


ALTER TABLE public.voucher_usages OWNER TO postgres;

--
-- Name: voucher_usages_id_seq; Type: SEQUENCE; Schema: public; Owner: postgres
--

ALTER TABLE public.voucher_usages ALTER COLUMN id ADD GENERATED BY DEFAULT AS IDENTITY (
    SEQUENCE NAME public.voucher_usages_id_seq
    START WITH 1
    INCREMENT BY 1
    NO MINVALUE
    NO MAXVALUE
    CACHE 1
);


--
-- Name: vouchers; Type: TABLE; Schema: public; Owner: postgres
--

CREATE TABLE public.vouchers (
    id bigint NOT NULL,
    code character varying(50) NOT NULL,
    type character varying(20) NOT NULL,
    amount numeric(15,2) NOT NULL,
    max_amount numeric(15,2) NOT NULL,
    balance_type character varying(20) NOT NULL,
    usage_limit integer NOT NULL,
    used_count integer NOT NULL,
    is_active boolean NOT NULL,
    expires_at timestamp with time zone,
    created_at timestamp with time zone NOT NULL,
    updated_at timestamp with time zone NOT NULL,
    min_amount numeric(15,2) NOT NULL,
    rank_rewards jsonb NOT NULL,
    start_at timestamp with time zone,
    claim_mode character varying(20) NOT NULL,
    is_daily_claim boolean NOT NULL
);


ALTER TABLE public.vouchers OWNER TO postgres;

--
-- Name: vouchers_id_seq; Type: SEQUENCE; Schema: public; Owner: postgres
--

ALTER TABLE public.vouchers ALTER COLUMN id ADD GENERATED BY DEFAULT AS IDENTITY (
    SEQUENCE NAME public.vouchers_id_seq
    START WITH 1
    INCREMENT BY 1
    NO MINVALUE
    NO MAXVALUE
    CACHE 1
);


--
-- Name: withdrawal_jayapay; Type: TABLE; Schema: public; Owner: postgres
--

CREATE TABLE public.withdrawal_jayapay (
    id bigint NOT NULL,
    request_params jsonb NOT NULL,
    response_payload jsonb NOT NULL,
    created_at timestamp with time zone NOT NULL,
    updated_at timestamp with time zone NOT NULL,
    withdrawal_id bigint NOT NULL
);


ALTER TABLE public.withdrawal_jayapay OWNER TO postgres;

--
-- Name: withdrawal_jayapay_id_seq; Type: SEQUENCE; Schema: public; Owner: postgres
--

ALTER TABLE public.withdrawal_jayapay ALTER COLUMN id ADD GENERATED BY DEFAULT AS IDENTITY (
    SEQUENCE NAME public.withdrawal_jayapay_id_seq
    START WITH 1
    INCREMENT BY 1
    NO MINVALUE
    NO MAXVALUE
    CACHE 1
);


--
-- Name: withdrawal_services; Type: TABLE; Schema: public; Owner: postgres
--

CREATE TABLE public.withdrawal_services (
    id bigint NOT NULL,
    name character varying(100) NOT NULL,
    description text NOT NULL,
    duration_hours integer NOT NULL,
    fee_percent numeric(5,2) NOT NULL,
    is_active boolean NOT NULL,
    sort_order smallint NOT NULL,
    created_at timestamp with time zone NOT NULL,
    updated_at timestamp with time zone NOT NULL,
    fee_fixed numeric(15,2) NOT NULL,
    CONSTRAINT withdrawal_services_duration_hours_check CHECK ((duration_hours >= 0)),
    CONSTRAINT withdrawal_services_sort_order_check CHECK ((sort_order >= 0))
);


ALTER TABLE public.withdrawal_services OWNER TO postgres;

--
-- Name: withdrawal_services_id_seq; Type: SEQUENCE; Schema: public; Owner: postgres
--

ALTER TABLE public.withdrawal_services ALTER COLUMN id ADD GENERATED BY DEFAULT AS IDENTITY (
    SEQUENCE NAME public.withdrawal_services_id_seq
    START WITH 1
    INCREMENT BY 1
    NO MINVALUE
    NO MAXVALUE
    CACHE 1
);


--
-- Name: withdrawal_settings; Type: TABLE; Schema: public; Owner: postgres
--

CREATE TABLE public.withdrawal_settings (
    id bigint NOT NULL,
    is_active boolean NOT NULL,
    require_bank_account boolean NOT NULL,
    minimum_product_quantity integer NOT NULL,
    created_at timestamp with time zone NOT NULL,
    updated_at timestamp with time zone NOT NULL,
    required_product_id bigint,
    balance_source character varying(20) NOT NULL,
    require_pin boolean NOT NULL,
    require_active_investment boolean NOT NULL,
    require_withdraw_service boolean NOT NULL,
    CONSTRAINT withdrawal_settings_minimum_product_quantity_check CHECK ((minimum_product_quantity >= 0))
);


ALTER TABLE public.withdrawal_settings OWNER TO postgres;

--
-- Name: withdrawal_settings_id_seq; Type: SEQUENCE; Schema: public; Owner: postgres
--

ALTER TABLE public.withdrawal_settings ALTER COLUMN id ADD GENERATED BY DEFAULT AS IDENTITY (
    SEQUENCE NAME public.withdrawal_settings_id_seq
    START WITH 1
    INCREMENT BY 1
    NO MINVALUE
    NO MAXVALUE
    CACHE 1
);


--
-- Name: withdrawals; Type: TABLE; Schema: public; Owner: postgres
--

CREATE TABLE public.withdrawals (
    id bigint NOT NULL,
    amount numeric(15,2) NOT NULL,
    fee numeric(15,2) NOT NULL,
    net_amount numeric(15,2) NOT NULL,
    status character varying(20) NOT NULL,
    note text NOT NULL,
    created_at timestamp with time zone NOT NULL,
    updated_at timestamp with time zone NOT NULL,
    bank_account_id bigint,
    user_id bigint NOT NULL,
    transaction_id bigint,
    withdrawal_service_id bigint
);


ALTER TABLE public.withdrawals OWNER TO postgres;

--
-- Name: withdrawals_id_seq; Type: SEQUENCE; Schema: public; Owner: postgres
--

ALTER TABLE public.withdrawals ALTER COLUMN id ADD GENERATED BY DEFAULT AS IDENTITY (
    SEQUENCE NAME public.withdrawals_id_seq
    START WITH 1
    INCREMENT BY 1
    NO MINVALUE
    NO MAXVALUE
    CACHE 1
);


--
-- Data for Name: accounts_generalsetting; Type: TABLE DATA; Schema: public; Owner: postgres
--

COPY public.accounts_generalsetting (id, referral_code_length, referral_code_case, exclude_similar_chars, created_at, updated_at, referral_code_pattern, auto_login_on_register, rank_basis, rank_count_levels_upto, rank_use_missions, rank_use_downlines_total, rank_use_downlines_active, registration_bonus_amount, registration_bonus_enabled, registration_bonus_wallet, otp_enabled, verifyway_api_key, whatsapp_check_enabled, checknumber_api_key, verifynow_api_key, verifynow_customer_id, require_withdraw_pin_on_register, require_withdraw_pin_on_purchase, rank_use_deposit_self_total, frontend_url, referral_daily_invite_limit) FROM stdin;
1	6	upper	t	2025-11-02 06:18:27.670585+07	2026-04-04 08:56:15.239009+07	H68M40	t	deposit_self_total	3	f	f	t	0.00	f	balance	f	1723$foKnjr3jv8g0P4u2Ap5ZeGiXRJX3tF2TdJGf	f	U8fuICmrcJ4HPOsSIhQueciAJHJGcSd7Nzpw6zebcmOu0qH6SxgzQny8VaWP	eyJhbGciOiJIUzUxMiJ9.eyJzdWIiOiJDLUMxMDg2QjY2RDM2MTRGOSIsImlhdCI6MTc2ODMyNDM0OSwiZXhwIjoxOTI2MDA0MzQ5fQ.uv2WVdz1bQI3Upnfet2Jn0q_Uj0W9KFh7WS_1RXSIiPr3K1x3BjO6OmdV_LR_COdBpcwNWxegHXp5e6pU-wjAg	C-C1086B66D3614F9	f	f	t	https://localhost:5174	5
\.


--
-- Data for Name: accounts_phoneotp; Type: TABLE DATA; Schema: public; Owner: postgres
--

COPY public.accounts_phoneotp (id, phone, otp_code, created_at, verified, verification_id) FROM stdin;
5	+628123456789	\N	2026-01-14 01:29:52.017989+07	f	4275787
\.


--
-- Data for Name: accounts_user; Type: TABLE DATA; Schema: public; Owner: postgres
--

COPY public.accounts_user (id, password, last_login, is_superuser, username, first_name, last_name, is_staff, is_active, date_joined, email, full_name, phone, balance, balance_deposit, banned_status, referral_code, rank, is_account_non_expired, is_account_non_locked, is_credentials_non_expired, is_enabled, created_at, updated_at, referral_by_id, withdraw_pin, last_login_ip, balance_hold) FROM stdin;
160	pbkdf2_sha256$720000$YsYvVZh0X06O7zlPiINQyG$QGdXoeFvB3HUB+yHE1vEAb6M++IDKcsoNtTRA9hZkbU=	\N	f	yupii			f	t	2026-03-29 22:26:06.987142+07	yupi@gmail.com		+628111222333	1200.00	0.00	f	asTTdHjZ	12	t	t	t	t	2026-03-29 22:26:06.987142+07	2026-04-04 08:57:18.883947+07	\N	\N	2400:9800:9b2:739f:780f:aead:6d56:f871	0.00
143	pbkdf2_sha256$720000$v6suYv2laHZRobKOu7KP8J$uyLBf8aPT4yPT6nIN3P0xivVDl3zMTmJWV2in9vruE8=	\N	f	usermmdn45w29595			f	t	2026-03-05 22:48:45.925117+07	user_mmdn45w2_j0cfrs@example.com	Yoh	+6287123456789	537696.00	149980000.00	f	FsujAzraD	1	t	t	t	t	2026-03-05 22:48:45.925117+07	2026-04-07 08:52:19.685161+07	2	\N	140.213.42.178	5000.00
164	pbkdf2_sha256$720000$KBuwPNkXYjikjzhvI7jUIy$oPBV3cy7YMuMYaS7HnHbBDNkAX2UZSKdiOLovFazYww=	\N	f	yoman			f	t	2026-04-01 00:20:10.544793+07	yuupi@gmail.com		+6281212121212	1100.00	0.00	f	85979532	1	t	t	t	t	2026-04-01 00:20:10.544793+07	2026-04-01 19:20:49.698607+07	\N	\N	118.99.123.9	0.00
167	pbkdf2_sha256$720000$wIZQm4hAHd2smOQ8TWvWKT$bF9eOTquuy8GosBgjfh1U+p1uslqxwwgyQ5zlaM2s1o=	\N	f	yunus			f	t	2026-04-01 22:25:39.111714+07	yunus123@gmail.com		+6280123456789	100.00	0.00	f	59342437	1	t	t	t	t	2026-04-01 22:25:39.111714+07	2026-04-01 22:37:15.138363+07	\N	\N	118.99.123.14	0.00
197	pbkdf2_sha256$720000$LTOvEwige19tdookWkjk5O$6qggqiix3f8ixs/GA7vDdEs0OtIeR8aLn8vIlqz/Jpk=	\N	f	A7			f	t	2026-04-04 11:45:13.539191+07	a7@gmail.com		+6282122425477	0.00	0.00	f	N7YF39	1	t	t	t	t	2026-04-04 11:45:13.539191+07	2026-04-04 11:45:13.740503+07	193	\N	118.99.123.10	0.00
163	pbkdf2_sha256$720000$udBp3qsCwH3Z3d8NBqkQzt$zbxgWF/vkJzXJgrFdSvvfbnyA6jB0fqw9/+7nqRN6HU=	\N	f	yupiiii			f	t	2026-03-30 22:36:57.699823+07	yayaya@gmail.com		+628111222666	0.00	0.00	f	98877762	1	t	t	t	t	2026-03-30 22:36:57.699823+07	2026-03-30 22:36:57.892322+07	161	\N	140.213.56.111	0.00
146	pbkdf2_sha256$720000$kiVndTMhTqwdvFqCnw62OH$dwbmbF68eHgXIvsvXkPAIXYQt4AFC0L0vidAMOt5XUs=	\N	f	usermmf3ak6e6789			f	t	2026-03-06 23:09:04.906345+07	user_mmf3ak6e_l9yw1m@example.com	usermmf3ak6e6789	+6288223456789	0.00	0.00	f	hASTJA29t	1	t	t	t	t	2026-03-06 23:09:04.906345+07	2026-03-06 23:09:05.193156+07	145	\N	140.213.44.231	0.00
194	pbkdf2_sha256$720000$QBcstPtyS1iDK0No0fQ48u$T9jxj11qHDZiHL2RGEpMvaf/iVYm8XikWAC8PZuJc0s=	\N	f	A4			f	t	2026-04-04 11:28:33.65041+07	a4@gmail.com		+6282122425473	43267.40	160000.00	f	ZV7F94	1	t	t	t	t	2026-04-04 11:28:33.65041+07	2026-04-04 11:32:20.954326+07	193	\N	118.99.123.10	0.00
156	pbkdf2_sha256$720000$ykvDRC1fDItA8t5bhpxy1t$vgA2dTQ4BEyqLgZmcW7WIuhVpYbrgIApHVTr6QDEovw=	\N	f	usermmg9q93c1789			f	t	2026-03-07 18:57:02.066567+07	user_mmg9q93c_zxo4ho@example.com	usermmg9q93c1789	+6281111111789	156600.00	42000.00	f	rBmnhW2S6	1	t	t	t	t	2026-03-07 18:57:02.066567+07	2026-03-07 18:59:06.744221+07	149	\N	140.213.219.64	87000.00
182	pbkdf2_sha256$720000$hl2YJarrhfOK5xpX4IdQBQ$Nbw0hl9wL1Xei2fw5HZKZKBY61SLSBupyowxLX+JffI=	\N	f	tesref3			f	t	2026-04-03 16:28:58.306419+07	tesref3@gmail.com		+6281234567813	0.00	0.00	f	45876682	1	t	t	t	t	2026-04-03 16:28:58.306419+07	2026-04-03 16:28:58.655065+07	178	\N	2400:9800:700:e5dd:dcdc:48e4:c6a9:a90d	0.00
200	pbkdf2_sha256$720000$VmTBCb7BJSBGMaLXx2NyeM$yrIrHI9rIhqFTV8uUfvPACwrivqS7MGawS6e5O36Fn0=	\N	f	A10			f	t	2026-04-04 11:57:26.76056+07	a10@gmail.com		+62821224254710	0.00	0.00	f	UK2NJL	1	t	t	t	t	2026-04-04 11:57:26.762814+07	2026-04-04 11:57:26.95777+07	191	\N	118.99.123.10	0.00
185	pbkdf2_sha256$720000$9uYJy2E1nvxk5mdyMm7pzc$BXVOZUdXha0xfSu0zFL3ocm+WdXak9MNa9UViBorWes=	\N	f	tesref6			f	t	2026-04-03 16:29:46.418926+07	tesref6@gmail.com		+6281234567816	0.00	0.00	f	32346683	1	t	t	t	t	2026-04-03 16:29:46.418926+07	2026-04-03 16:29:46.764783+07	178	\N	2400:9800:700:e5dd:dcdc:48e4:c6a9:a90d	0.00
188	pbkdf2_sha256$720000$7tUqMkdhPScrg1w2Q9IwPA$DeZNbWCmG/nOS+faDzZD/p3LPVBixvkFyLN04YCz2LE=	\N	f	tesref9			f	t	2026-04-03 16:34:21.577869+07	tesref9@gmail.com		+6281234567819	0.00	0.00	f	24334463	1	t	t	t	t	2026-04-03 16:34:21.577869+07	2026-04-03 16:34:21.916981+07	178	\N	2400:9800:700:e5dd:dcdc:48e4:c6a9:a90d	0.00
173	pbkdf2_sha256$720000$Nm2ZHNfTuuaJJz6Nj4FnIt$oyH+RNa5hYFCNcolK56tcW4ucH87N8/rz5SxknT4UHY=	\N	f	abdulqodir			f	t	2026-04-02 23:19:18.882502+07	qwmnbjhb@gmail.com		+6289191919191	788879.77	310000.00	f	74265699	16	t	t	t	t	2026-04-02 23:19:18.882502+07	2026-04-03 20:50:01.251285+07	2	\N	127.0.0.1	0.00
179	pbkdf2_sha256$720000$vDAGVfn7Z3HziGhQT20ZiZ$Z2MvEVYdzsbPKrfS4n7AZAIMoKW/TNr/i9xnoeXv5pU=	\N	f	testbersih2			f	t	2026-04-03 10:47:15.569002+07	testbersih2@gmail.com		+62895403400601	75111.43	0.00	f	53682475	1	t	t	t	t	2026-04-03 10:47:15.569002+07	2026-04-03 16:09:44.2079+07	178	\N	2400:9800:9b0:cc9e:f511:18eb:c0a2:3029	0.00
2	pbkdf2_sha256$720000$offc6cJngWoKyepAafPoVY$eeCmogT+Od4VhIJwZ9yRar8jXaCtuaj6N9IYHYhCm4w=	\N	f	vhtc695s6on396g7oxdo			f	t	2025-11-09 23:59:59.616716+07	k00rkthpl8@example.com	Yoyo	+6289595959595	16177211.48	408218365.00	f	dgj9yimajp	2	t	t	t	t	2025-11-09 23:59:59.616793+07	2026-04-07 08:52:19.802779+07	1	pbkdf2_sha256$720000$yanXvhM5jVTkCzDTCvAi9z$WkfMOGjdUtmULkqiofgll21JBLIZ36g+js0csU3np/4=	127.0.0.1	7500.00
203	pbkdf2_sha256$720000$fo7pz7MMpc50Ukk8vbn2Ph$odyDqtfbYUg2b0I+JsNePlvdKBzCEYYtUUZ6lQypOeQ=	\N	f	testsatu			f	t	2026-04-05 12:06:14.409874+07	testsatu@gmail.com		+6282122425451	13598.88	0.00	f	TVQHGJ	1	t	t	t	t	2026-04-05 12:06:14.409874+07	2026-04-05 12:08:53.785254+07	191	\N	140.213.218.178	0.00
153	pbkdf2_sha256$720000$M86yHBkIKwOYoCQoE2dAwY$4MPmENyqX9bHuSLjDAzaGHVmiwjGH89i5c9UkSbGFjw=	\N	f	usermmg9gumj6789			f	t	2026-03-07 18:49:43.310648+07	user_mmg9gumj_cljg7p@example.com	usermmg9gumj6789	+62811123456789	156600.00	42000.00	f	hCUVsPGZq	1	t	t	t	t	2026-03-07 18:49:43.310648+07	2026-03-07 18:51:19.101746+07	149	\N	118.99.123.15	87000.00
191	pbkdf2_sha256$720000$aY4pJNsAUqkhEGHzr2LRdJ$HCcTfxvd75256kqmXebqvCqutV+ap5C48l7whFCwkgc=	\N	f	A1			f	t	2026-04-04 09:33:24.927011+07	a1@gmail.com		+6282122425470	2026051.80	0.00	f	YASAGV	2	t	t	t	t	2026-04-04 09:33:24.928015+07	2026-04-09 20:01:28.634718+07	178	\N	2400:9800:821:661:ad7d:66c5:bd0f:80c1	0.00
149	pbkdf2_sha256$720000$s0bRc6FM0pi8q9v1azz1sD$iReHkS9V9ZSQRR02E3MUbvQNWuB1pUVEsRwWOtF+sWw=	\N	f	usermmg3ww4k6789			f	t	2026-03-07 16:14:14.100077+07	user_mmg3ww4k_tb07wt@example.com	Yayaya	+6281123456789	438654.00	649000.00	f	tpBpVgXR7	2	t	t	t	t	2026-03-07 16:14:14.100077+07	2026-04-07 08:52:19.366219+07	148	\N	140.213.58.204	456250.00
176	pbkdf2_sha256$720000$AOocs5hpKyyhiPwCBYAfX8$vxQDpsFQ1SCpSYq7Hakq0sba9DMLzkUlxgDiCJjoXxk=	\N	f	testtttttt			f	t	2026-04-03 10:22:29.609565+07	testtt@gmail.com		+6281808368214	62769.22	0.00	f	95423728	1	t	t	t	t	2026-04-03 10:22:29.609565+07	2026-04-03 10:25:41.191797+07	174	\N	118.99.123.10	0.00
152	pbkdf2_sha256$720000$iEd6HcIaflxp4B6PUNB4c8$5//xZxKoSrlxEkBX+M8F9Wb6aIdQcMflo8u4MCjWoEI=	\N	f	usermmg9f64j6789			f	t	2026-03-07 18:48:25.033663+07	user_mmg9f64j_v5a5yq@example.com	usermmg9f64j6789	+6281234456789	156600.00	42000.00	f	yk7QGNyEP	1	t	t	t	t	2026-03-07 18:48:25.033663+07	2026-03-07 18:49:03.606769+07	151	\N	140.213.219.64	87000.00
144	pbkdf2_sha256$720000$LM6A43hyrVW9nLwrEdtmNH$rY+yje3kNPO07oXfkK014hFyn4GPnV5W92J19ORY3jw=	\N	f	usermmegabt59696			f	t	2026-03-06 12:25:03.90877+07	user_mmegabt5_oehmnm@example.com	usermmegabt59696	+6289696969696	0.00	0.00	f	iiNgApqae	1	t	t	t	t	2026-03-06 12:25:03.90877+07	2026-03-06 12:25:04.221715+07	2	\N	127.0.0.1	0.00
161	pbkdf2_sha256$720000$QKfNKcQ3fdve1rK4EVskW7$51apVO3O6zvZ7rMuE50cFhYQFp7C+KxO44ZMIX1SH3o=	\N	f	yuppi			f	t	2026-03-29 22:40:17.706496+07	yuppi@gmail.com		+628111222444	2000.00	0.00	f	67867828	1	t	t	t	t	2026-03-29 22:40:17.706496+07	2026-03-30 23:06:03.343314+07	160	\N	2400:9800:7c2:efdc:f4e1:9880:662d:dd69	0.00
189	pbkdf2_sha256$720000$taXKdW4V7O6T07QhICH7jC$OsSz+z9pmJNAdHKlnDTWL9rB3r1YO9yuQfvJHutQSww=	\N	f	tesref10			f	t	2026-04-03 16:34:35.828508+07	tesref10@gmail.com		+62812345678110	0.00	0.00	f	22747448	1	t	t	t	t	2026-04-03 16:34:35.828508+07	2026-04-03 16:34:36.18271+07	178	\N	2400:9800:700:e5dd:dcdc:48e4:c6a9:a90d	0.00
165	pbkdf2_sha256$720000$eMO7h2vsALnVQY3adDGUUN$Eki4rhQAHsMf4lKIiJKdRAvPQZobnyytQJHmrtUjiiU=	\N	f	naga			f	t	2026-04-01 00:58:30.068252+07	naganaga@gmail.com		+62858394643191	0.00	0.00	f	97923885	1	t	t	t	t	2026-04-01 00:58:30.068252+07	2026-04-01 00:58:30.258056+07	164	\N	118.99.123.9	0.00
157	pbkdf2_sha256$720000$pd2qqY8dbRG96Fvk4Yz1eX$vOf2fUo+kEBxDqs2Siluw/P+4ByUD4Y9RsA+miHTl2s=	\N	f	usermmga6zyg1189			f	t	2026-03-07 19:10:03.283784+07	user_mmga6zyg_7gy6ry@example.com	usermmga6zyg1189	+6281111111189	156600.00	42000.00	f	4QrzUVe2L	1	t	t	t	t	2026-03-07 19:10:03.283784+07	2026-03-07 19:11:16.251552+07	149	\N	140.213.219.64	87000.00
174	pbkdf2_sha256$720000$3KJEbLdwfWlV6NN9sx0N4y$xXcbRdUALWCoQAZu19o1F/Bi3XspQRZhVhkL9YZfikA=	\N	f	testt			f	t	2026-04-03 10:09:29.402531+07	testttt@gmail.com		+6281808368212	186718.95	0.00	f	93244288	1	t	t	t	t	2026-04-03 10:09:29.402531+07	2026-04-07 10:32:24.750438+07	172	\N	118.99.123.10	0.00
147	pbkdf2_sha256$720000$Gwo9sLILWZ52GiQ1TRqoCl$1cx1AV7xBoDQj/W8H/3zyqr42+huQvl0coVN92STb2Q=	\N	f	usermmf3bgeb6789			f	t	2026-03-06 23:09:46.747162+07	user_mmf3bgeb_r1p8lu@example.com	usermmf3bgeb6789	+62883123456789	489345.00	480000.00	f	7otjfay9y	4	t	t	t	t	2026-03-06 23:09:46.747162+07	2026-04-07 08:52:19.489441+07	145	\N	127.0.0.1	5000.00
150	pbkdf2_sha256$720000$AXvXiBiUBkv1vnNZuAZIuq$9pVVyu7W6ONFkpI+CS/AvCwEZC/Qz/RT7fCeIAu+5PA=	\N	f	usermmg8v3u46789			f	t	2026-03-07 18:32:48.844096+07	user_mmg8v3u4_mhglkc@example.com	usermmg8v3u46789	+6281223456789	291228.00	9862000.00	f	wFrHARjDY	2	t	t	t	t	2026-03-07 18:32:48.844096+07	2026-04-07 08:52:19.300133+07	149	\N	140.213.219.64	87000.00
168	pbkdf2_sha256$720000$bUy9rZDDqcs0ukYpDSFuet$NLHKYlGQ89o92MspHru7z/7xJefWOVRVvUbEYNk5l+E=	\N	f	alditaher			f	t	2026-04-02 11:05:00.295025+07	alditaher@gmail.com		+62801123456789	1100.00	0.00	f	24446945	1	t	t	t	t	2026-04-02 11:05:00.295025+07	2026-04-02 11:32:20.726538+07	167	\N	2400:9800:702:4aeb:a94a:48e0:8d63:79df	0.00
198	pbkdf2_sha256$720000$3iBjiv0Sghu1rANlHUqE5d$XRlxJ4F6dZCgGvSVTB7J9UT2G2eD5Pbg2bvrdJ65BK0=	\N	f	A8			f	t	2026-04-04 11:46:15.81031+07	a8@gmail.com		+6282122425478	9119.97	0.00	f	TK24NQ	1	t	t	t	t	2026-04-04 11:46:15.81031+07	2026-04-04 11:48:05.59113+07	191	\N	118.99.123.10	0.00
192	pbkdf2_sha256$720000$6Jd94QZDsrQKmPGD2w3uLo$YXnnXni0gYWbMztoPGg3jQjblkiSMpvqyn5amKup7Rk=	\N	f	a2			f	t	2026-04-04 11:07:12.792153+07	a2@gmail.com		+6282122425471	190496.85	0.00	f	AG49KT	1	t	t	t	t	2026-04-04 11:07:12.792153+07	2026-04-07 16:18:13.560247+07	191	\N	2400:9800:9b0:9b1d:3cc1:bca1:9426:a073	0.00
195	pbkdf2_sha256$720000$FkAIYesqPwIXwcqACq6fKq$1jHSso9+/Kq+0A9FcBF0FRVmGTTZlYz2DWcEut9BxnI=	\N	f	A5			f	t	2026-04-04 11:33:37.679297+07	a5@gmail.com		+6282122425475	71865.89	0.00	f	BP2FX3	1	t	t	t	t	2026-04-04 11:33:37.679297+07	2026-04-04 11:38:58.600385+07	193	\N	118.99.123.10	0.00
171	pbkdf2_sha256$720000$s02mJ8AAIkEtpJWQY5AVY7$OuDFHQVzM6kCjOl4SHXZNdw1ovPFMX0zZYAlFtuwuKM=	\N	f	yakutz			f	t	2026-04-02 19:47:48.835159+07	yakutz@gmail.com		+62812345678888	0.00	0.00	f	92492548	1	t	t	t	t	2026-04-02 19:47:48.835159+07	2026-04-02 19:47:49.063286+07	168	\N	2400:9800:702:99c:5cd:c4a1:3030:4419	0.00
177	pbkdf2_sha256$720000$m9RZb3kfPEGwptz2GAwGMa$sakMtqwfghujhWwuHdd58PRQ4y5bH8Jc9xhlpfyZpTc=	\N	f	testttttttttt			f	t	2026-04-03 10:29:11.652034+07	testtttt@gmail.com		+6281808368215	13609.68	0.00	f	62527765	1	t	t	t	t	2026-04-03 10:29:11.652034+07	2026-04-04 17:55:30.477757+07	169	\N	118.99.123.10	0.00
183	pbkdf2_sha256$720000$LqttkWuNWpV4wT0MuKIkyK$egYufq7DzoEH3EV8awcGlZdfUJ52UF6yDR7cUZwuUfg=	\N	f	tesref4			f	t	2026-04-03 16:29:15.261925+07	tesref4@gmail.com		+6281234567814	0.00	0.00	f	98266324	1	t	t	t	t	2026-04-03 16:29:15.261925+07	2026-04-03 16:29:15.597742+07	178	\N	2400:9800:700:e5dd:dcdc:48e4:c6a9:a90d	0.00
186	pbkdf2_sha256$720000$umzViIt3O47aL2NxSIesY4$fWkFMiXCrMRuKlf4tImuFHbRMBqoszPyYncs8DeuA08=	\N	f	tesref7			f	t	2026-04-03 16:30:06.601644+07	tesref7@gmail.com		+6281234567817	0.00	0.00	f	73422954	1	t	t	t	t	2026-04-03 16:30:06.601644+07	2026-04-03 16:30:06.92678+07	178	\N	2400:9800:700:e5dd:dcdc:48e4:c6a9:a90d	0.00
180	pbkdf2_sha256$720000$kyVL5PaQBvNvHxINLwnsoP$AT7hrfDeUbojmmd741pBaqGPyIZwvad+FSnqVVVVFGs=	\N	f	tesref1			f	t	2026-04-03 16:28:05.4062+07	tesref1@gmail.com		+6281234567811	54656.41	0.00	f	92889687	16	t	t	t	t	2026-04-03 16:28:05.4062+07	2026-04-03 22:31:49.448421+07	178	\N	118.99.123.10	0.00
201	pbkdf2_sha256$720000$0CBwm0tjkpSxxhQjjlH8Um$49uvRALnovygIpW50bKQ8Cf+C8kKx0LpfcW/5OEmblg=	\N	f	A11			f	t	2026-04-04 11:58:43.796598+07	a11@gmail.com		+62821224254711	0.00	0.00	f	A2YUWQ	1	t	t	t	t	2026-04-04 11:58:43.796598+07	2026-04-04 11:58:43.99732+07	191	\N	118.99.123.10	0.00
154	pbkdf2_sha256$720000$Fv3trMyH0LfQxY0YxkjWo2$37MxAqVslWVtNFR3AGSDHF9SnWMjy8B6I40NAc4P3r0=	\N	f	usermmg9jj4t6789			f	t	2026-03-07 18:51:48.398209+07	user_mmg9jj4t_19sdvy@example.com	usermmg9jj4t6789	+62811113456789	156600.00	42000.00	f	nxMcyUz9E	1	t	t	t	t	2026-03-07 18:51:48.398209+07	2026-03-07 18:52:26.285821+07	149	\N	140.213.219.64	87000.00
175	pbkdf2_sha256$720000$0MigDhCSlHrbLT0UKgGOAT$GCUDFNGzxrMlFTxiFfiaq2KOwkwXgl6eEx0BvhmBIiU=	\N	f	testttt			f	t	2026-04-03 10:15:15.736421+07	testtttttt@gmail.com		+6281808368213	62891.35	0.00	f	53785975	1	t	t	t	t	2026-04-03 10:15:15.736421+07	2026-04-03 10:19:14.585754+07	174	\N	118.99.123.10	0.00
162	pbkdf2_sha256$720000$M5LiO2g7LyBLtSrNTWc7qC$fLd1tmcKfnpjqmmPW2aVJSBeVDQGGAtIqld+/ZpPYtE=	\N	f	yupi			f	t	2026-03-30 22:34:10.14233+07	yomand@gmail.com		+628111222555	0.00	0.00	f	74325962	1	t	t	t	t	2026-03-30 22:34:10.14233+07	2026-03-30 22:34:10.334383+07	161	\N	2400:9800:7c2:efdc:f4e1:9880:662d:dd69	0.00
202	pbkdf2_sha256$720000$Gov1G31XOZRCTmTg4H9vP0$AkTdYYmzTwDZq2vo/35N8Rgc4DSndtqXxvaCCOQqJ4o=	\N	f	Naga			f	t	2026-04-04 17:45:10.990328+07	naga@gmail.com		+62858731984611	0.00	0.00	f	5YHLT9	1	t	t	t	t	2026-04-04 17:45:10.990328+07	2026-04-04 17:45:11.208944+07	192	\N	118.99.123.10	0.00
193	pbkdf2_sha256$720000$gLWZ4Q5j4uVUgJh1Nv6ycX$KklJc1zNZrPkpQDqbvQg00TMYhprcdojWgSFxPBx+mY=	\N	f	a3			f	t	2026-04-04 11:21:23.119178+07	a3@gmail.com		+6282122425472	103312.10	10000.00	f	5U5SPH	1	t	t	t	t	2026-04-04 11:21:23.119178+07	2026-04-07 16:18:13.514211+07	192	\N	118.99.123.10	0.00
184	pbkdf2_sha256$720000$8lt0qC53FPN6VN45oNFK4Z$gmJWjPMZrccP7AU882Gkob8hF1mVoyAUDBpJVQDNtsg=	\N	f	tesref5			f	t	2026-04-03 16:29:30.65307+07	tesref5@gmail.com		+6281234567815	0.00	0.00	f	48389547	1	t	t	t	t	2026-04-03 16:29:30.654667+07	2026-04-03 16:29:30.972424+07	178	\N	2400:9800:700:e5dd:dcdc:48e4:c6a9:a90d	0.00
1	pbkdf2_sha256$720000$NnNQaokpLkzdw3Ibaz1S9O$PBCF19P0O1VIDjpT/XspA2z9C0tosnFmQqpPxlXGIzA=	2026-03-29 22:05:05.225494+07	t	admin			t	t	2025-11-09 23:04:12.870917+07	admin@example.com	Admin User	085100000000	15292841.74	0.00	f	59SFN2	1	t	t	t	t	2025-11-09 23:04:12.870942+07	2026-03-31 20:17:58.317091+07	\N	\N	\N	0.00
187	pbkdf2_sha256$720000$iZbyGZwZX7YK9iwubG3orI$b5mAWn+FVAg+rhrzQ/Zvrv/U6MlBAQyu9WCI/tLw5FA=	\N	f	tesref8			f	t	2026-04-03 16:30:20.424961+07	tesref8@gmail.com		+6281234567818	0.00	0.00	f	57326546	1	t	t	t	t	2026-04-03 16:30:20.424961+07	2026-04-03 16:30:20.778646+07	178	\N	2400:9800:700:e5dd:dcdc:48e4:c6a9:a90d	0.00
166	pbkdf2_sha256$720000$3YViqs3uNjYIpx3MntoblX$FerR6kA4iaqSiSdujsIhKkE4HLNw2ZOA7GGKVNe/R0U=	\N	f	jono			f	t	2026-04-01 18:44:22.25155+07	jono@gmail.com		+6281234567891	0.00	0.00	f	67269777	1	t	t	t	t	2026-04-01 18:44:22.25155+07	2026-04-01 18:44:22.453097+07	\N	\N	118.99.123.9	0.00
158	pbkdf2_sha256$720000$T6RWZG8slslfmFfZPrkPsf$4c4m2PIit1pZTvNbcbc6x8LxveaMuVHa2VsJ5IXSIL4=	\N	f	usermmgkyi1a1843			f	t	2026-03-08 00:11:20.696146+07	user_mmgkyi1a_s6eczi@example.com	usermmgkyi1a1843	+62857319731843	156600.00	42000.00	f	3Dmea2S2P	1	t	t	t	t	2026-03-08 00:11:20.696146+07	2026-03-08 00:12:43.84001+07	149	\N	118.99.123.15	87000.00
190	pbkdf2_sha256$720000$e7UTQ6uuh6Mw6MwWDcYtKW$G41o5QR48NoiB8oHUL8mDpdJTDRsaZtEnPi67B6hQag=	\N	f	testref14			f	t	2026-04-03 16:42:58.148806+07	testref14@gmail.com		+6281234567511	0.00	0.00	f	67842839	1	t	t	t	t	2026-04-03 16:42:58.148806+07	2026-04-03 16:42:58.58434+07	178	\N	2400:9800:700:e5dd:dcdc:48e4:c6a9:a90d	0.00
172	pbkdf2_sha256$720000$euCrVty3EcXYDHUHmIuOFK$n1Z9SSDQ4SZALaJPE+8HeTAU2CGH8ukDGQltk/PbIfs=	\N	f	test1			f	t	2026-04-02 20:58:16.769445+07	testt@gmail.com		+6281808368211	948351.90	0.00	f	58628979	1	t	t	t	t	2026-04-02 20:58:16.769445+07	2026-04-07 10:32:24.689883+07	169	\N	118.99.123.10	0.00
181	pbkdf2_sha256$720000$q9i1voqytn2YLV01QzDuqV$s9LQYeHqR1+lcNJ1ZKMd9hZEpB5hC2n754hMG5jj+q0=	\N	f	tesref2			f	t	2026-04-03 16:28:43.553171+07	tesref2@gmail.com		+6281234567812	54029.44	0.00	f	25396372	16	t	t	t	t	2026-04-03 16:28:43.553171+07	2026-04-03 22:35:51.87013+07	178	\N	118.99.123.10	0.00
178	pbkdf2_sha256$720000$E7Ctcsarei1zSY7na4Z9uN$3H385ap93GTt1kjiRVaiFnNh9ZmcJUlrVs+1Ykb1c4o=	\N	f	testbersih1			f	t	2026-04-03 10:40:46.124592+07	testbersih@gmail.com		+62895403400600	313171.08	0.00	f	47393446	2	t	t	t	t	2026-04-03 10:40:46.124592+07	2026-04-09 20:01:28.640647+07	169	\N	2400:9800:9b0:cc9e:f511:18eb:c0a2:3029	0.00
145	pbkdf2_sha256$720000$Lsi81G8NtufePgVwf6F4qo$DxDK6ifM4dil+BzoNPT/kcQyjP3wjhdJR5HuUYb6Y7E=	\N	f	usermmepcrvq6789			f	t	2026-03-06 16:38:55.031139+07	user_mmepcrvq_4sby6x@example.com	usermmepcrvq6789	+6288123456789	327239.00	99990000.00	f	XqXmfu5ce	1	t	t	t	t	2026-03-06 16:38:55.031139+07	2026-04-07 08:52:19.619631+07	143	\N	140.213.44.99	2500.00
151	pbkdf2_sha256$720000$8g6Q7dPRIfPdIrE6ElaTMm$787F7jWk+4u5DOSRUpM69p5pOmJLNs/7HDlVKm1h4dk=	\N	f	usermmg9bzx06789			f	t	2026-03-07 18:45:57.010072+07	user_mmg9bzx0_eia4zf@example.com	usermmg9bzx06789	+6281233456789	183570.00	42000.00	f	Q5QCJwzNg	1	t	t	t	t	2026-03-07 18:45:57.010072+07	2026-04-07 08:52:19.239005+07	150	\N	140.213.219.64	87000.00
169	pbkdf2_sha256$720000$FKBDU3t3CY9IPP9AOZsThd$KbEkE7eu3ZU4VVsrunSjJQg48Zjw9mUOdcaHYKoyVPs=	\N	f	test			f	t	2026-04-02 19:44:50.402452+07	test@gmail.com		+6281808368210	268146.39	0.00	f	67487674	6	t	t	t	t	2026-04-02 19:44:50.402452+07	2026-04-09 20:01:28.675954+07	168	\N	2400:9800:9b0:cc9e:f511:18eb:c0a2:3029	0.00
196	pbkdf2_sha256$720000$tnBzj0pPJNdzFYYRhs1Lh8$EkUH3fXXj2q8F//YvbSA8Pfj0VaQfy+SeMYL6dOzTK0=	\N	f	A6			f	t	2026-04-04 11:43:27.76901+07	a6@gmail.com		+6282122425476	0.00	0.00	f	D5AZER	1	t	t	t	t	2026-04-04 11:43:27.76901+07	2026-04-04 11:43:27.968145+07	193	\N	118.99.123.10	0.00
148	pbkdf2_sha256$720000$o17BuiZgxNcjnLfuDB9DxV$ttS+jpLW2xC/ZLEP1VQfuO2taR3FSx2pj9RVI9nKZNs=	\N	f	usermmfdhfno6789			f	t	2026-03-07 03:54:22.378324+07	user_mmfdhfno_6vdcfz@example.com	usermmfdhfno6789	+6289123456789	395692.00	9611000.00	f	cCXorm82U	2	t	t	t	t	2026-03-07 03:54:22.378324+07	2026-04-07 08:52:19.371082+07	147	\N	140.213.58.204	144700.00
199	pbkdf2_sha256$720000$CcNcTaFV8OeylqD4vYJ2od$PzB9TuSrw2YJ08KwL71j3skCs8vLEcGIBaJ/FyzP0hU=	\N	f	A9			f	t	2026-04-04 11:51:13.417655+07	a9@gmail.com		+6282122425479	9292.57	0.00	f	97C3HU	1	t	t	t	t	2026-04-04 11:51:13.417655+07	2026-04-04 11:52:17.719015+07	191	\N	118.99.123.10	0.00
155	pbkdf2_sha256$720000$TFD56CtHO6MlutMtFFre7L$cp0Q1R1UaBQwRypIRMiIO5TMGZCJLIJC0PB0esKmY38=	\N	f	usermmg9lrjo6789			f	t	2026-03-07 18:53:32.747938+07	user_mmg9lrjo_uvu4ek@example.com	usermmg9lrjo6789	+62811111456789	156600.00	42000.00	f	YLoL75kQe	1	t	t	t	t	2026-03-07 18:53:32.747938+07	2026-03-07 18:54:27.464706+07	149	\N	140.213.219.64	87000.00
\.


--
-- Data for Name: accounts_user_groups; Type: TABLE DATA; Schema: public; Owner: postgres
--

COPY public.accounts_user_groups (id, user_id, group_id) FROM stdin;
\.


--
-- Data for Name: accounts_user_user_permissions; Type: TABLE DATA; Schema: public; Owner: postgres
--

COPY public.accounts_user_user_permissions (id, user_id, permission_id) FROM stdin;
\.


--
-- Data for Name: accounts_useraddress; Type: TABLE DATA; Schema: public; Owner: postgres
--

COPY public.accounts_useraddress (id, recipient_name, phone_number, address_details, house_number, is_primary, created_at, updated_at, user_id) FROM stdin;
\.


--
-- Data for Name: attendance_bonus_claims; Type: TABLE DATA; Schema: public; Owner: postgres
--

COPY public.attendance_bonus_claims (id, bonus_type, claimed_for_streak, cycle_index, amount, created_at, user_id) FROM stdin;
\.


--
-- Data for Name: attendance_logs; Type: TABLE DATA; Schema: public; Owner: postgres
--

COPY public.attendance_logs (id, date, streak_count, amount, created_at, user_id) FROM stdin;
1	2025-11-10	1	1204.19	2025-11-10 00:00:40.839336+07	2
7	2025-11-30	1	472.40	2025-11-30 03:02:02.681395+07	2
19	2025-12-06	1	500.00	2025-12-06 22:41:57.322738+07	2
20	2025-12-07	2	500.00	2025-12-07 00:58:21.670796+07	2
24	2025-12-08	3	1000.00	2025-12-08 09:47:51.779024+07	2
25	2025-12-24	1	1000.00	2025-12-24 05:05:14.207749+07	2
26	2026-01-10	1	1000.00	2026-01-10 15:53:50.873835+07	2
27	2026-01-11	2	1000.00	2026-01-11 02:54:47.560879+07	2
32	2026-01-12	3	300.00	2026-01-12 11:59:38.216978+07	2
42	2026-01-24	1	100.00	2026-01-24 13:22:03.688346+07	2
48	2026-02-16	1	1123.14	2026-02-16 17:02:21.214231+07	2
49	2026-02-17	2	1025.49	2026-02-17 01:47:08.895393+07	2
54	2026-02-19	1	201.09	2026-02-19 01:41:19.934087+07	2
63	2026-03-02	1	345.65	2026-03-02 17:17:28.205196+07	2
64	2026-03-04	1	364.68	2026-03-04 01:37:20.632785+07	2
65	2026-03-05	2	1000.00	2026-03-05 20:29:05.034674+07	2
66	2026-03-05	1	1000.00	2026-03-05 23:40:13.446803+07	143
67	2026-03-06	1	1000.00	2026-03-06 16:41:57.160373+07	145
68	2026-03-06	1	1000.00	2026-03-06 23:12:54.817122+07	147
69	2026-03-07	2	1000.00	2026-03-07 00:10:00.75048+07	147
70	2026-03-07	1	1000.00	2026-03-07 03:55:19.41028+07	148
71	2026-03-07	1	1000.00	2026-03-07 16:31:20.330128+07	149
72	2026-03-07	1	1000.00	2026-03-07 18:41:16.129989+07	150
73	2026-03-07	1	1000.00	2026-03-07 22:28:10.689181+07	2
74	2026-03-08	2	1000.00	2026-03-08 00:08:06.515739+07	149
75	2026-03-30	1	1000.00	2026-03-30 14:27:01.310453+07	2
76	2026-03-30	1	1000.00	2026-03-30 23:00:28.810832+07	161
77	2026-03-31	1	100.00	2026-03-31 20:17:58.318646+07	1
78	2026-03-31	2	150.00	2026-03-31 20:23:45.208581+07	2
79	2026-04-01	3	50.00	2026-04-01 00:02:23.058072+07	2
80	2026-04-01	1	100.00	2026-04-01 00:31:06.984239+07	164
81	2026-04-01	1	100.00	2026-04-01 19:16:28.676084+07	160
82	2026-04-01	1	100.00	2026-04-01 22:37:15.139893+07	167
83	2026-04-02	4	200.00	2026-04-02 07:27:16.226467+07	2
84	2026-04-02	1	100.00	2026-04-02 11:29:30.962097+07	168
85	2026-04-02	1	100.00	2026-04-02 20:30:35.571615+07	169
86	2026-04-02	1	100.00	2026-04-02 23:19:50.007388+07	173
87	2026-04-03	2	150.00	2026-04-03 08:49:13.672577+07	169
88	2026-04-03	1	100.00	2026-04-03 09:52:00.8176+07	172
89	2026-04-03	1	100.00	2026-04-03 10:41:46.358049+07	178
90	2026-04-03	1	100.00	2026-04-03 12:53:20.882704+07	179
91	2026-04-03	1	100.00	2026-04-03 22:35:34.069813+07	181
92	2026-04-04	2	150.00	2026-04-04 08:50:07.674984+07	178
93	2026-04-04	1	100.00	2026-04-04 08:57:18.883947+07	160
94	2026-04-04	3	50.00	2026-04-04 09:15:43.671437+07	169
95	2026-04-04	1	100.00	2026-04-04 10:11:55.89658+07	191
96	2026-04-04	1	100.00	2026-04-04 11:07:39.770681+07	192
97	2026-04-04	1	100.00	2026-04-04 11:29:07.375299+07	194
98	2026-04-04	1	100.00	2026-04-04 18:02:16.418273+07	2
\.


--
-- Data for Name: attendance_settings; Type: TABLE DATA; Schema: public; Owner: postgres
--

COPY public.attendance_settings (id, balance_source, reward_type, fixed_amount, min_amount, max_amount, consecutive_bonus_enabled, bonus_7_days, bonus_30_days, is_active, created_at, updated_at, rank_rewards, daily_cycle_days, daily_rewards, bonus_claim_separate_enabled) FROM stdin;
3	balance	daily	0.00	0.00	0.00	t	15000.00	0.00	t	2026-01-12 00:48:57.051622+07	2026-04-04 08:58:35.632706+07	{}	14	{"1": 100.0, "2": 150.0, "3": 50.0, "4": 200.0, "5": 75.0, "6": 120.0, "7": 135.0, "8": 190.0, "9": 90.0, "10": 155.0, "11": 270.0, "12": 160.0, "13": 60.0, "14": 140.0}	t
\.


--
-- Data for Name: auth_group; Type: TABLE DATA; Schema: public; Owner: postgres
--

COPY public.auth_group (id, name) FROM stdin;
\.


--
-- Data for Name: auth_group_permissions; Type: TABLE DATA; Schema: public; Owner: postgres
--

COPY public.auth_group_permissions (id, group_id, permission_id) FROM stdin;
\.


--
-- Data for Name: auth_permission; Type: TABLE DATA; Schema: public; Owner: postgres
--

COPY public.auth_permission (id, name, content_type_id, codename) FROM stdin;
1	Can add log entry	1	add_logentry
2	Can change log entry	1	change_logentry
3	Can delete log entry	1	delete_logentry
4	Can view log entry	1	view_logentry
5	Can add permission	2	add_permission
6	Can change permission	2	change_permission
7	Can delete permission	2	delete_permission
8	Can view permission	2	view_permission
9	Can add group	3	add_group
10	Can change group	3	change_group
11	Can delete group	3	delete_group
12	Can view group	3	view_group
13	Can add content type	4	add_contenttype
14	Can change content type	4	change_contenttype
15	Can delete content type	4	delete_contenttype
16	Can view content type	4	view_contenttype
17	Can add session	5	add_session
18	Can change session	5	change_session
19	Can delete session	5	delete_session
20	Can view session	5	view_session
21	Can add Token	6	add_token
22	Can change Token	6	change_token
23	Can delete Token	6	delete_token
24	Can view Token	6	view_token
25	Can add Token	7	add_tokenproxy
26	Can change Token	7	change_tokenproxy
27	Can delete Token	7	delete_tokenproxy
28	Can view Token	7	view_tokenproxy
29	Can add User	8	add_user
30	Can change User	8	change_user
31	Can delete User	8	delete_user
32	Can view User	8	view_user
33	Can add General Setting	9	add_generalsetting
34	Can change General Setting	9	change_generalsetting
35	Can delete General Setting	9	delete_generalsetting
36	Can view General Setting	9	view_generalsetting
37	Can add Rank Level	10	add_ranklevel
38	Can change Rank Level	10	change_ranklevel
39	Can delete Rank Level	10	delete_ranklevel
40	Can view Rank Level	10	view_ranklevel
41	Can add product	11	add_product
42	Can change product	11	change_product
43	Can delete product	11	delete_product
44	Can view product	11	view_product
45	Can add transaction	12	add_transaction
46	Can change transaction	12	change_transaction
47	Can delete transaction	12	delete_transaction
48	Can view transaction	12	view_transaction
49	Can add investment	13	add_investment
50	Can change investment	13	change_investment
51	Can delete investment	13	delete_investment
52	Can view investment	13	view_investment
53	Can add claim history	14	add_claimhistory
54	Can change claim history	14	change_claimhistory
55	Can delete claim history	14	delete_claimhistory
56	Can view claim history	14	view_claimhistory
57	Can add user product purchase	15	add_userproductpurchase
58	Can change user product purchase	15	change_userproductpurchase
59	Can delete user product purchase	15	delete_userproductpurchase
60	Can view user product purchase	15	view_userproductpurchase
61	Can add attendance settings	16	add_attendancesettings
62	Can change attendance settings	16	change_attendancesettings
63	Can delete attendance settings	16	delete_attendancesettings
64	Can view attendance settings	16	view_attendancesettings
65	Can add attendance log	17	add_attendancelog
66	Can change attendance log	17	change_attendancelog
67	Can delete attendance log	17	delete_attendancelog
68	Can view attendance log	17	view_attendancelog
69	Can add voucher	18	add_voucher
70	Can change voucher	18	change_voucher
71	Can delete voucher	18	delete_voucher
72	Can view voucher	18	view_voucher
73	Can add voucher usage	19	add_voucherusage
74	Can change voucher usage	19	change_voucherusage
75	Can delete voucher usage	19	delete_voucherusage
76	Can view voucher usage	19	view_voucherusage
77	Can add mission	20	add_mission
78	Can change mission	20	change_mission
79	Can delete mission	20	delete_mission
80	Can view mission	20	view_mission
81	Can add mission user state	21	add_missionuserstate
82	Can change mission user state	21	change_missionuserstate
83	Can delete mission user state	21	delete_missionuserstate
84	Can view mission user state	21	view_missionuserstate
85	Can add bank	22	add_bank
86	Can change bank	22	change_bank
87	Can delete bank	22	delete_bank
88	Can view bank	22	view_bank
89	Can add user bank	23	add_userbank
90	Can change user bank	23	change_userbank
91	Can delete user bank	23	delete_userbank
92	Can view user bank	23	view_userbank
93	Can add Bank Settings	24	add_banksettings
94	Can change Bank Settings	24	change_banksettings
95	Can delete Bank Settings	24	delete_banksettings
96	Can view Bank Settings	24	view_banksettings
97	Can add withdrawal settings	25	add_withdrawalsettings
98	Can change withdrawal settings	25	change_withdrawalsettings
99	Can delete withdrawal settings	25	delete_withdrawalsettings
100	Can view withdrawal settings	25	view_withdrawalsettings
101	Can add withdrawal	26	add_withdrawal
102	Can change withdrawal	26	change_withdrawal
103	Can delete withdrawal	26	delete_withdrawal
104	Can view withdrawal	26	view_withdrawal
105	Can add Withdrawal Jayapay	27	add_withdrawaljayapay
106	Can change Withdrawal Jayapay	27	change_withdrawaljayapay
107	Can delete Withdrawal Jayapay	27	delete_withdrawaljayapay
108	Can view Withdrawal Jayapay	27	view_withdrawaljayapay
109	Can add Gateway Settings	28	add_gatewaysettings
110	Can change Gateway Settings	28	change_gatewaysettings
111	Can delete Gateway Settings	28	delete_gatewaysettings
112	Can view Gateway Settings	28	view_gatewaysettings
113	Can add deposit	29	add_deposit
114	Can change deposit	29	change_deposit
115	Can delete deposit	29	delete_deposit
116	Can view deposit	29	view_deposit
117	Can add support link	30	add_supportlink
118	Can change support link	30	change_supportlink
119	Can delete support link	30	delete_supportlink
120	Can view support link	30	view_supportlink
121	Can add news	31	add_news
122	Can change news	31	change_news
123	Can delete news	31	delete_news
124	Can view news	31	view_news
125	Can add jayapay withdrawal	32	add_jayapaywithdrawal
126	Can change jayapay withdrawal	32	change_jayapaywithdrawal
127	Can delete jayapay withdrawal	32	delete_jayapaywithdrawal
128	Can view jayapay withdrawal	32	view_jayapaywithdrawal
129	Can add support chat thread	33	add_supportchatthread
130	Can change support chat thread	33	change_supportchatthread
131	Can delete support chat thread	33	delete_supportchatthread
132	Can view support chat thread	33	view_supportchatthread
133	Can add support chat message	34	add_supportchatmessage
134	Can change support chat message	34	change_supportchatmessage
135	Can delete support chat message	34	delete_supportchatmessage
136	Can view support chat message	34	view_supportchatmessage
137	Can add User Address	35	add_useraddress
138	Can change User Address	35	change_useraddress
139	Can delete User Address	35	delete_useraddress
140	Can view User Address	35	view_useraddress
141	Can add Phone OTP	36	add_phoneotp
142	Can change Phone OTP	36	change_phoneotp
143	Can delete Phone OTP	36	delete_phoneotp
144	Can view Phone OTP	36	view_phoneotp
145	Can add Decode API Response	37	add_admindecodetool
146	Can change Decode API Response	37	change_admindecodetool
147	Can delete Decode API Response	37	delete_admindecodetool
148	Can view Decode API Response	37	view_admindecodetool
149	Can add withdrawal service	38	add_withdrawalservice
150	Can change withdrawal service	38	change_withdrawalservice
151	Can delete withdrawal service	38	delete_withdrawalservice
152	Can view withdrawal service	38	view_withdrawalservice
153	Can add attendance bonus claim	39	add_attendancebonusclaim
154	Can change attendance bonus claim	39	change_attendancebonusclaim
155	Can delete attendance bonus claim	39	delete_attendancebonusclaim
156	Can view attendance bonus claim	39	view_attendancebonusclaim
157	Can add roulette prize	40	add_rouletteprize
158	Can change roulette prize	40	change_rouletteprize
159	Can delete roulette prize	40	delete_rouletteprize
160	Can view roulette prize	40	view_rouletteprize
161	Can add roulette settings	41	add_roulettesettings
162	Can change roulette settings	41	change_roulettesettings
163	Can delete roulette settings	41	delete_roulettesettings
164	Can view roulette settings	41	view_roulettesettings
165	Can add roulette ticket wallet	42	add_rouletteticketwallet
166	Can change roulette ticket wallet	42	change_rouletteticketwallet
167	Can delete roulette ticket wallet	42	delete_rouletteticketwallet
168	Can view roulette ticket wallet	42	view_rouletteticketwallet
169	Can add roulette ticket ledger	43	add_rouletteticketledger
170	Can change roulette ticket ledger	43	change_rouletteticketledger
171	Can delete roulette ticket ledger	43	delete_rouletteticketledger
172	Can view roulette ticket ledger	43	view_rouletteticketledger
173	Can add roulette spin	44	add_roulettespin
174	Can change roulette spin	44	change_roulettespin
175	Can delete roulette spin	44	delete_roulettespin
176	Can view roulette spin	44	view_roulettespin
177	Can add Profit Holiday Settings	45	add_profitholidaysettings
178	Can change Profit Holiday Settings	45	change_profitholidaysettings
179	Can delete Profit Holiday Settings	45	delete_profitholidaysettings
180	Can view Profit Holiday Settings	45	view_profitholidaysettings
\.


--
-- Data for Name: authtoken_token; Type: TABLE DATA; Schema: public; Owner: postgres
--

COPY public.authtoken_token (key, created, user_id) FROM stdin;
b34aaf6c0a7554965ce6ac11fec7f23fbccfa8f6	2025-11-09 23:59:59.769637+07	2
29f6936ff80b16702074da9d02afde1b5403c075	2026-03-05 22:48:46.132061+07	143
37a6a7dd7c81081df9cd351081dfb6b72ca7fa99	2026-03-06 12:25:04.263406+07	144
de8f87b52f560070df321d861396fd17e7e47d35	2026-03-06 16:38:55.37104+07	145
0808238427f44b875c1cc6506c39b15368ec6519	2026-03-06 23:09:05.285065+07	146
776e7692bc19c19d3812bdf6dfc9caf1935f5a9d	2026-03-06 23:09:47.03726+07	147
3ff7f1d0bf774b912554d7a2bbcb9432e974b44d	2026-03-07 03:54:22.704467+07	148
331b7788d17bd3c7ccb8066f0b7a02e77ef4cf2b	2026-03-07 16:14:14.425039+07	149
e5853e82e9e7483c0432b6be885f1ee516899fba	2026-03-07 18:32:49.191412+07	150
96e48d8f4a034d3554349e57aead2d77c78c0546	2026-03-07 18:45:57.296415+07	151
e4548ef8aa661091379af84370f6e3c0ffcb25fb	2026-03-07 18:48:25.360195+07	152
8645cfefe404275507a6d86cc7d42c6e6aa2ba88	2026-03-07 18:49:43.673884+07	153
6ce118f659d316133fef93e8d6345e481f3b449d	2026-03-07 18:51:48.680106+07	154
a3e72491b8507a8f62fa8bc1d86f4c9595f65958	2026-03-07 18:53:33.047481+07	155
0e489e3109d4776d92272a0136843a23815e1073	2026-03-07 18:57:02.391148+07	156
eb2333bf1e71aaf89353b53411e43c8d84063e7b	2026-03-07 19:10:03.579921+07	157
2c262c2ef033b5e8ce67eaeb154a0cabb2bcb068	2026-03-08 00:11:20.980939+07	158
80d97f25b3d32a236ee10cc2e4098edf4b766b20	2026-03-29 22:26:07.217092+07	160
a6e9f9b56c8139a38eb438a7d2c4d649cb680e32	2026-03-29 22:40:17.908633+07	161
760bb53311ae2f56391dde6d03c69ee5df097751	2026-03-30 22:34:10.357287+07	162
830edf6259310b6c57c7340c8d696b2e9b3afb53	2026-03-30 22:36:57.904105+07	163
d02f906ef55aabf1904fb6cc1e072fd7731688eb	2026-04-01 00:20:10.759825+07	164
db578d09192b56829d904406ee10b0304f22e59c	2026-04-01 00:58:30.270355+07	165
63ddc6ebf527f5ff2a180b106cdd05dc3dc79e88	2026-04-01 18:44:22.471666+07	166
259cfc99f744a66b5c53b228f954e28201f17228	2026-04-01 22:25:39.348167+07	167
aaebd374a563323bd04a777cf4851ac83c459f20	2026-04-02 11:05:00.516607+07	168
171f71d46d4cecf4774bbe93d964c96cb2ba0b89	2026-04-02 19:44:50.646949+07	169
d788eed86d907c9681bed297e1876d4ab7fd8084	2026-04-02 19:47:49.077377+07	171
d237feb3edb29a5a1bf20864c7b87a7c06ac1a90	2026-04-02 20:58:16.971656+07	172
9f3c5667e34944ef8d76f9dce8e2d7f07d73330a	2026-04-02 23:19:19.238395+07	173
44df99bee350446175dee1cccd4f2bbb5ccd4785	2026-04-03 10:09:29.638218+07	174
b089ded467bbe4e6886e683c493910ce9d7b0d33	2026-04-03 10:15:15.961184+07	175
a71886a37c4bcac2c2b24bceb7a02d78b980bfac	2026-04-03 10:22:29.812721+07	176
fabd5d21ff74459c02ed72092882d1d700604dad	2026-04-03 10:29:11.871528+07	177
5d09089dd436cf37862fde2eeb94ccd916a9cddf	2026-04-03 10:40:46.387113+07	178
c30b028376b5f08770c8351143238b509d80daed	2026-04-03 10:47:15.77341+07	179
a21a507d5cf7898e5d5d1d1fa72f54860737aebf	2026-04-03 16:28:05.75232+07	180
b997f44633e3451ebea65b3fbe3f0aa60124087d	2026-04-03 16:28:43.891772+07	181
4624abd43590b81779813841e85ae7f3fa50a406	2026-04-03 16:28:58.670537+07	182
09b2552cfcada4ad895a7c3cc4a9b3c0e820ce62	2026-04-03 16:29:15.614473+07	183
fdd810f60d4b6ada781f1e2b2f8c51775faa753c	2026-04-03 16:29:30.988088+07	184
39a76f4671dac67d71e50c5768d8ed273c583b02	2026-04-03 16:29:46.779761+07	185
a5c3f21ef5e963217d538491ffef9dd25b0a578a	2026-04-03 16:30:06.943843+07	186
f36dd94d475b490f928db43ab109117ad4328cdb	2026-04-03 16:30:20.794594+07	187
25239e6a4d1a94eca8bac2ee569d6a06eb4f5af5	2026-04-03 16:34:21.929935+07	188
b340ddf2493b3b174fe3f20f3c91ba5a54cbeaa0	2026-04-03 16:34:36.194828+07	189
cba8c94d27733b1461106f2afcc318cdce6a8b05	2026-04-03 16:42:58.59682+07	190
2c15cbb548e1109d488c429bf16658ba50379c8a	2026-04-04 09:33:25.146386+07	191
fa6aaedda2b27a34242461a40fcbace0b1fbbb30	2026-04-04 11:07:13.020505+07	192
7cab3d2713638028d6a67666a8821663d0e4b015	2026-04-04 11:21:23.324412+07	193
6a131e4f3ceff24c584679f7e9e8c46bed678d88	2026-04-04 11:28:33.855671+07	194
30099caa950ba5cc8fa5a00533e015fc9d837e5b	2026-04-04 11:33:37.885119+07	195
04328dc52071083b1da37260e69525cc0ddd1399	2026-04-04 11:43:27.976737+07	196
2ea3bc05d1ec3ec0c2f16fcc666ec325cc9de1c8	2026-04-04 11:45:13.752687+07	197
6c296ab19a076177403e7be5c7902b10c0972c7a	2026-04-04 11:46:16.017452+07	198
6cb14f154d10f7d53bbcfa5932087f26f1598987	2026-04-04 11:51:13.640996+07	199
54925ef872d6ce02b54b2ba3c0765c15776a8fc1	2026-04-04 11:57:26.970205+07	200
5b4d8fb8d713db3ce498487db04fa3cdf7011dbb	2026-04-04 11:58:44.007923+07	201
9e890e99f2a2850cdcf114b24716a1e9ba241b8f	2026-04-04 17:45:11.23196+07	202
40e9088254c5471dedaa8ea37048477a7d3fc522	2026-04-05 12:06:14.833107+07	203
\.


--
-- Data for Name: bank_settings; Type: TABLE DATA; Schema: public; Owner: postgres
--

COPY public.bank_settings (id, max_banks_per_user, created_at, updated_at) FROM stdin;
1	1	2025-10-23 17:11:59.530568+07	2026-02-17 10:45:57.414126+07
\.


--
-- Data for Name: banks; Type: TABLE DATA; Schema: public; Owner: postgres
--

COPY public.banks (id, code, name, is_active, logo, min_withdrawal, max_withdrawal, withdrawal_fee, processing_time, created_at, updated_at, withdrawal_fee_fixed) FROM stdin;
64	AGL	Anglomas Internasional Bank	t	\N	25000.00	1000000000.00	3.00	1	2026-03-27 21:53:01.546025+07	2026-03-31 23:15:41.723032+07	6500.00
65	AGR	Bank Agris	t	\N	25000.00	1000000000.00	3.00	1	2026-03-27 21:53:17.064999+07	2026-03-31 23:15:53.96763+07	6500.00
66	ALFN	Bank Alfindo (Bank National Nobu)	t	\N	25000.00	100000000000.00	3.00	1	2026-03-27 21:53:57.368698+07	2026-03-31 23:16:54.164705+07	6500.00
96	OVO	OVO	t	\N	25000.00	10000000000.00	3.00	1	2026-03-27 22:02:52.649682+07	2026-03-31 23:33:10.282763+07	6500.00
67	ANZ	Bank ANZ Indonesia	t	\N	25000.00	1000000000.00	3.00	1	2026-03-27 21:54:17.035747+07	2026-03-31 23:28:57.779701+07	6500.00
69	ARGI	Bank Artha Graha Internasional	t	\N	25000.00	10000000.00	3.00	1	2026-03-27 21:55:09.978678+07	2026-03-31 23:29:13.176666+07	6500.00
68	ART	Bank Artha Niaga	t	\N	25000.00	10000000000.00	3.00	1	2026-03-27 21:54:48.830968+07	2026-03-31 23:29:21.95945+07	6500.00
70	ARTS	Bank Artos IND	t	\N	25000.00	1000000.00	3.00	1	2026-03-27 21:55:22.666215+07	2026-03-31 23:29:29.613507+07	6500.00
71	BCA	Bank BCA	t	\N	25000.00	10000000.00	3.00	1	2026-03-27 21:55:45.00073+07	2026-03-31 23:29:38.612631+07	6500.00
72	BCAS	Bank BCA Syariah	t	\N	25000.00	100000000.00	3.00	1	2026-03-27 21:56:06.362065+07	2026-03-31 23:29:46.709155+07	6500.00
73	BJB	Bank BJB Syariah	t	\N	25000.00	1000000000.00	3.00	1	2026-03-27 21:56:26.960055+07	2026-03-31 23:29:55.494396+07	6500.00
74	BNI	Bank BNI	t	\N	25000.00	1000000000.00	3.00	1	2026-03-27 21:56:36.41569+07	2026-03-31 23:30:04.051694+07	6500.00
75	BNIS	Bank BNI Syariah	t	\N	25000.00	1000000000.00	3.00	1	2026-03-27 21:56:49.859998+07	2026-03-31 23:30:11.981388+07	6500.00
76	BNPI	Bank BNP Paribas Indonesia	t	\N	25000.00	1000000000.00	3.00	1	2026-03-27 21:57:10.862843+07	2026-03-31 23:30:19.689329+07	6500.00
77	BRI	Bank BRI	t	\N	25000.00	100000000.00	3.00	1	2026-03-27 21:57:24.396247+07	2026-03-31 23:30:33.113922+07	6500.00
78	BKP	Bank Bukopin	t	\N	25000.00	10000000000.00	3.00	1	2026-03-27 21:57:37.863133+07	2026-03-31 23:30:40.509234+07	6500.00
79	CIMB	Bank CIMB Niaga	t	\N	25000.00	1000000000.00	3.00	1	2026-03-27 21:57:52.995326+07	2026-03-31 23:30:47.911725+07	6500.00
80	DNM	Bank Danamon	t	\N	25000.00	10000000000.00	3.00	1	2026-03-27 21:58:12.319508+07	2026-03-31 23:30:55.427935+07	6500.00
81	DBS	Bank DBS Indonesia	t	\N	25000.00	1000000000.00	3.00	1	2026-03-27 21:58:29.443778+07	2026-03-31 23:31:07.320925+07	6500.00
82	DKI	Bank DKI	t	\N	25000.00	100000000.00	3.00	1	2026-03-27 21:58:58.152185+07	2026-03-31 23:31:15.527249+07	6500.00
83	JTM	Bank Jatim	t	\N	25000.00	100000000.00	3.00	1	2026-03-27 21:59:25.103883+07	2026-03-31 23:31:23.709937+07	6500.00
84	MDR	Bank Mandiri	t	\N	25000.00	100000000000.00	3.00	1	2026-03-27 21:59:42.737486+07	2026-03-31 23:31:32.439884+07	6500.00
85	MYB	Bank Maybank Indocorp	t	\N	25000.00	10000000000.00	3.00	1	2026-03-27 22:00:05.27683+07	2026-03-31 23:31:41.217349+07	6500.00
86	MYR	Bank Mayora Indonesia	t	\N	25000.00	1000000000.00	3.00	1	2026-03-27 22:00:19.052491+07	2026-03-31 23:31:49.37628+07	6500.00
87	MGA	Bank Mega	t	\N	25000.00	10000000000.00	3.00	1	2026-03-27 22:00:32.413883+07	2026-03-31 23:31:57.857742+07	6500.00
88	OCBC	Bank OCBC NISP	t	\N	25000.00	10000000000.00	3.00	1	2026-03-27 22:00:46.606971+07	2026-03-31 23:32:05.837577+07	6500.00
89	SNM	Bank Sinarmas	t	\N	25000.00	1000000000.00	3.00	1	2026-03-27 22:01:01.639121+07	2026-03-31 23:32:14.476897+07	6500.00
90	BTN	Bank Tabungan Negara	t	\N	25000.00	10000000000.00	3.00	1	2026-03-27 22:01:21.460895+07	2026-03-31 23:32:22.370091+07	6500.00
91	BTPN	Bank Tabungan Pensiunan Nasional	t	\N	25000.00	1000000000.00	3.00	1	2026-03-27 22:01:42.636813+07	2026-03-31 23:32:29.949332+07	6500.00
92	UOB	Bank UOB Indonesia	t	\N	25000.00	10000000000.00	3.00	1	2026-03-27 22:01:57.369896+07	2026-03-31 23:32:38.179878+07	6500.00
93	DANA	DANA	t	\N	25000.00	10000000000.00	3.00	1	2026-03-27 22:02:12.400078+07	2026-03-31 23:32:46.024152+07	6500.00
94	GOPAY	GOPAY	t	\N	25000.00	10000000000.00	3.00	1	2026-03-27 22:02:28.002985+07	2026-03-31 23:32:52.682168+07	6500.00
95	LINKAJA	LINKAJA	t	\N	25000.00	100000000000.00	3.00	1	2026-03-27 22:02:41.911265+07	2026-03-31 23:33:02.621712+07	6500.00
97	PRM	Permata Bank	t	\N	25000.00	100000000000.00	3.00	1	2026-03-27 22:03:16.763289+07	2026-03-31 23:33:18.448667+07	6500.00
98	SHP	SHOPEEPAY	t	\N	25000.00	100000000.00	3.00	1	2026-03-27 22:03:30.08412+07	2026-03-31 23:33:28.717079+07	6500.00
\.


--
-- Data for Name: claim_history; Type: TABLE DATA; Schema: public; Owner: postgres
--

COPY public.claim_history (id, claim_amount, claim_type, status, claim_number, remaining_days_at_claim, total_claimed_before, notes, created_at, investment_id, transaction_id, user_id) FROM stdin;
932	17400.00	auto	completed	6	34	87000.00	Automatic profit from Produk 1 (U8S03O)	2026-03-28 21:46:47.715785+07	218	2521	149
933	17400.00	auto	completed	6	34	87000.00	Automatic profit from Produk 1 (U8S03O)	2026-03-28 21:46:47.737892+07	217	2525	158
934	17400.00	auto	completed	6	34	87000.00	Automatic profit from Produk 1 (U8S03O)	2026-03-28 21:46:47.761326+07	216	2529	157
935	17400.00	auto	completed	6	34	87000.00	Automatic profit from Produk 1 (U8S03O)	2026-03-28 21:46:47.794948+07	215	2533	156
936	17400.00	auto	completed	6	34	87000.00	Automatic profit from Produk 1 (U8S03O)	2026-03-28 21:46:47.815878+07	214	2537	155
937	17400.00	auto	completed	6	34	87000.00	Automatic profit from Produk 1 (U8S03O)	2026-03-28 21:46:47.838461+07	213	2541	154
938	17400.00	auto	completed	6	34	87000.00	Automatic profit from Produk 1 (U8S03O)	2026-03-28 21:46:47.859378+07	212	2545	153
939	17400.00	auto	completed	6	34	87000.00	Automatic profit from Produk 1 (U8S03O)	2026-03-28 21:46:47.880743+07	211	2549	152
940	17400.00	auto	completed	6	34	87000.00	Automatic profit from Produk 1 (U8S03O)	2026-03-28 21:46:47.904009+07	210	2553	151
941	17400.00	auto	completed	6	34	87000.00	Automatic profit from Produk 1 (U8S03O)	2026-03-28 21:46:47.925828+07	208	2557	150
942	17400.00	auto	completed	6	34	87000.00	Automatic profit from Produk 1 (U8S03O)	2026-03-28 21:46:47.948701+07	207	2561	148
943	500.00	auto	completed	6	18	2500.00	Automatic profit from Produk 1 (U8S03O)	2026-03-28 21:46:47.968946+07	204	2565	148
944	500.00	auto	completed	6	18	2500.00	Automatic profit from Produk 1 (U8S03O)	2026-03-28 21:46:47.989678+07	198	2569	147
764	17400.00	auto	completed	1	54	0.00	Automatic profit from Aset Standar I	2026-03-08 16:44:45.602625+07	207	2331	148
945	500.00	auto	completed	6	18	2500.00	Automatic profit from Produk 1 (U8S03O)	2026-03-28 21:46:48.010625+07	196	2573	147
946	500.00	auto	completed	6	18	2500.00	Automatic profit from Produk 1 (U8S03O)	2026-03-28 21:46:48.02864+07	195	2577	145
767	500.00	auto	completed	1	38	0.00	Automatic profit from Aset Standar I	2026-03-08 16:44:45.699155+07	204	2334	148
947	500.00	auto	completed	6	18	2500.00	Automatic profit from Produk 1 (U8S03O)	2026-03-28 21:46:48.042941+07	194	2580	143
948	500.00	auto	completed	6	17	2500.00	Automatic profit from Produk 1 (U8S03O)	2026-03-28 21:46:48.056628+07	192	2582	143
949	500.00	auto	completed	6	17	2500.00	Automatic profit from Produk 1 (U8S03O)	2026-03-28 21:46:48.065465+07	191	2584	2
950	1000.00	auto	completed	6	17	5000.00	Automatic profit from Produk 2 (U78DFDF)	2026-03-28 21:46:48.076477+07	190	2585	2
773	500.00	auto	completed	1	38	0.00	Automatic profit from Aset Standar I	2026-03-08 16:44:45.827809+07	198	2340	147
992	17400.00	auto	completed	9	31	139200.00	Automatic profit from Drone Arundala (U7S9DFF)	2026-03-31 21:55:46.583365+07	218	2734	149
775	500.00	auto	completed	1	38	0.00	Automatic profit from Aset Standar I	2026-03-08 16:44:45.871395+07	196	2342	147
776	500.00	auto	completed	1	38	0.00	Automatic profit from Aset Standar I	2026-03-08 16:44:45.890295+07	195	2343	145
777	500.00	auto	completed	1	38	0.00	Automatic profit from Aset Standar I	2026-03-08 16:44:45.905598+07	194	2344	143
993	17400.00	auto	completed	9	31	139200.00	Automatic profit from Drone Arundala (U7S9DFF)	2026-03-31 21:55:46.607305+07	217	2738	158
779	500.00	auto	completed	1	37	0.00	Automatic profit from Aset Standar I	2026-03-08 16:44:45.935769+07	192	2346	143
780	500.00	auto	completed	1	37	0.00	Automatic profit from Aset Standar I	2026-03-08 16:44:45.951386+07	191	2347	2
781	1000.00	auto	completed	1	37	0.00	Automatic profit from Aset Standar II	2026-03-08 16:44:45.967069+07	190	2348	2
782	17400.00	auto	completed	1	54	0.00	Automatic profit from Aset Standar I	2026-03-08 18:37:19.943308+07	208	2368	150
994	17400.00	auto	completed	9	31	139200.00	Automatic profit from Drone Arundala (U7S9DFF)	2026-03-31 21:55:46.622649+07	216	2742	157
784	17400.00	auto	completed	1	54	0.00	Automatic profit from Aset Standar I	2026-03-08 18:47:20.484039+07	210	2370	151
785	17400.00	auto	completed	1	54	0.00	Automatic profit from Aset Standar I	2026-03-08 18:52:20.731082+07	212	2371	153
786	17400.00	auto	completed	1	54	0.00	Automatic profit from Aset Standar I	2026-03-08 18:52:20.767574+07	211	2372	152
787	17400.00	auto	completed	1	54	0.00	Automatic profit from Aset Standar I	2026-03-08 18:57:21.106919+07	214	2373	155
788	17400.00	auto	completed	1	54	0.00	Automatic profit from Aset Standar I	2026-03-08 18:57:21.144192+07	213	2374	154
789	17400.00	auto	completed	1	54	0.00	Automatic profit from Aset Standar I	2026-03-08 19:02:21.44445+07	215	2375	156
790	17400.00	auto	completed	1	54	0.00	Automatic profit from Aset Standar I	2026-03-08 19:12:21.914936+07	216	2376	157
791	17400.00	auto	completed	1	54	0.00	Automatic profit from Aset Standar I	2026-03-09 00:13:32.20641+07	217	2377	158
995	17400.00	auto	completed	9	31	139200.00	Automatic profit from Drone Arundala (U7S9DFF)	2026-03-31 21:55:46.636242+07	215	2746	156
793	17400.00	auto	completed	1	54	0.00	Automatic profit from Aset Standar I	2026-03-09 00:18:32.393628+07	218	2379	149
996	17400.00	auto	completed	9	31	139200.00	Automatic profit from Drone Arundala (U7S9DFF)	2026-03-31 21:55:46.651285+07	214	2750	155
997	17400.00	auto	completed	9	31	139200.00	Automatic profit from Drone Arundala (U7S9DFF)	2026-03-31 21:55:46.668682+07	213	2754	154
998	17400.00	auto	completed	9	31	139200.00	Automatic profit from Drone Arundala (U7S9DFF)	2026-03-31 21:55:46.684044+07	212	2758	153
999	17400.00	auto	completed	9	31	139200.00	Automatic profit from Drone Arundala (U7S9DFF)	2026-03-31 21:55:46.697873+07	211	2762	152
1000	17400.00	auto	completed	9	31	139200.00	Automatic profit from Drone Arundala (U7S9DFF)	2026-03-31 21:55:46.713225+07	210	2766	151
1001	17400.00	auto	completed	9	31	139200.00	Automatic profit from Drone Arundala (U7S9DFF)	2026-03-31 21:55:46.728109+07	208	2770	150
1002	17400.00	auto	completed	9	31	139200.00	Automatic profit from Drone Arundala (U7S9DFF)	2026-03-31 21:55:46.743203+07	207	2774	148
1003	500.00	auto	completed	9	15	4000.00	Automatic profit from Drone Arundala (U7S9DFF)	2026-03-31 21:55:46.757341+07	204	2778	148
803	17400.00	auto	completed	2	52	17400.00	Automatic profit from Aset Standar I	2026-03-11 02:35:52.879495+07	218	2389	149
804	17400.00	auto	completed	2	52	17400.00	Automatic profit from Aset Standar I	2026-03-11 02:35:52.8999+07	217	2390	158
805	17400.00	auto	completed	2	52	17400.00	Automatic profit from Aset Standar I	2026-03-11 02:35:52.91999+07	216	2391	157
806	17400.00	auto	completed	2	52	17400.00	Automatic profit from Aset Standar I	2026-03-11 02:35:52.936659+07	215	2392	156
807	17400.00	auto	completed	2	52	17400.00	Automatic profit from Aset Standar I	2026-03-11 02:35:52.957047+07	214	2393	155
808	17400.00	auto	completed	2	52	17400.00	Automatic profit from Aset Standar I	2026-03-11 02:35:52.970978+07	213	2394	154
809	17400.00	auto	completed	2	52	17400.00	Automatic profit from Aset Standar I	2026-03-11 02:35:52.981701+07	212	2395	153
810	17400.00	auto	completed	2	52	17400.00	Automatic profit from Aset Standar I	2026-03-11 02:35:52.994137+07	211	2396	152
811	17400.00	auto	completed	2	52	17400.00	Automatic profit from Aset Standar I	2026-03-11 02:35:53.006036+07	210	2397	151
813	17400.00	auto	completed	2	52	17400.00	Automatic profit from Aset Standar I	2026-03-11 02:35:53.031819+07	208	2399	150
814	17400.00	auto	completed	2	52	17400.00	Automatic profit from Aset Standar I	2026-03-11 02:35:53.042183+07	207	2400	148
952	17400.00	auto	completed	7	33	104400.00	Automatic profit from Produk 1 (U8S03O)	2026-03-29 21:47:27.535805+07	218	2590	149
953	17400.00	auto	completed	7	33	104400.00	Automatic profit from Produk 1 (U8S03O)	2026-03-29 21:47:27.552571+07	217	2594	158
817	500.00	auto	completed	2	36	500.00	Automatic profit from Aset Standar I	2026-03-11 02:35:53.075025+07	204	2403	148
954	17400.00	auto	completed	7	33	104400.00	Automatic profit from Produk 1 (U8S03O)	2026-03-29 21:47:27.566711+07	216	2598	157
955	17400.00	auto	completed	7	33	104400.00	Automatic profit from Produk 1 (U8S03O)	2026-03-29 21:47:27.580637+07	215	2602	156
956	17400.00	auto	completed	7	33	104400.00	Automatic profit from Produk 1 (U8S03O)	2026-03-29 21:47:27.596224+07	214	2606	155
957	17400.00	auto	completed	7	33	104400.00	Automatic profit from Produk 1 (U8S03O)	2026-03-29 21:47:27.611593+07	213	2610	154
958	17400.00	auto	completed	7	33	104400.00	Automatic profit from Produk 1 (U8S03O)	2026-03-29 21:47:27.62657+07	212	2614	153
823	500.00	auto	completed	2	36	500.00	Automatic profit from Aset Standar I	2026-03-11 02:35:53.138447+07	198	2409	147
959	17400.00	auto	completed	7	33	104400.00	Automatic profit from Produk 1 (U8S03O)	2026-03-29 21:47:27.641565+07	211	2618	152
825	500.00	auto	completed	2	36	500.00	Automatic profit from Aset Standar I	2026-03-11 02:35:53.158604+07	196	2411	147
826	500.00	auto	completed	2	36	500.00	Automatic profit from Aset Standar I	2026-03-11 02:35:53.166434+07	195	2412	145
827	500.00	auto	completed	2	36	500.00	Automatic profit from Aset Standar I	2026-03-11 02:35:53.174128+07	194	2413	143
960	17400.00	auto	completed	7	33	104400.00	Automatic profit from Produk 1 (U8S03O)	2026-03-29 21:47:27.655081+07	210	2622	151
829	500.00	auto	completed	2	35	500.00	Automatic profit from Aset Standar I	2026-03-11 02:35:53.189447+07	192	2415	143
830	500.00	auto	completed	2	35	500.00	Automatic profit from Aset Standar I	2026-03-11 02:35:53.196691+07	191	2416	2
831	1000.00	auto	completed	2	35	1000.00	Automatic profit from Aset Standar II	2026-03-11 02:35:53.202907+07	190	2417	2
961	17400.00	auto	completed	7	33	104400.00	Automatic profit from Produk 1 (U8S03O)	2026-03-29 21:47:27.670952+07	208	2626	150
962	17400.00	auto	completed	7	33	104400.00	Automatic profit from Produk 1 (U8S03O)	2026-03-29 21:47:27.683314+07	207	2630	148
963	500.00	auto	completed	7	17	3000.00	Automatic profit from Produk 1 (U8S03O)	2026-03-29 21:47:27.697144+07	204	2634	148
964	500.00	auto	completed	7	17	3000.00	Automatic profit from Produk 1 (U8S03O)	2026-03-29 21:47:27.710952+07	198	2638	147
837	17400.00	auto	completed	3	37	34800.00	Automatic profit from Aset Standar I	2026-03-25 11:36:38.65719+07	218	2423	149
838	17400.00	auto	completed	3	37	34800.00	Automatic profit from Aset Standar I	2026-03-25 11:36:38.666401+07	217	2424	158
839	17400.00	auto	completed	3	37	34800.00	Automatic profit from Aset Standar I	2026-03-25 11:36:38.676244+07	216	2425	157
840	17400.00	auto	completed	3	37	34800.00	Automatic profit from Aset Standar I	2026-03-25 11:36:38.684173+07	215	2426	156
841	17400.00	auto	completed	3	37	34800.00	Automatic profit from Aset Standar I	2026-03-25 11:36:38.694755+07	214	2427	155
842	17400.00	auto	completed	3	37	34800.00	Automatic profit from Aset Standar I	2026-03-25 11:36:38.703609+07	213	2428	154
843	17400.00	auto	completed	3	37	34800.00	Automatic profit from Aset Standar I	2026-03-25 11:36:38.713059+07	212	2429	153
844	17400.00	auto	completed	3	37	34800.00	Automatic profit from Aset Standar I	2026-03-25 11:36:38.721926+07	211	2430	152
845	17400.00	auto	completed	3	37	34800.00	Automatic profit from Aset Standar I	2026-03-25 11:36:38.731162+07	210	2431	151
846	17400.00	auto	completed	3	37	34800.00	Automatic profit from Aset Standar I	2026-03-25 11:36:38.739864+07	208	2432	150
847	17400.00	auto	completed	3	37	34800.00	Automatic profit from Aset Standar I	2026-03-25 11:36:38.748066+07	207	2433	148
965	500.00	auto	completed	7	17	3000.00	Automatic profit from Produk 1 (U8S03O)	2026-03-29 21:47:27.724291+07	196	2642	147
966	500.00	auto	completed	7	17	3000.00	Automatic profit from Produk 1 (U8S03O)	2026-03-29 21:47:27.735028+07	195	2646	145
850	500.00	auto	completed	3	21	1000.00	Automatic profit from Aset Standar I	2026-03-25 11:36:38.775052+07	204	2436	148
967	500.00	auto	completed	7	17	3000.00	Automatic profit from Produk 1 (U8S03O)	2026-03-29 21:47:27.744257+07	194	2649	143
968	500.00	auto	completed	7	16	3000.00	Automatic profit from Produk 1 (U8S03O)	2026-03-29 21:47:27.753468+07	192	2651	143
969	500.00	auto	completed	7	16	3000.00	Automatic profit from Produk 1 (U8S03O)	2026-03-29 21:47:27.761166+07	191	2653	2
970	1000.00	auto	completed	7	16	6000.00	Automatic profit from Produk 2 (U78DFDF)	2026-03-29 21:47:27.7673+07	190	2654	2
1004	500.00	auto	completed	9	15	4000.00	Automatic profit from Drone Arundala (U7S9DFF)	2026-03-31 21:55:46.775456+07	198	2782	147
856	500.00	auto	completed	3	21	1000.00	Automatic profit from Aset Standar I	2026-03-25 11:36:38.823992+07	198	2442	147
858	500.00	auto	completed	3	21	1000.00	Automatic profit from Aset Standar I	2026-03-25 11:36:38.839992+07	196	2444	147
859	500.00	auto	completed	3	21	1000.00	Automatic profit from Aset Standar I	2026-03-25 11:36:38.846416+07	195	2445	145
860	500.00	auto	completed	3	21	1000.00	Automatic profit from Aset Standar I	2026-03-25 11:36:38.854075+07	194	2446	143
862	500.00	auto	completed	3	20	1000.00	Automatic profit from Aset Standar I	2026-03-25 11:36:38.86718+07	192	2448	143
863	500.00	auto	completed	3	20	1000.00	Automatic profit from Aset Standar I	2026-03-25 11:36:38.874377+07	191	2449	2
864	1000.00	auto	completed	3	20	2000.00	Automatic profit from Aset Standar II	2026-03-25 11:36:38.881062+07	190	2450	2
972	17400.00	auto	completed	8	32	121800.00	Automatic profit from Produk 1 (U8S03O)	2026-03-30 21:51:36.14776+07	218	2661	149
973	17400.00	auto	completed	8	32	121800.00	Automatic profit from Produk 1 (U8S03O)	2026-03-30 21:51:36.16189+07	217	2665	158
974	17400.00	auto	completed	8	32	121800.00	Automatic profit from Produk 1 (U8S03O)	2026-03-30 21:51:36.176641+07	216	2669	157
975	17400.00	auto	completed	8	32	121800.00	Automatic profit from Produk 1 (U8S03O)	2026-03-30 21:51:36.191968+07	215	2673	156
870	17400.00	auto	completed	4	36	52200.00	Automatic profit from Aset Standar I	2026-03-26 12:31:29.459511+07	218	2456	149
871	17400.00	auto	completed	4	36	52200.00	Automatic profit from Aset Standar I	2026-03-26 12:31:29.477589+07	217	2457	158
872	17400.00	auto	completed	4	36	52200.00	Automatic profit from Aset Standar I	2026-03-26 12:31:29.494707+07	216	2458	157
873	17400.00	auto	completed	4	36	52200.00	Automatic profit from Aset Standar I	2026-03-26 12:31:29.511739+07	215	2459	156
874	17400.00	auto	completed	4	36	52200.00	Automatic profit from Aset Standar I	2026-03-26 12:31:29.528593+07	214	2460	155
875	17400.00	auto	completed	4	36	52200.00	Automatic profit from Aset Standar I	2026-03-26 12:31:29.545834+07	213	2461	154
876	17400.00	auto	completed	4	36	52200.00	Automatic profit from Aset Standar I	2026-03-26 12:31:29.564274+07	212	2462	153
877	17400.00	auto	completed	4	36	52200.00	Automatic profit from Aset Standar I	2026-03-26 12:31:29.581619+07	211	2463	152
878	17400.00	auto	completed	4	36	52200.00	Automatic profit from Aset Standar I	2026-03-26 12:31:29.598322+07	210	2464	151
879	17400.00	auto	completed	4	36	52200.00	Automatic profit from Aset Standar I	2026-03-26 12:31:29.616836+07	208	2465	150
880	17400.00	auto	completed	4	36	52200.00	Automatic profit from Aset Standar I	2026-03-26 12:31:29.634426+07	207	2466	148
976	17400.00	auto	completed	8	32	121800.00	Automatic profit from Produk 1 (U8S03O)	2026-03-30 21:51:36.205298+07	214	2677	155
977	17400.00	auto	completed	8	32	121800.00	Automatic profit from Produk 1 (U8S03O)	2026-03-30 21:51:36.2201+07	213	2681	154
883	500.00	auto	completed	4	20	1500.00	Automatic profit from Aset Standar I	2026-03-26 12:31:29.687282+07	204	2469	148
978	17400.00	auto	completed	8	32	121800.00	Automatic profit from Produk 1 (U8S03O)	2026-03-30 21:51:36.234771+07	212	2685	153
979	17400.00	auto	completed	8	32	121800.00	Automatic profit from Produk 1 (U8S03O)	2026-03-30 21:51:36.247362+07	211	2689	152
980	17400.00	auto	completed	8	32	121800.00	Automatic profit from Produk 1 (U8S03O)	2026-03-30 21:51:36.261589+07	210	2693	151
981	17400.00	auto	completed	8	32	121800.00	Automatic profit from Produk 1 (U8S03O)	2026-03-30 21:51:36.275061+07	208	2697	150
982	17400.00	auto	completed	8	32	121800.00	Automatic profit from Produk 1 (U8S03O)	2026-03-30 21:51:36.289341+07	207	2701	148
889	500.00	auto	completed	4	20	1500.00	Automatic profit from Aset Standar I	2026-03-26 12:31:29.78637+07	198	2475	147
983	500.00	auto	completed	8	16	3500.00	Automatic profit from Produk 1 (U8S03O)	2026-03-30 21:51:36.301645+07	204	2705	148
891	500.00	auto	completed	4	20	1500.00	Automatic profit from Aset Standar I	2026-03-26 12:31:29.817817+07	196	2477	147
892	500.00	auto	completed	4	20	1500.00	Automatic profit from Aset Standar I	2026-03-26 12:31:29.8316+07	195	2478	145
893	500.00	auto	completed	4	20	1500.00	Automatic profit from Aset Standar I	2026-03-26 12:31:29.84519+07	194	2479	143
984	500.00	auto	completed	8	16	3500.00	Automatic profit from Produk 1 (U8S03O)	2026-03-30 21:51:36.315978+07	198	2709	147
895	500.00	auto	completed	4	19	1500.00	Automatic profit from Aset Standar I	2026-03-26 12:31:29.875503+07	192	2481	143
896	500.00	auto	completed	4	19	1500.00	Automatic profit from Aset Standar I	2026-03-26 12:31:29.886312+07	191	2482	2
897	1000.00	auto	completed	4	19	3000.00	Automatic profit from Aset Standar II	2026-03-26 12:31:29.898585+07	190	2483	2
985	500.00	auto	completed	8	16	3500.00	Automatic profit from Produk 1 (U8S03O)	2026-03-30 21:51:36.331253+07	196	2713	147
986	500.00	auto	completed	8	16	3500.00	Automatic profit from Produk 1 (U8S03O)	2026-03-30 21:51:36.342278+07	195	2717	145
987	500.00	auto	completed	8	16	3500.00	Automatic profit from Produk 1 (U8S03O)	2026-03-30 21:51:36.351063+07	194	2720	143
988	500.00	auto	completed	8	15	3500.00	Automatic profit from Produk 1 (U8S03O)	2026-03-30 21:51:36.359515+07	192	2722	143
903	17400.00	auto	completed	5	35	69600.00	Automatic profit from Aset Standar I	2026-03-27 12:38:44.922985+07	218	2489	149
904	17400.00	auto	completed	5	35	69600.00	Automatic profit from Aset Standar I	2026-03-27 12:38:44.943294+07	217	2490	158
905	17400.00	auto	completed	5	35	69600.00	Automatic profit from Aset Standar I	2026-03-27 12:38:44.964166+07	216	2491	157
906	17400.00	auto	completed	5	35	69600.00	Automatic profit from Aset Standar I	2026-03-27 12:38:44.983983+07	215	2492	156
907	17400.00	auto	completed	5	35	69600.00	Automatic profit from Aset Standar I	2026-03-27 12:38:45.003305+07	214	2493	155
908	17400.00	auto	completed	5	35	69600.00	Automatic profit from Aset Standar I	2026-03-27 12:38:45.023193+07	213	2494	154
909	17400.00	auto	completed	5	35	69600.00	Automatic profit from Aset Standar I	2026-03-27 12:38:45.040601+07	212	2495	153
910	17400.00	auto	completed	5	35	69600.00	Automatic profit from Aset Standar I	2026-03-27 12:38:45.059434+07	211	2496	152
911	17400.00	auto	completed	5	35	69600.00	Automatic profit from Aset Standar I	2026-03-27 12:38:45.077661+07	210	2497	151
912	17400.00	auto	completed	5	35	69600.00	Automatic profit from Aset Standar I	2026-03-27 12:38:45.096411+07	208	2498	150
913	17400.00	auto	completed	5	35	69600.00	Automatic profit from Aset Standar I	2026-03-27 12:38:45.114788+07	207	2499	148
989	500.00	auto	completed	8	15	3500.00	Automatic profit from Produk 1 (U8S03O)	2026-03-30 21:51:36.366216+07	191	2724	2
916	500.00	auto	completed	5	19	2000.00	Automatic profit from Aset Standar I	2026-03-27 12:38:45.168607+07	204	2502	148
990	1000.00	auto	completed	8	15	7000.00	Automatic profit from Produk 2 (U78DFDF)	2026-03-30 21:51:36.372247+07	190	2725	2
1005	500.00	auto	completed	9	15	4000.00	Automatic profit from Drone Arundala (U7S9DFF)	2026-03-31 21:55:46.798039+07	196	2786	147
1006	500.00	auto	completed	9	15	4000.00	Automatic profit from Drone Arundala (U7S9DFF)	2026-03-31 21:55:46.811839+07	195	2790	145
1007	500.00	auto	completed	9	15	4000.00	Automatic profit from Drone Arundala (U7S9DFF)	2026-03-31 21:55:46.822291+07	194	2793	143
1008	500.00	auto	completed	9	14	4000.00	Automatic profit from Drone Arundala (U7S9DFF)	2026-03-31 21:55:46.830668+07	192	2795	143
922	500.00	auto	completed	5	19	2000.00	Automatic profit from Aset Standar I	2026-03-27 12:38:45.265216+07	198	2508	147
1009	500.00	auto	completed	9	14	4000.00	Automatic profit from Drone Arundala (U7S9DFF)	2026-03-31 21:55:46.838323+07	191	2797	2
924	500.00	auto	completed	5	19	2000.00	Automatic profit from Aset Standar I	2026-03-27 12:38:45.299109+07	196	2510	147
925	500.00	auto	completed	5	19	2000.00	Automatic profit from Aset Standar I	2026-03-27 12:38:45.312385+07	195	2511	145
926	500.00	auto	completed	5	19	2000.00	Automatic profit from Aset Standar I	2026-03-27 12:38:45.324958+07	194	2512	143
1010	1000.00	auto	completed	9	14	8000.00	Automatic profit from Drone Amythis (U9SODWK)	2026-03-31 21:55:46.845927+07	190	2798	2
928	500.00	auto	completed	5	18	2000.00	Automatic profit from Aset Standar I	2026-03-27 12:38:45.351099+07	192	2514	143
929	500.00	auto	completed	5	18	2000.00	Automatic profit from Aset Standar I	2026-03-27 12:38:45.36443+07	191	2515	2
930	1000.00	auto	completed	5	18	4000.00	Automatic profit from Aset Standar II	2026-03-27 12:38:45.376586+07	190	2516	2
1012	17400.00	auto	completed	10	30	156600.00	Automatic profit from Drone Arundala (U7S9DFF)	2026-04-01 21:56:24.987735+07	218	2832	149
1013	17400.00	auto	completed	10	30	156600.00	Automatic profit from Drone Arundala (U7S9DFF)	2026-04-01 21:56:25.004546+07	217	2836	158
1014	17400.00	auto	completed	10	30	156600.00	Automatic profit from Drone Arundala (U7S9DFF)	2026-04-01 21:56:25.019895+07	216	2840	157
1015	17400.00	auto	completed	10	30	156600.00	Automatic profit from Drone Arundala (U7S9DFF)	2026-04-01 21:56:25.037698+07	215	2844	156
1016	17400.00	auto	completed	10	30	156600.00	Automatic profit from Drone Arundala (U7S9DFF)	2026-04-01 21:56:25.052953+07	214	2848	155
1017	17400.00	auto	completed	10	30	156600.00	Automatic profit from Drone Arundala (U7S9DFF)	2026-04-01 21:56:25.069744+07	213	2852	154
1018	17400.00	auto	completed	10	30	156600.00	Automatic profit from Drone Arundala (U7S9DFF)	2026-04-01 21:56:25.084625+07	212	2856	153
1019	17400.00	auto	completed	10	30	156600.00	Automatic profit from Drone Arundala (U7S9DFF)	2026-04-01 21:56:25.101548+07	211	2860	152
1020	17400.00	auto	completed	10	30	156600.00	Automatic profit from Drone Arundala (U7S9DFF)	2026-04-01 21:56:25.116926+07	210	2864	151
1021	17400.00	auto	completed	10	30	156600.00	Automatic profit from Drone Arundala (U7S9DFF)	2026-04-01 21:56:25.133828+07	208	2868	150
1022	17400.00	auto	completed	10	30	156600.00	Automatic profit from Drone Arundala (U7S9DFF)	2026-04-01 21:56:25.150681+07	207	2872	148
1023	500.00	auto	completed	10	14	4500.00	Automatic profit from Drone Arundala (U7S9DFF)	2026-04-01 21:56:25.165098+07	204	2876	148
1024	500.00	auto	completed	10	14	4500.00	Automatic profit from Drone Arundala (U7S9DFF)	2026-04-01 21:56:25.18285+07	198	2880	147
1025	500.00	auto	completed	10	14	4500.00	Automatic profit from Drone Arundala (U7S9DFF)	2026-04-01 21:56:25.197628+07	196	2884	147
1026	500.00	auto	completed	10	14	4500.00	Automatic profit from Drone Arundala (U7S9DFF)	2026-04-01 21:56:25.209409+07	195	2888	145
1027	500.00	auto	completed	10	14	4500.00	Automatic profit from Drone Arundala (U7S9DFF)	2026-04-01 21:56:25.223073+07	194	2891	143
1028	500.00	auto	completed	10	13	4500.00	Automatic profit from Drone Arundala (U7S9DFF)	2026-04-01 21:56:25.233945+07	192	2893	143
1029	500.00	auto	completed	10	13	4500.00	Automatic profit from Drone Arundala (U7S9DFF)	2026-04-01 21:56:25.241569+07	191	2895	2
1030	1000.00	auto	completed	10	13	9000.00	Automatic profit from Drone Amythis (U9SODWK)	2026-04-01 21:56:25.247737+07	190	2896	2
1031	17400.00	auto	completed	11	29	174000.00	Automatic profit from Drone Arundala (U7S9DFF)	2026-04-02 22:01:17.062704+07	218	2908	149
1032	17400.00	auto	completed	11	29	174000.00	Automatic profit from Drone Arundala (U7S9DFF)	2026-04-02 22:01:17.126533+07	217	2912	158
1033	17400.00	auto	completed	11	29	174000.00	Automatic profit from Drone Arundala (U7S9DFF)	2026-04-02 22:01:17.17267+07	216	2916	157
1034	17400.00	auto	completed	11	29	174000.00	Automatic profit from Drone Arundala (U7S9DFF)	2026-04-02 22:01:17.2024+07	215	2920	156
1035	17400.00	auto	completed	11	29	174000.00	Automatic profit from Drone Arundala (U7S9DFF)	2026-04-02 22:01:17.230972+07	214	2924	155
1036	17400.00	auto	completed	11	29	174000.00	Automatic profit from Drone Arundala (U7S9DFF)	2026-04-02 22:01:17.258267+07	213	2928	154
1037	17400.00	auto	completed	11	29	174000.00	Automatic profit from Drone Arundala (U7S9DFF)	2026-04-02 22:01:17.290229+07	212	2932	153
1038	17400.00	auto	completed	11	29	174000.00	Automatic profit from Drone Arundala (U7S9DFF)	2026-04-02 22:01:17.318773+07	211	2936	152
1039	17400.00	auto	completed	11	29	174000.00	Automatic profit from Drone Arundala (U7S9DFF)	2026-04-02 22:01:17.352758+07	210	2940	151
1040	17400.00	auto	completed	11	29	174000.00	Automatic profit from Drone Arundala (U7S9DFF)	2026-04-02 22:01:17.385398+07	208	2944	150
1041	17400.00	auto	completed	11	29	174000.00	Automatic profit from Drone Arundala (U7S9DFF)	2026-04-02 22:01:17.415511+07	207	2948	148
1042	500.00	auto	completed	11	13	5000.00	Automatic profit from Drone Arundala (U7S9DFF)	2026-04-02 22:01:17.447565+07	204	2952	148
1043	500.00	auto	completed	11	13	5000.00	Automatic profit from Drone Arundala (U7S9DFF)	2026-04-02 22:01:17.476036+07	198	2956	147
1044	500.00	auto	completed	11	13	5000.00	Automatic profit from Drone Arundala (U7S9DFF)	2026-04-02 22:01:17.504397+07	196	2960	147
1045	500.00	auto	completed	11	13	5000.00	Automatic profit from Drone Arundala (U7S9DFF)	2026-04-02 22:01:17.528709+07	195	2964	145
1046	500.00	auto	completed	11	13	5000.00	Automatic profit from Drone Arundala (U7S9DFF)	2026-04-02 22:01:17.550666+07	194	2967	143
1047	500.00	auto	completed	11	12	5000.00	Automatic profit from Drone Arundala (U7S9DFF)	2026-04-02 22:01:17.571202+07	192	2969	143
1048	500.00	auto	completed	11	12	5000.00	Automatic profit from Drone Arundala (U7S9DFF)	2026-04-02 22:01:17.586938+07	191	2971	2
1049	1000.00	auto	completed	11	12	10000.00	Automatic profit from Drone Amythis (U9SODWK)	2026-04-02 22:01:17.60521+07	190	2972	2
1050	17400.00	auto	completed	12	32	191400.00	Automatic profit from Drone Arundala (U7S9DFF)	2026-04-03 22:05:12.572537+07	218	3029	149
1051	17400.00	auto	completed	12	32	191400.00	Automatic profit from Drone Arundala (U7S9DFF)	2026-04-03 22:05:12.628952+07	217	3033	158
1052	17400.00	auto	completed	12	32	191400.00	Automatic profit from Drone Arundala (U7S9DFF)	2026-04-03 22:05:12.664952+07	216	3037	157
1053	17400.00	auto	completed	12	32	191400.00	Automatic profit from Drone Arundala (U7S9DFF)	2026-04-03 22:05:12.699234+07	215	3041	156
1054	17400.00	auto	completed	12	32	191400.00	Automatic profit from Drone Arundala (U7S9DFF)	2026-04-03 22:05:12.729713+07	214	3045	155
1055	17400.00	auto	completed	12	32	191400.00	Automatic profit from Drone Arundala (U7S9DFF)	2026-04-03 22:05:12.764558+07	213	3049	154
1056	17400.00	auto	completed	12	32	191400.00	Automatic profit from Drone Arundala (U7S9DFF)	2026-04-03 22:05:12.796641+07	212	3053	153
1057	17400.00	auto	completed	12	32	191400.00	Automatic profit from Drone Arundala (U7S9DFF)	2026-04-03 22:05:12.828651+07	211	3057	152
1058	17400.00	auto	completed	12	32	191400.00	Automatic profit from Drone Arundala (U7S9DFF)	2026-04-03 22:05:12.862357+07	210	3061	151
1059	17400.00	auto	completed	12	32	191400.00	Automatic profit from Drone Arundala (U7S9DFF)	2026-04-03 22:05:12.898706+07	208	3065	150
1060	17400.00	auto	completed	12	32	191400.00	Automatic profit from Drone Arundala (U7S9DFF)	2026-04-03 22:05:12.934396+07	207	3069	148
1061	500.00	auto	completed	12	16	5500.00	Automatic profit from Drone Arundala (U7S9DFF)	2026-04-03 22:05:12.969027+07	204	3073	148
1062	500.00	auto	completed	12	16	5500.00	Automatic profit from Drone Arundala (U7S9DFF)	2026-04-03 22:05:13.01403+07	198	3077	147
1063	500.00	auto	completed	12	16	5500.00	Automatic profit from Drone Arundala (U7S9DFF)	2026-04-03 22:05:13.050739+07	196	3081	147
1064	500.00	auto	completed	12	16	5500.00	Automatic profit from Drone Arundala (U7S9DFF)	2026-04-03 22:05:13.084394+07	195	3085	145
1065	500.00	auto	completed	12	16	5500.00	Automatic profit from Drone Arundala (U7S9DFF)	2026-04-03 22:05:13.110407+07	194	3088	143
1066	500.00	auto	completed	12	15	5500.00	Automatic profit from Drone Arundala (U7S9DFF)	2026-04-03 22:05:13.137752+07	192	3090	143
1067	500.00	auto	completed	12	15	5500.00	Automatic profit from Drone Arundala (U7S9DFF)	2026-04-03 22:05:13.161683+07	191	3092	2
1068	1000.00	auto	completed	12	15	11000.00	Automatic profit from Drone Amythis (U9SODWK)	2026-04-03 22:05:13.186996+07	190	3093	2
1069	16579.34	auto	completed	1	43	0.00	Automatic profit from Drone Amythis (U9SODWK)	2026-04-03 23:42:52.33231+07	227	3116	173
1070	4454.40	auto	completed	1	44	0.00	Automatic profit from Drone Arundala (U7S9DFF)	2026-04-03 23:42:52.365353+07	226	3118	173
1071	4432.57	auto	completed	1	44	0.00	Automatic profit from Drone Arundala (U7S9DFF)	2026-04-04 08:56:43.864581+07	228	3121	169
1072	6452.10	auto	completed	1	41	0.00	Automatic profit from Drone Meleza (K80SDML)	2026-04-04 09:16:44.538826+07	230	3125	169
1073	10493.79	auto	completed	1	44	0.00	Automatic profit from Drone Czorto (MU7PL6A)	2026-04-04 09:16:44.568067+07	229	3126	169
1074	4487.56	auto	completed	1	44	0.00	Automatic profit from Drone Arundala (U7S9DFF)	2026-04-04 09:56:46.086487+07	231	3127	172
1075	304614.35	auto	completed	1	39	0.00	Automatic profit from Drone Aterio (U5MLSKI)	2026-04-04 10:01:46.269641+07	232	3129	172
1076	16201.27	auto	completed	1	43	0.00	Automatic profit from Drone Amythis (U9SODWK)	2026-04-04 10:16:46.793367+07	234	3132	174
1077	4639.88	auto	completed	1	44	0.00	Automatic profit from Drone Arundala (U7S9DFF)	2026-04-04 10:16:46.822631+07	233	3133	174
1078	4491.68	auto	completed	1	44	0.00	Automatic profit from Drone Arundala (U7S9DFF)	2026-04-04 10:21:47.008469+07	236	3137	175
1079	16471.99	auto	completed	1	43	0.00	Automatic profit from Drone Amythis (U9SODWK)	2026-04-04 10:21:47.037852+07	235	3141	175
1080	4633.79	auto	completed	1	44	0.00	Automatic profit from Drone Arundala (U7S9DFF)	2026-04-04 10:26:47.214303+07	238	3147	176
1081	16546.55	auto	completed	1	43	0.00	Automatic profit from Drone Amythis (U9SODWK)	2026-04-04 10:26:47.237336+07	237	3151	176
1082	4431.25	auto	completed	1	44	0.00	Automatic profit from Drone Arundala (U7S9DFF)	2026-04-04 10:51:48.175897+07	239	3164	178
1083	6378.74	auto	completed	1	41	0.00	Automatic profit from Drone Meleza (K80SDML)	2026-04-04 11:11:48.834161+07	241	3171	178
1084	10752.16	auto	completed	1	44	0.00	Automatic profit from Drone Czorto (MU7PL6A)	2026-04-04 11:11:48.875261+07	240	3173	178
1085	16645.90	auto	completed	1	43	0.00	Automatic profit from Drone Amythis (U9SODWK)	2026-04-04 15:22:17.409687+07	242	3217	179
1086	4585.91	auto	completed	1	44	0.00	Automatic profit from Drone Arundala (U7S9DFF)	2026-04-04 15:27:17.600649+07	243	3218	179
1087	34540.02	auto	completed	1	42	0.00	Automatic profit from Drone Aqriac (U1IS3MD)	2026-04-04 17:21:17.812155+07	244	3221	2
1088	16223.81	auto	completed	1	42	0.00	Automatic profit from Drone Amythis (U9SODWK)	2026-04-06 07:59:26.514122+07	248	3241	181
1089	4604.62	auto	completed	1	43	0.00	Automatic profit from Drone Arundala (U7S9DFF)	2026-04-06 07:59:26.573055+07	247	3242	181
1090	17010.99	auto	completed	1	42	0.00	Automatic profit from Drone Amythis (U9SODWK)	2026-04-06 07:59:26.604739+07	246	3245	180
1091	4449.16	auto	completed	1	43	0.00	Automatic profit from Drone Arundala (U7S9DFF)	2026-04-06 07:59:26.644229+07	245	3246	180
1092	16808.25	auto	completed	2	41	16579.34	Automatic profit from Drone Amythis (U9SODWK)	2026-04-06 07:59:26.69665+07	227	3249	173
1093	4653.97	auto	completed	2	42	4454.40	Automatic profit from Drone Arundala (U7S9DFF)	2026-04-06 07:59:26.747299+07	226	3251	173
1094	17400.00	auto	completed	13	30	208800.00	Automatic profit from Drone Arundala (U7S9DFF)	2026-04-06 07:59:26.820484+07	218	3253	149
1095	17400.00	auto	completed	13	30	208800.00	Automatic profit from Drone Arundala (U7S9DFF)	2026-04-06 07:59:26.884645+07	217	3257	158
1096	17400.00	auto	completed	13	30	208800.00	Automatic profit from Drone Arundala (U7S9DFF)	2026-04-06 07:59:26.943313+07	216	3261	157
1097	17400.00	auto	completed	13	30	208800.00	Automatic profit from Drone Arundala (U7S9DFF)	2026-04-06 07:59:27.002173+07	215	3265	156
1098	17400.00	auto	completed	13	30	208800.00	Automatic profit from Drone Arundala (U7S9DFF)	2026-04-06 07:59:27.061926+07	214	3269	155
1099	17400.00	auto	completed	13	30	208800.00	Automatic profit from Drone Arundala (U7S9DFF)	2026-04-06 07:59:27.12506+07	213	3273	154
1100	17400.00	auto	completed	13	30	208800.00	Automatic profit from Drone Arundala (U7S9DFF)	2026-04-06 07:59:27.186215+07	212	3277	153
1101	17400.00	auto	completed	13	30	208800.00	Automatic profit from Drone Arundala (U7S9DFF)	2026-04-06 07:59:27.257685+07	211	3281	152
1102	17400.00	auto	completed	13	30	208800.00	Automatic profit from Drone Arundala (U7S9DFF)	2026-04-06 07:59:27.318746+07	210	3285	151
1103	17400.00	auto	completed	13	30	208800.00	Automatic profit from Drone Arundala (U7S9DFF)	2026-04-06 07:59:27.380088+07	208	3289	150
1104	17400.00	auto	completed	13	30	208800.00	Automatic profit from Drone Arundala (U7S9DFF)	2026-04-06 07:59:27.439775+07	207	3293	148
1105	500.00	auto	completed	13	14	6000.00	Automatic profit from Drone Arundala (U7S9DFF)	2026-04-06 07:59:27.500319+07	204	3297	148
1106	500.00	auto	completed	13	14	6000.00	Automatic profit from Drone Arundala (U7S9DFF)	2026-04-06 07:59:27.559249+07	198	3301	147
1107	500.00	auto	completed	13	14	6000.00	Automatic profit from Drone Arundala (U7S9DFF)	2026-04-06 07:59:27.620389+07	196	3305	147
1108	500.00	auto	completed	13	14	6000.00	Automatic profit from Drone Arundala (U7S9DFF)	2026-04-06 07:59:27.672065+07	195	3309	145
1109	500.00	auto	completed	13	14	6000.00	Automatic profit from Drone Arundala (U7S9DFF)	2026-04-06 07:59:27.723551+07	194	3312	143
1110	500.00	auto	completed	13	13	6000.00	Automatic profit from Drone Arundala (U7S9DFF)	2026-04-06 07:59:27.779787+07	192	3314	143
1111	500.00	auto	completed	13	13	6000.00	Automatic profit from Drone Arundala (U7S9DFF)	2026-04-06 07:59:27.826339+07	191	3316	2
1112	1000.00	auto	completed	13	13	12000.00	Automatic profit from Drone Amythis (U9SODWK)	2026-04-06 07:59:27.874173+07	190	3317	2
1113	4637.90	auto	completed	2	43	4432.57	Automatic profit from Drone Arundala (U7S9DFF)	2026-04-06 09:00:42.430079+07	228	3318	169
1114	6355.15	auto	completed	2	40	6452.10	Automatic profit from Drone Meleza (K80SDML)	2026-04-06 09:20:43.809924+07	230	3319	169
1115	10671.63	auto	completed	2	43	10493.79	Automatic profit from Drone Czorto (MU7PL6A)	2026-04-06 09:20:43.847155+07	229	3320	169
1116	4448.52	auto	completed	2	43	4487.56	Automatic profit from Drone Arundala (U7S9DFF)	2026-04-06 10:00:46.152722+07	231	3321	172
1117	294819.59	auto	completed	2	38	304614.35	Automatic profit from Drone Aterio (U5MLSKI)	2026-04-06 10:05:46.470971+07	232	3323	172
1118	16121.23	auto	completed	2	42	16201.27	Automatic profit from Drone Amythis (U9SODWK)	2026-04-06 10:20:47.343973+07	234	3324	174
1119	4511.40	auto	completed	2	43	4639.88	Automatic profit from Drone Arundala (U7S9DFF)	2026-04-06 10:20:47.388018+07	233	3325	174
1120	4525.93	auto	completed	1	44	0.00	Automatic profit from Drone Arundala (U7S9DFF)	2026-04-06 10:25:47.682233+07	249	3328	191
1121	4562.87	auto	completed	2	43	4491.68	Automatic profit from Drone Arundala (U7S9DFF)	2026-04-06 10:25:47.741912+07	236	3331	175
1122	16735.36	auto	completed	2	42	16471.99	Automatic profit from Drone Amythis (U9SODWK)	2026-04-06 10:25:47.777981+07	235	3335	175
1123	4546.21	auto	completed	2	43	4633.79	Automatic profit from Drone Arundala (U7S9DFF)	2026-04-06 10:30:48.163195+07	238	3337	176
1124	16254.49	auto	completed	2	42	16546.55	Automatic profit from Drone Amythis (U9SODWK)	2026-04-06 10:30:48.22747+07	237	3341	176
1125	6055.49	auto	completed	1	41	0.00	Automatic profit from Drone Meleza (K80SDML)	2026-04-06 10:45:49.1016+07	251	3343	191
1126	10310.37	auto	completed	1	44	0.00	Automatic profit from Drone Czorto (MU7PL6A)	2026-04-06 10:45:49.146718+07	250	3346	191
1127	175646.32	auto	completed	1	40	0.00	Automatic profit from Drone Avurpa (U3MLZTY)	2026-04-06 16:15:10.881214+07	267	3349	191
1128	293604.22	auto	completed	1	39	0.00	Automatic profit from Drone Aterio (U5MLSKI)	2026-04-06 16:15:10.905818+07	266	3350	191
1129	4507.72	auto	completed	1	44	0.00	Automatic profit from Drone Arundala (U7S9DFF)	2026-04-06 16:15:10.930353+07	265	3351	203
1130	35747.63	auto	completed	1	42	0.00	Automatic profit from Drone Aqriac (U1IS3MD)	2026-04-06 16:15:10.948322+07	263	3355	192
1131	79695.10	auto	completed	1	41	0.00	Automatic profit from Drone Alouz (U0M3KDX)	2026-04-06 16:15:10.965237+07	262	3357	191
1132	4664.59	auto	completed	1	44	0.00	Automatic profit from Drone Arundala (U7S9DFF)	2026-04-06 16:15:10.983712+07	261	3358	199
1133	4576.43	auto	completed	1	44	0.00	Automatic profit from Drone Arundala (U7S9DFF)	2026-04-06 16:15:11.002176+07	260	3362	198
1134	34693.68	auto	completed	1	42	0.00	Automatic profit from Drone Aqriac (U1IS3MD)	2026-04-06 16:15:11.016867+07	259	3366	191
1135	35793.94	auto	completed	1	42	0.00	Automatic profit from Drone Aqriac (U1IS3MD)	2026-04-06 16:15:11.042126+07	258	3367	195
1136	16491.01	auto	completed	1	43	0.00	Automatic profit from Drone Amythis (U9SODWK)	2026-04-06 16:15:11.059937+07	257	3370	194
1137	4431.97	auto	completed	1	44	0.00	Automatic profit from Drone Arundala (U7S9DFF)	2026-04-06 16:15:11.080844+07	256	3373	194
1138	16562.16	auto	completed	1	43	0.00	Automatic profit from Drone Amythis (U9SODWK)	2026-04-06 16:15:11.097689+07	255	3377	193
1139	4676.71	auto	completed	1	44	0.00	Automatic profit from Drone Arundala (U7S9DFF)	2026-04-06 16:15:11.11919+07	254	3379	193
1140	16624.51	auto	completed	1	43	0.00	Automatic profit from Drone Amythis (U9SODWK)	2026-04-06 16:15:11.134499+07	253	3383	192
1141	4620.52	auto	completed	1	44	0.00	Automatic profit from Drone Arundala (U7S9DFF)	2026-04-06 16:15:11.154324+07	252	3384	192
1142	4655.64	auto	completed	2	43	4585.91	Automatic profit from Drone Arundala (U7S9DFF)	2026-04-06 16:15:11.177311+07	243	3388	179
1143	16380.82	auto	completed	2	42	16645.90	Automatic profit from Drone Amythis (U9SODWK)	2026-04-06 16:15:11.191602+07	242	3391	179
1144	6183.67	auto	completed	2	40	6378.74	Automatic profit from Drone Meleza (K80SDML)	2026-04-06 16:15:11.207966+07	241	3392	178
1145	11059.78	auto	completed	2	43	10752.16	Automatic profit from Drone Czorto (MU7PL6A)	2026-04-06 16:15:11.224851+07	240	3394	178
1146	4639.57	auto	completed	2	43	4431.25	Automatic profit from Drone Arundala (U7S9DFF)	2026-04-06 16:15:11.241706+07	239	3396	178
1147	34467.85	auto	completed	2	41	34540.02	Automatic profit from Drone Aqriac (U1IS3MD)	2026-04-06 17:25:13.991089+07	244	3398	2
1148	4542.94	auto	completed	1	44	0.00	Automatic profit from Drone Arundala (U7S9DFF)	2026-04-06 18:00:15.491914+07	264	3399	177
1149	16446.46	auto	completed	2	41	16223.81	Automatic profit from Drone Amythis (U9SODWK)	2026-04-07 08:52:18.571165+07	248	3401	181
1150	4654.55	auto	completed	2	42	4604.62	Automatic profit from Drone Arundala (U7S9DFF)	2026-04-07 08:52:18.639929+07	247	3402	181
1151	16685.70	auto	completed	2	41	17010.99	Automatic profit from Drone Amythis (U9SODWK)	2026-04-07 08:52:18.675433+07	246	3405	180
1152	4510.56	auto	completed	2	42	4449.16	Automatic profit from Drone Arundala (U7S9DFF)	2026-04-07 08:52:18.712252+07	245	3406	180
1153	16926.42	auto	completed	3	40	33387.59	Automatic profit from Drone Amythis (U9SODWK)	2026-04-07 08:52:18.765681+07	227	3409	173
1154	4468.39	auto	completed	3	41	9108.37	Automatic profit from Drone Arundala (U7S9DFF)	2026-04-07 08:52:18.796317+07	226	3411	173
1155	17400.00	auto	completed	14	29	226200.00	Automatic profit from Drone Arundala (U7S9DFF)	2026-04-07 08:52:18.85714+07	218	3413	149
1156	17400.00	auto	completed	14	29	226200.00	Automatic profit from Drone Arundala (U7S9DFF)	2026-04-07 08:52:18.921317+07	217	3417	158
1157	17400.00	auto	completed	14	29	226200.00	Automatic profit from Drone Arundala (U7S9DFF)	2026-04-07 08:52:18.982544+07	216	3421	157
1158	17400.00	auto	completed	14	29	226200.00	Automatic profit from Drone Arundala (U7S9DFF)	2026-04-07 08:52:19.047349+07	215	3425	156
1159	17400.00	auto	completed	14	29	226200.00	Automatic profit from Drone Arundala (U7S9DFF)	2026-04-07 08:52:19.105444+07	214	3429	155
1160	17400.00	auto	completed	14	29	226200.00	Automatic profit from Drone Arundala (U7S9DFF)	2026-04-07 08:52:19.165154+07	213	3433	154
1161	17400.00	auto	completed	14	29	226200.00	Automatic profit from Drone Arundala (U7S9DFF)	2026-04-07 08:52:19.226013+07	212	3437	153
1162	17400.00	auto	completed	14	29	226200.00	Automatic profit from Drone Arundala (U7S9DFF)	2026-04-07 08:52:19.285812+07	211	3441	152
1163	17400.00	auto	completed	14	29	226200.00	Automatic profit from Drone Arundala (U7S9DFF)	2026-04-07 08:52:19.352268+07	210	3445	151
1164	17400.00	auto	completed	14	29	226200.00	Automatic profit from Drone Arundala (U7S9DFF)	2026-04-07 08:52:19.414326+07	208	3449	150
1165	17400.00	auto	completed	14	29	226200.00	Automatic profit from Drone Arundala (U7S9DFF)	2026-04-07 08:52:19.476573+07	207	3453	148
1166	500.00	auto	completed	14	13	6500.00	Automatic profit from Drone Arundala (U7S9DFF)	2026-04-07 08:52:19.541266+07	204	3457	148
1167	500.00	auto	completed	14	13	6500.00	Automatic profit from Drone Arundala (U7S9DFF)	2026-04-07 08:52:19.603879+07	198	3461	147
1168	500.00	auto	completed	14	13	6500.00	Automatic profit from Drone Arundala (U7S9DFF)	2026-04-07 08:52:19.670334+07	196	3465	147
1169	500.00	auto	completed	14	13	6500.00	Automatic profit from Drone Arundala (U7S9DFF)	2026-04-07 08:52:19.730333+07	195	3469	145
1170	500.00	auto	completed	14	13	6500.00	Automatic profit from Drone Arundala (U7S9DFF)	2026-04-07 08:52:19.789505+07	194	3472	143
1171	500.00	auto	completed	14	12	6500.00	Automatic profit from Drone Arundala (U7S9DFF)	2026-04-07 08:52:19.843487+07	192	3474	143
1172	500.00	auto	completed	14	12	6500.00	Automatic profit from Drone Arundala (U7S9DFF)	2026-04-07 08:52:19.895786+07	191	3476	2
1173	1000.00	auto	completed	14	12	13000.00	Automatic profit from Drone Amythis (U9SODWK)	2026-04-07 08:52:19.947212+07	190	3477	2
1174	4520.05	auto	completed	3	42	9070.47	Automatic profit from Drone Arundala (U7S9DFF)	2026-04-07 09:02:20.434415+07	228	3478	169
1175	6461.65	auto	completed	3	39	12807.25	Automatic profit from Drone Meleza (K80SDML)	2026-04-07 09:22:21.157229+07	230	3479	169
1176	10165.60	auto	completed	3	42	21165.42	Automatic profit from Drone Czorto (MU7PL6A)	2026-04-07 09:22:21.177457+07	229	3480	169
1177	4647.15	auto	completed	3	42	8936.08	Automatic profit from Drone Arundala (U7S9DFF)	2026-04-07 10:02:22.839592+07	231	3481	172
1178	302414.88	auto	completed	3	37	599433.94	Automatic profit from Drone Aterio (U5MLSKI)	2026-04-07 10:07:23.134873+07	232	3483	172
1179	16418.00	auto	completed	3	41	32322.50	Automatic profit from Drone Amythis (U9SODWK)	2026-04-07 10:22:23.854314+07	234	3484	174
1180	4544.15	auto	completed	3	42	9151.28	Automatic profit from Drone Arundala (U7S9DFF)	2026-04-07 10:22:23.918993+07	233	3485	174
1181	4482.03	auto	completed	2	43	4525.93	Automatic profit from Drone Arundala (U7S9DFF)	2026-04-07 10:27:24.266914+07	249	3488	191
1182	4475.45	auto	completed	3	42	9054.55	Automatic profit from Drone Arundala (U7S9DFF)	2026-04-07 10:27:24.349169+07	236	3491	175
1183	16154.00	auto	completed	3	41	33207.35	Automatic profit from Drone Amythis (U9SODWK)	2026-04-07 10:27:24.388092+07	235	3495	175
1184	4530.78	auto	completed	3	42	9180.00	Automatic profit from Drone Arundala (U7S9DFF)	2026-04-07 10:32:24.718131+07	238	3497	176
1185	16257.40	auto	completed	3	41	32801.04	Automatic profit from Drone Amythis (U9SODWK)	2026-04-07 10:32:24.771163+07	237	3501	176
1186	6642.85	auto	completed	2	40	6055.49	Automatic profit from Drone Meleza (K80SDML)	2026-04-07 10:47:25.735145+07	251	3503	191
1187	10418.26	auto	completed	2	43	10310.37	Automatic profit from Drone Czorto (MU7PL6A)	2026-04-07 10:47:25.803799+07	250	3506	191
1188	173688.22	auto	completed	2	39	175646.32	Automatic profit from Drone Avurpa (U3MLZTY)	2026-04-07 16:18:13.279702+07	267	3509	191
1189	304971.77	auto	completed	2	38	293604.22	Automatic profit from Drone Aterio (U5MLSKI)	2026-04-07 16:18:13.325232+07	266	3510	191
1190	4546.92	auto	completed	2	43	4507.72	Automatic profit from Drone Arundala (U7S9DFF)	2026-04-07 16:18:13.354275+07	265	3511	203
1191	34946.06	auto	completed	2	41	35747.63	Automatic profit from Drone Aqriac (U1IS3MD)	2026-04-07 16:18:13.374723+07	263	3515	192
1192	83039.44	auto	completed	2	40	79695.10	Automatic profit from Drone Alouz (U0M3KDX)	2026-04-07 16:18:13.392326+07	262	3517	191
1193	4627.98	auto	completed	2	43	4664.59	Automatic profit from Drone Arundala (U7S9DFF)	2026-04-07 16:18:13.419583+07	261	3518	199
1194	4543.54	auto	completed	2	43	4576.43	Automatic profit from Drone Arundala (U7S9DFF)	2026-04-07 16:18:13.443677+07	260	3522	198
1195	35242.82	auto	completed	2	41	34693.68	Automatic profit from Drone Aqriac (U1IS3MD)	2026-04-07 16:18:13.460756+07	259	3526	191
1196	36071.95	auto	completed	2	41	35793.94	Automatic profit from Drone Aqriac (U1IS3MD)	2026-04-07 16:18:13.484949+07	258	3527	195
1197	16623.93	auto	completed	2	42	16491.01	Automatic profit from Drone Amythis (U9SODWK)	2026-04-07 16:18:13.506618+07	257	3530	194
1198	4620.49	auto	completed	2	43	4431.97	Automatic profit from Drone Arundala (U7S9DFF)	2026-04-07 16:18:13.530724+07	256	3533	194
1199	16510.38	auto	completed	2	42	16562.16	Automatic profit from Drone Amythis (U9SODWK)	2026-04-07 16:18:13.552052+07	255	3537	193
1200	4454.48	auto	completed	2	43	4676.71	Automatic profit from Drone Arundala (U7S9DFF)	2026-04-07 16:18:13.574931+07	254	3539	193
1201	16357.54	auto	completed	2	42	16624.51	Automatic profit from Drone Amythis (U9SODWK)	2026-04-07 16:18:13.591484+07	253	3543	192
1202	4647.62	auto	completed	2	43	4620.52	Automatic profit from Drone Arundala (U7S9DFF)	2026-04-07 16:18:13.614834+07	252	3544	192
1203	4671.71	auto	completed	3	42	9241.55	Automatic profit from Drone Arundala (U7S9DFF)	2026-04-07 16:18:13.642542+07	243	3548	179
1204	16713.23	auto	completed	3	41	33026.72	Automatic profit from Drone Amythis (U9SODWK)	2026-04-07 16:18:13.662199+07	242	3551	179
1205	6730.27	auto	completed	3	39	12562.41	Automatic profit from Drone Meleza (K80SDML)	2026-04-07 16:18:13.69113+07	241	3552	178
1206	11143.86	auto	completed	3	42	21811.94	Automatic profit from Drone Czorto (MU7PL6A)	2026-04-07 16:18:13.712411+07	240	3554	178
1207	4531.75	auto	completed	3	42	9070.82	Automatic profit from Drone Arundala (U7S9DFF)	2026-04-07 16:18:13.734747+07	239	3556	178
1208	35125.87	auto	completed	3	40	69007.87	Automatic profit from Drone Aqriac (U1IS3MD)	2026-04-07 17:28:16.58699+07	244	3558	2
1209	4471.56	auto	completed	2	43	4542.94	Automatic profit from Drone Arundala (U7S9DFF)	2026-04-07 18:03:18.074372+07	264	3559	177
1210	177153.20	auto	completed	3	38	349334.54	Automatic profit from Drone Avurpa (U3MLZTY)	2026-04-09 20:01:28.564411+07	267	3561	191
1211	300504.79	auto	completed	3	37	598575.99	Automatic profit from Drone Aterio (U5MLSKI)	2026-04-09 20:01:28.619565+07	266	3562	191
1212	4544.24	auto	completed	3	42	9054.64	Automatic profit from Drone Arundala (U7S9DFF)	2026-04-09 20:01:28.658731+07	265	3563	203
1213	4595.18	auto	completed	3	42	9014.50	Automatic profit from Drone Arundala (U7S9DFF)	2026-04-09 20:01:28.693463+07	264	3567	177
\.


--
-- Data for Name: deposits; Type: TABLE DATA; Schema: public; Owner: postgres
--

COPY public.deposits (id, gateway, order_num, amount, wallet_type, status, payment_url, request_params, response_payload, callback_payload, callback_at, created_at, updated_at, transaction_id, user_id) FROM stdin;
97	JAYAPAY	DEP-20260305221343-AAEEDC	35000.00	BALANCE_DEPOSIT	FAILED		{"name": "Yoyo", "sign": "T2PEii+KcmfDj/sISlbwb0dXNWy6Wh64Ni8qu51QWRznIOJdsvhYyWSegDPwf45MNLTBAgmw4/4Ptpn5UaEyM1ZmzrfcCQCwZZ4Y+560zXGwZ4PST/ARDhRjpefAjj06U57mWbJDhp6aUZjqhRtu5RS09iEyb8krk/WwzFO03kQ7TB+74lW/mvXi54ic0PZ7mWGlhpkq0iadySkJ1uQMXDGAqNvoLzsAByvYwxIc6cx5oken9RyyJCo6AVRT6oXzSVFCU4/zrTUB67QiZxOTeeMnpLZN93znW1wQso/Pb/a2nW4W6WXAEZCXzlkXd9snNKLvCQk0Id+CyWaKqUbQdA==", "email": "k00rkthpl8@example.com", "phone": "+6289595959595", "method": "", "dateTime": "20260305221343", "orderNum": "DEP-20260305221343-AAEEDC", "payMoney": "35000", "notifyUrl": "https://api.bcbt-bt.online/api/deposits/jayapay/callback/", "orderType": "0", "expiryPeriod": "1000", "merchantCode": "S820250914134021000027", "productDetail": "Top Up Saldo"}	{"platSign": "CBucsbEjXo1Jjak0jY77O0USm3IweQHqp/ShHl/z/mqq7RACGMf3j1WkWcU/HRnHZCjnKgf67kwqbi7SSGMTW/kMMMFVLMWO3WrwNLKLhya8zTwBl97KuOiEzoQlqVxqevLKD7VVztIYA0x/ZN5TRGmNwHfFC+Nnk1RA/m2/NEk=", "platRespCode": "FAIL", "platRespMessage": "JayaPay-params : verify signature failed"}	\N	\N	2026-03-05 22:13:43.642228+07	2026-03-05 22:13:43.642228+07	2172	2
106	JAYAPAY	DEP-20260403134250-5C4FD2	1000000.00	BALANCE_DEPOSIT	FAILED		{"name": "Yoyo", "sign": "d5k95usFR1H0kbZfiUGRrcUox46S7R2LAAfOR2pV87ciMXJaoHiE5wy6sosNXn0O6SBlT84IFQuMRHLIT5935nv0wmCDynEqfWpzuu4iKGbVr1Pp2TiX0qm028A9sfhcRNVqHbiyx7A9XS8hEzGh+7JScuNMJNvCY0L4kwadfudi9cXYDHuzr1BZmf40l0Rbf0pD1FHpnvS1S20KpXeJPyyyFkwOuCttb5U5cDNAqlEOeogJJDti6LjxhwUgKMKRr5TAWfQeAOd6fWInJ04kKSbXd7gLp8ZIQHtV9wxx9mP2wWjyCLzIFGhC9PrX1XULRAIqdpSOmdRU2Vq1LoSTtA==", "email": "k00rkthpl8@example.com", "phone": "+6289595959595", "method": "", "dateTime": "20260403134250", "orderNum": "DEP-20260403134250-5C4FD2", "payMoney": "1000000", "notifyUrl": "https://api.bcbt-bt.online/api/deposits/jayapay/callback/", "orderType": "0", "expiryPeriod": "1000", "merchantCode": "S820250914134021000027", "productDetail": "Top Up Saldo"}	{"platSign": "CBucsbEjXo1Jjak0jY77O0USm3IweQHqp/ShHl/z/mqq7RACGMf3j1WkWcU/HRnHZCjnKgf67kwqbi7SSGMTW/kMMMFVLMWO3WrwNLKLhya8zTwBl97KuOiEzoQlqVxqevLKD7VVztIYA0x/ZN5TRGmNwHfFC+Nnk1RA/m2/NEk=", "platRespCode": "FAIL", "platRespMessage": "JayaPay-params : verify signature failed"}	\N	\N	2026-04-03 13:42:50.544246+07	2026-04-03 13:42:50.544246+07	3017	2
123	JAYAPAY	DEP-20260404115241-256674	780000.00	BALANCE_DEPOSIT	COMPLETED		{"name": "A9", "sign": "E2hrcMPH7xKkFmjo/dAkaGZ5b5qQ6QDQDhmVfcXCp0Hf7Kn5grs+hNAuD0oRuBaF/pNcJXSLs/wYvVOQHr+dWDsn56+ELXYhd11Leb9jDdc1hossgUje+vcru7yLsn3zbNv9MfwAZiwhINXZXzi/lLXatizrdxD8tYZf6s2FOvE/aW+wQcz4ZDN3t5usnNG8EEZXSiP678p0E0Ggwxea4rUapcKLe10qc4doAJmD4pQLniOSQcJAupnHLQsKkV9v65PX1ub4GfwKlB+sFHmX4eHE33P8F9A86bOSPZiTmQX3O2kk9DnqIz4A32gqc866xmt8bLkEkeV4NMGAo7jifg==", "email": "a9@gmail.com", "phone": "+6282122425479", "method": "", "dateTime": "20260404115241", "orderNum": "DEP-20260404115241-256674", "payMoney": "780000", "notifyUrl": "https://api.bcbt-bt.online/api/deposits/jayapay/callback/", "orderType": "0", "expiryPeriod": "1000", "merchantCode": "S820250914134021000027", "productDetail": "Top Up Saldo"}	{"platSign": "CBucsbEjXo1Jjak0jY77O0USm3IweQHqp/ShHl/z/mqq7RACGMf3j1WkWcU/HRnHZCjnKgf67kwqbi7SSGMTW/kMMMFVLMWO3WrwNLKLhya8zTwBl97KuOiEzoQlqVxqevLKD7VVztIYA0x/ZN5TRGmNwHfFC+Nnk1RA/m2/NEk=", "platRespCode": "FAIL", "platRespMessage": "JayaPay-params : verify signature failed"}	\N	\N	2026-04-04 11:52:41.681054+07	2026-04-04 11:52:51.246364+07	3201	199
98	JAYAPAY	DEP-20260307001928-18F323	35000.00	BALANCE_DEPOSIT	COMPLETED		{"name": "usermmf3bgeb6789", "sign": "aCeSUY9VEBweK1Ilw142gjd135hh4miS7Ca3ef7Y7t31P5zIuVGyQtXhF7C4g4j8941qO/52GhZkLuirEouu/Kvi61ijN/GKRwyckcRTBhZBsHxgfUD0wIWErWZlC6qkT6DVgeASeFY/MHL7z1A8jCJekVr/dKA+hqnsI051IpCt/gzjaFI9xMzLFU0jL0x8i+e/y3yjNgBahPCl+OAjo+v4Gws7LmZZqRZ8jkhedmBZvPkMpDYXxwYsYurEzDilWTmP6PrIZgqUKWb8MPKTRgVMCpdLaEa9Aq+t3K9qggtldWx0UusNzMHMxj0MS7wjbIiBp1Gu5/6kWMu6v5DH9g==", "email": "user_mmf3bgeb_r1p8lu@example.com", "phone": "+62883123456789", "method": "", "dateTime": "20260307001928", "orderNum": "DEP-20260307001928-18F323", "payMoney": "35000", "notifyUrl": "https://api.bcbt-bt.online/api/deposits/jayapay/callback/", "orderType": "0", "expiryPeriod": "1000", "merchantCode": "S820250914134021000027", "productDetail": "Top Up Saldo"}	{"platSign": "CBucsbEjXo1Jjak0jY77O0USm3IweQHqp/ShHl/z/mqq7RACGMf3j1WkWcU/HRnHZCjnKgf67kwqbi7SSGMTW/kMMMFVLMWO3WrwNLKLhya8zTwBl97KuOiEzoQlqVxqevLKD7VVztIYA0x/ZN5TRGmNwHfFC+Nnk1RA/m2/NEk=", "platRespCode": "FAIL", "platRespMessage": "JayaPay-params : verify signature failed"}	\N	\N	2026-03-07 00:19:29.046432+07	2026-03-07 00:19:48.607143+07	2200	147
124	JAYAPAY	DEP-20260404145333-0BD737	35000.00	BALANCE_DEPOSIT	COMPLETED		{"name": "A1", "sign": "TDlZVuKyyu4MRpPRynMJ4E3fGqMQlyQQd515HsNYpn+0vfU6HUo94x/yI6CGUNpVDY/y9SPzdYKvkUWjM3cUfpgZDh09U8HO48uPBa0BItpyXO4nIuYWz9AKRX+yitz1TigO/wEXZoOQ8Ojjlx1HuirGdQ92l9FCYeDllXhSOfgqErQivtic+I1XIqKDgB50g8olgVSf4X5vOWoNr9TVaiJER07Qe7cU4pwstfTyrZl0VsQJHF8lAzYzomPuGajrzB4vU5mxBFY7oCGGYyxIIr1oD8/qv6zuYVI3FXhmpsGIElR44egZ678+a/uurjQTI1Khzx5Xls6sV3TPkYLi3A==", "email": "a1@gmail.com", "phone": "+6282122425470", "method": "", "dateTime": "20260404145333", "orderNum": "DEP-20260404145333-0BD737", "payMoney": "35000", "notifyUrl": "https://api.bcbt-bt.online/api/deposits/jayapay/callback/", "orderType": "0", "expiryPeriod": "1000", "merchantCode": "S820250914134021000027", "productDetail": "Top Up Saldo"}	{"platSign": "CBucsbEjXo1Jjak0jY77O0USm3IweQHqp/ShHl/z/mqq7RACGMf3j1WkWcU/HRnHZCjnKgf67kwqbi7SSGMTW/kMMMFVLMWO3WrwNLKLhya8zTwBl97KuOiEzoQlqVxqevLKD7VVztIYA0x/ZN5TRGmNwHfFC+Nnk1RA/m2/NEk=", "platRespCode": "FAIL", "platRespMessage": "JayaPay-params : verify signature failed"}	\N	\N	2026-04-04 14:53:33.324076+07	2026-04-04 14:54:51.746193+07	3210	191
107	JAYAPAY	DEP-20260403145421-EACE65	100000.00	BALANCE_DEPOSIT	COMPLETED		{"name": "testbersih1", "sign": "h1zUgSfOXYCSA9KNERT3bAvVUx/Y9Gp2Xc2OHK8pDDL7+us8FN2A4Z4Ab+FFfrKSf4poqUZrSCwtpudqyRjUliIqeWWE1/TGwIvMB1F/pbihQmnFppWy110gmW0GOvSoWuPYUkKDMkvVf/rMjhLu8XcOZAfUZHEPvAcmwna+tRSojH14HWzLqWW+oYGGdCcj6smQ8rr7abqIpCKuAdFsoX4LS+hEHIDO+J/ZZOzlCRX1Cd5XbvxO41TZ3KRyaSPnCPafarSejYtgj0Uz9NgkqZI2hym+e7tY8EVLLIVZ0r6g4eq86VlnKB82kf1y9nNWNjM8PEuN3H1Hl/7arW5MfA==", "email": "testbersih@gmail.com", "phone": "+62895403400600", "method": "", "dateTime": "20260403145421", "orderNum": "DEP-20260403145421-EACE65", "payMoney": "100000", "notifyUrl": "https://api.bcbt-bt.online/api/deposits/jayapay/callback/", "orderType": "0", "expiryPeriod": "1000", "merchantCode": "S820250914134021000027", "productDetail": "Top Up Saldo"}	{"platSign": "CBucsbEjXo1Jjak0jY77O0USm3IweQHqp/ShHl/z/mqq7RACGMf3j1WkWcU/HRnHZCjnKgf67kwqbi7SSGMTW/kMMMFVLMWO3WrwNLKLhya8zTwBl97KuOiEzoQlqVxqevLKD7VVztIYA0x/ZN5TRGmNwHfFC+Nnk1RA/m2/NEk=", "platRespCode": "FAIL", "platRespMessage": "JayaPay-params : verify signature failed"}	\N	\N	2026-04-03 14:54:21.518212+07	2026-04-03 14:54:41.51114+07	3018	178
99	JAYAPAY	DEP-20260307031017-F1832C	35000.00	BALANCE_DEPOSIT	COMPLETED		{"name": "usermmf3bgeb6789", "sign": "Pz+a9xOGX/fIVtyvIJN7we59FUzU2z5+yRAPy+9frGTTtdh+ox5dLlVFY4Gf7EkJr4Io7SgZ+AFDF9/NsQnvVwce9sn2CViKJDghM2KNL9ggSVkbPu8aRVfOICdx3Z6a1Ai1XyEPkjq9xc/AX8fxI86YAhxYzKxg3bE3ucSe7M2V6Nz8YIT9u3LtRm4jymZO2ViRkuWesw1NaRc+RLX5DITftS+a2NP/PdzmdYxrDJQFwXDceTblv6iYeUAD6bmQI3hn448gVSi+qehZj/MXPaAQiJSfew+ne0YjB6nq7C/aVWXwBgXokCho2zsXUtXI7enqhpX5EIcCPvfi3j311w==", "email": "user_mmf3bgeb_r1p8lu@example.com", "phone": "+62883123456789", "method": "", "dateTime": "20260307031017", "orderNum": "DEP-20260307031017-F1832C", "payMoney": "35000", "notifyUrl": "https://api.bcbt-bt.online/api/deposits/jayapay/callback/", "orderType": "0", "expiryPeriod": "1000", "merchantCode": "S820250914134021000027", "productDetail": "Top Up Saldo"}	{"platSign": "CBucsbEjXo1Jjak0jY77O0USm3IweQHqp/ShHl/z/mqq7RACGMf3j1WkWcU/HRnHZCjnKgf67kwqbi7SSGMTW/kMMMFVLMWO3WrwNLKLhya8zTwBl97KuOiEzoQlqVxqevLKD7VVztIYA0x/ZN5TRGmNwHfFC+Nnk1RA/m2/NEk=", "platRespCode": "FAIL", "platRespMessage": "JayaPay-params : verify signature failed"}	\N	\N	2026-03-07 03:10:18.012112+07	2026-03-07 03:10:35.399391+07	2211	147
125	JAYAPAY	DEP-20260404145638-141CC5	50000.00	BALANCE_DEPOSIT	COMPLETED		{"name": "A1", "sign": "icega6VY7A6lnD5tMxfoZv8vEpgQCIyHIjGVuY6IgotmCDJidyrLlI/qA8baDFXDfSU5o4jxAFrZmdmPsVakLeFrBfsSDjGxNA0LZvvVhGE/+ih6apu1YPDewKjrzTC6HnH6lXrFceLH/QNM7hBnF6qr+E4k4aaBdrYrPQerVrSBsQXGcK+ZBhXGliW7nD75fZcHVP0plzqO2VBg44YGj1knbzqbXdcGEdf3wB2sv3G1lzyBubY4r7g9rDwitiR7aHATyq+a9p8jVgphL7F+Mkc+aP8xh8gLxH20snURjiurxaC91nbYHwAewGKhOp+UD9nq+f214igq4ZoBglVnBg==", "email": "a1@gmail.com", "phone": "+6282122425470", "method": "", "dateTime": "20260404145638", "orderNum": "DEP-20260404145638-141CC5", "payMoney": "50000", "notifyUrl": "https://api.bcbt-bt.online/api/deposits/jayapay/callback/", "orderType": "0", "expiryPeriod": "1000", "merchantCode": "S820250914134021000027", "productDetail": "Top Up Saldo"}	{"platSign": "CBucsbEjXo1Jjak0jY77O0USm3IweQHqp/ShHl/z/mqq7RACGMf3j1WkWcU/HRnHZCjnKgf67kwqbi7SSGMTW/kMMMFVLMWO3WrwNLKLhya8zTwBl97KuOiEzoQlqVxqevLKD7VVztIYA0x/ZN5TRGmNwHfFC+Nnk1RA/m2/NEk=", "platRespCode": "FAIL", "platRespMessage": "JayaPay-params : verify signature failed"}	\N	\N	2026-04-04 14:56:38.239668+07	2026-04-04 14:56:58.13832+07	3212	191
108	JAYAPAY	DEP-20260403222537-1CCFF4	130000.00	BALANCE_DEPOSIT	COMPLETED		{"name": "tesref1", "sign": "bZtkLoXKnGKVOuQW1eiBY10Jh2kM1jRV03Qin/zxOYEYqzKJ+vXhlMVdT8n8oTzleDgiVuPOC0JQlGe+iAg1o6g1LfRFmqAnoLth43WpnyjUkFlHOGDcvLvzZNYbLKN/P45QupiqUR+uwyFfIUi2FouoNGUqHH/XjjrxozV/D9ImuBvV+GPIeWe39l4cbw4EEEkVTKNSUd1kJ6x393VSljDFLyOuiEeSbPx51dmnHXHURkNrOBl2+33ZGk8v+FbOSVDYfz5UbHsH6932kzpAPCcsgsx3DIgbGK1L3lIblZri8YfHCmBWZ00pn0x9km82vUiqvqJ/XBtaFf1NEgmpdA==", "email": "tesref1@gmail.com", "phone": "+6281234567811", "method": "", "dateTime": "20260403222537", "orderNum": "DEP-20260403222537-1CCFF4", "payMoney": "130000", "notifyUrl": "https://api.bcbt-bt.online/api/deposits/jayapay/callback/", "orderType": "0", "expiryPeriod": "1000", "merchantCode": "S820250914134021000027", "productDetail": "Top Up Saldo"}	{"platSign": "CBucsbEjXo1Jjak0jY77O0USm3IweQHqp/ShHl/z/mqq7RACGMf3j1WkWcU/HRnHZCjnKgf67kwqbi7SSGMTW/kMMMFVLMWO3WrwNLKLhya8zTwBl97KuOiEzoQlqVxqevLKD7VVztIYA0x/ZN5TRGmNwHfFC+Nnk1RA/m2/NEk=", "platRespCode": "FAIL", "platRespMessage": "JayaPay-params : verify signature failed"}	\N	\N	2026-04-03 22:25:37.909972+07	2026-04-03 22:25:58.153701+07	3096	180
126	JAYAPAY	DEP-20260404173759-0DEBD7	50000.00	BALANCE_DEPOSIT	FAILED		{"name": "A1", "sign": "VdjMmn6rtPnhf5ndu6TIKlqn/cKC1lg0A9q5oqv4C/aneWLwUur3slohEuulOljIR+AdCOGjffLY62Sxa3Mze1M0Prn8JicNWQOh+uGqbz1E1m1+j8sQ4HVb9AVpzIBodAIWy5OorZY+0mXHDyVLWaBBibGHlooLrW2msSn4c2gixgurDRKnlAYuYYsgLnOb/vmmPLOLv7QZGvnMOtQ2zVpVonyDMPDPcp1+79kSVywiqcrGDWvrOeUMAhs49LcMfLv2hBZbyBUiF+kiRNGN4rKtmZSqjIdTSlnVOFpaRVbXzTnalQ0nch1qYO6N9sXNh1EPytOk/UKIUjZVp5+8KA==", "email": "a1@gmail.com", "phone": "+6282122425470", "method": "", "dateTime": "20260404173759", "orderNum": "DEP-20260404173759-0DEBD7", "payMoney": "50000", "notifyUrl": "https://api.bcbt-bt.online/api/deposits/jayapay/callback/", "orderType": "0", "expiryPeriod": "1000", "merchantCode": "S820250914134021000027", "productDetail": "Top Up Saldo"}	{"platSign": "CBucsbEjXo1Jjak0jY77O0USm3IweQHqp/ShHl/z/mqq7RACGMf3j1WkWcU/HRnHZCjnKgf67kwqbi7SSGMTW/kMMMFVLMWO3WrwNLKLhya8zTwBl97KuOiEzoQlqVxqevLKD7VVztIYA0x/ZN5TRGmNwHfFC+Nnk1RA/m2/NEk=", "platRespCode": "FAIL", "platRespMessage": "JayaPay-params : verify signature failed"}	\N	\N	2026-04-04 17:38:00.070054+07	2026-04-04 17:38:00.070054+07	3222	191
100	JAYAPAY	DEP-20260307040302-8B9655	35000.00	BALANCE_DEPOSIT	COMPLETED		{"name": "usermmfdhfno6789", "sign": "I1lyZt/K4AY07IwgFlWJaS7I++4t4eGwFk8FDML7lPfCIKsRDE0CjeXYZBvWlOUFOzzKAzF9ha2Zg8MIKYrYqVrGF00WXbF5df3ciTvuvBUgtzUYhq/JcsaZvyN+vKxpxSPMG9qc2n9C3lx7TA+vaPBAVyMMuadL2U2D9Qy5wZ5wwW5o/5tjZOUGEinOLT59BSArF24Ti/Ba13VQr0owSDFwp60RhIZx1Z5m8yTq1z7PFJBtRnmktEJKXOsjTzzAs4xMyizqzofO+GhXT8YcLcpetQ9+v5Mx0w2NMOM8BAQ0ENxA+Em9EfhOLqyq9Vyxd2yVJVBMiF+vsL/z5nZgYg==", "email": "user_mmfdhfno_6vdcfz@example.com", "phone": "+6289123456789", "method": "", "dateTime": "20260307040302", "orderNum": "DEP-20260307040302-8B9655", "payMoney": "35000", "notifyUrl": "https://api.bcbt-bt.online/api/deposits/jayapay/callback/", "orderType": "0", "expiryPeriod": "1000", "merchantCode": "S820250914134021000027", "productDetail": "Top Up Saldo"}	{"platSign": "CBucsbEjXo1Jjak0jY77O0USm3IweQHqp/ShHl/z/mqq7RACGMf3j1WkWcU/HRnHZCjnKgf67kwqbi7SSGMTW/kMMMFVLMWO3WrwNLKLhya8zTwBl97KuOiEzoQlqVxqevLKD7VVztIYA0x/ZN5TRGmNwHfFC+Nnk1RA/m2/NEk=", "platRespCode": "FAIL", "platRespMessage": "JayaPay-params : verify signature failed"}	\N	\N	2026-03-07 04:03:02.440068+07	2026-03-07 04:03:40.146745+07	2230	148
109	JAYAPAY	DEP-20260403222855-43D00E	1300000.00	BALANCE_DEPOSIT	COMPLETED		{"name": "tesref1", "sign": "TfuJBcjpfMjFCdrTIN4xnFm5nMrZ+hqvMfdnpDR4i+ZjrvAnKma/h74YT39r3OZvs8nWIT5GXDiLdP9ozSiUuBXFGBM7zUW+uf+Ty8AF7D6JY+4zIhJ76m32QR0X/AhxIhein/Ei4F1+LJImrhoMS1PpYqPwCuQyI2CflawJf/mW+wGlNhynoBoI90rmCVI4E+Ks+6lzzxoaut8umyRGyEjlJCyahA9oNU5Uz3j2DuSPUc78EzHlV65g9KtF5vhCItZzPIxv2VvXwxeWXcs7/QCnJtu7eo0G+3aWNgT2mYXsQoxNApkYFjNEUSc5pwnAnCLGC5f9q6Rm1q9Fp1nF4A==", "email": "tesref1@gmail.com", "phone": "+6281234567811", "method": "", "dateTime": "20260403222855", "orderNum": "DEP-20260403222855-43D00E", "payMoney": "1300000", "notifyUrl": "https://api.bcbt-bt.online/api/deposits/jayapay/callback/", "orderType": "0", "expiryPeriod": "1000", "merchantCode": "S820250914134021000027", "productDetail": "Top Up Saldo"}	{"platSign": "CBucsbEjXo1Jjak0jY77O0USm3IweQHqp/ShHl/z/mqq7RACGMf3j1WkWcU/HRnHZCjnKgf67kwqbi7SSGMTW/kMMMFVLMWO3WrwNLKLhya8zTwBl97KuOiEzoQlqVxqevLKD7VVztIYA0x/ZN5TRGmNwHfFC+Nnk1RA/m2/NEk=", "platRespCode": "FAIL", "platRespMessage": "JayaPay-params : verify signature failed"}	\N	\N	2026-04-03 22:28:55.894254+07	2026-04-03 22:29:23.115615+07	3098	180
101	JAYAPAY	DEP-20260307183815-769DE1	100000.00	BALANCE_DEPOSIT	COMPLETED		{"name": "usermmg8v3u46789", "sign": "hTDrh3IBc6in1Tjwp2BViJYbNIx6h+6Dn7wgnn9ShtV5ODNVceVbvqXvOX85qDsOUWxNBauB+1/yvMAkYirO+CQZWiwdXy/by9oTrG2lcxfNTiwd810fefYKaiMtKpG70nA4tmZo31/HVuJMd3b5xP6zZBLDo50hJcerqemZqYw4VUYC6amt9GwB3Syj69Us3cvXP9wHwm0F75VEMzWQrMl6EMeCz2O2PXnYj4bpEDizaLjIwYLW4so62dEjtioYAbuB6Rx68yp2Y7Aka25NruRDEC4t69Z7+AJ5OoJRrE1viC/RHUQ5aLEptARIEYPmLhda53NCQFkoaIT8eB+p5g==", "email": "user_mmg8v3u4_mhglkc@example.com", "phone": "+6281223456789", "method": "", "dateTime": "20260307183815", "orderNum": "DEP-20260307183815-769DE1", "payMoney": "100000", "notifyUrl": "https://api.bcbt-bt.online/api/deposits/jayapay/callback/", "orderType": "0", "expiryPeriod": "1000", "merchantCode": "S820250914134021000027", "productDetail": "Top Up Saldo"}	{"platSign": "CBucsbEjXo1Jjak0jY77O0USm3IweQHqp/ShHl/z/mqq7RACGMf3j1WkWcU/HRnHZCjnKgf67kwqbi7SSGMTW/kMMMFVLMWO3WrwNLKLhya8zTwBl97KuOiEzoQlqVxqevLKD7VVztIYA0x/ZN5TRGmNwHfFC+Nnk1RA/m2/NEk=", "platRespCode": "FAIL", "platRespMessage": "JayaPay-params : verify signature failed"}	\N	\N	2026-03-07 18:38:15.555133+07	2026-03-07 18:38:36.383386+07	2258	150
110	JAYAPAY	DEP-20260403224915-B09B6F	3000.00	BALANCE_DEPOSIT	FAILED		{"name": "testbersih1", "sign": "PvKIwF1JE9eAD+vlA34kGzUHGYINmLWOmv4RtWiKg7qGgYtRyCadCyQ5uAGvWRxVaPPmGTR93qRT8YcJwpCO3GIjAsWuZLL+4HouRPbrIhiEfPcZ0P6zW36PUl9V4/U5e98eeDMqADWnfX0yEPDsS9eI0YwuKUloJlSVJn4FozcTEgMb/wNWYCfQiugyvHLgYnYZ8Nt/V1IYdzXQSq6FyaXLzKt04sJjH8nVUn7iHislRO0l4XLCIql73uz1ouQzJTJnznX/re9LkxFsNVWcNPiK5jLQ0wx7ZA6o+BSBZkEHao5OK+/FHpwgvZR0C9aFvPN6+jjmB28VOMxQEfrYeA==", "email": "testbersih@gmail.com", "phone": "+62895403400600", "method": "", "dateTime": "20260403224915", "orderNum": "DEP-20260403224915-B09B6F", "payMoney": "3000", "notifyUrl": "https://api.bcbt-bt.online/api/deposits/jayapay/callback/", "orderType": "0", "expiryPeriod": "1000", "merchantCode": "S820250914134021000027", "productDetail": "Top Up Saldo"}	{"platSign": "CBucsbEjXo1Jjak0jY77O0USm3IweQHqp/ShHl/z/mqq7RACGMf3j1WkWcU/HRnHZCjnKgf67kwqbi7SSGMTW/kMMMFVLMWO3WrwNLKLhya8zTwBl97KuOiEzoQlqVxqevLKD7VVztIYA0x/ZN5TRGmNwHfFC+Nnk1RA/m2/NEk=", "platRespCode": "FAIL", "platRespMessage": "JayaPay-params : verify signature failed"}	\N	\N	2026-04-03 22:49:15.176765+07	2026-04-03 22:49:15.176765+07	3112	178
127	JAYAPAY	DEP-20260404173810-E6983A	55000.00	BALANCE_DEPOSIT	FAILED		{"name": "A1", "sign": "jWaLcI1uUtpSPESMk1LQ2gprqy26Ix6tWi773P08rkzNqaDgPjcG8305f1rWcVpFMpLGztI/HXHCr1++LVg7UcH940LxieLf8UjZHYucLsgy+wL4UXWzP8TOMJoUSrr+bo9lfQF8SLGm8D/Jm8lvhNlEN7h3fpVVN2gH6F4cQ5IJ3cw1MDQ34lh4zFJ9xvpyLFpBVKsMi11LjMteGOdh+q1IiOI429o5XWeNOB9dBjy/jLlluZZ1gyHPuiMYaVLXiTmvwPth+HP1n85wcRM8MngLkxYe17YQwUm+PD9pENlEeKQ/1z6+MhLt1wgNOuBFdzI2DgylxMsJmB3GM0R+yw==", "email": "a1@gmail.com", "phone": "+6282122425470", "method": "", "dateTime": "20260404173810", "orderNum": "DEP-20260404173810-E6983A", "payMoney": "55000", "notifyUrl": "https://api.bcbt-bt.online/api/deposits/jayapay/callback/", "orderType": "0", "expiryPeriod": "1000", "merchantCode": "S820250914134021000027", "productDetail": "Top Up Saldo"}	{"platSign": "CBucsbEjXo1Jjak0jY77O0USm3IweQHqp/ShHl/z/mqq7RACGMf3j1WkWcU/HRnHZCjnKgf67kwqbi7SSGMTW/kMMMFVLMWO3WrwNLKLhya8zTwBl97KuOiEzoQlqVxqevLKD7VVztIYA0x/ZN5TRGmNwHfFC+Nnk1RA/m2/NEk=", "platRespCode": "FAIL", "platRespMessage": "JayaPay-params : verify signature failed"}	\N	\N	2026-04-04 17:38:10.136604+07	2026-04-04 17:38:10.136604+07	3223	191
102	JAYAPAY	DEP-20260307222057-FFBDA4	500000.00	BALANCE_DEPOSIT	FAILED		{"name": "Yoyo", "sign": "iYmhQ30hvrEcLnftqucyRFbQBewejD0G5cMredjRB58ZylzrILC8FZqxpjy8JUewTzvf87pAtdfWzI2U75CYuoCXjX4WNoaIk8/xTmUCQv8p6lJJWLixuo9AIgY6RyjOZydWpqTO/mPOuZDbkFOdtua/CfjCMusO/oSzZprUMIYUzN4xkRUCvSJ7lTXVg9rIGLBTM/fqX6hkOwqzOJgRJ8+j3JcRvWUdhwkQ3gDPy9o+p26g9K74wJtsEwBDCIe2NRtUjju8ib4caI2FDnsbvojiFmByYyvNwN59VsLfnSjuPlO8VJs/Aygj4ddGnlzRkJNyXaOd9dim8HTImOOWaA==", "email": "k00rkthpl8@example.com", "phone": "+6289595959595", "method": "", "dateTime": "20260307222057", "orderNum": "DEP-20260307222057-FFBDA4", "payMoney": "500000", "notifyUrl": "https://api.bcbt-bt.online/api/deposits/jayapay/callback/", "orderType": "0", "expiryPeriod": "1000", "merchantCode": "S820250914134021000027", "productDetail": "Top Up Saldo"}	{"platSign": "CBucsbEjXo1Jjak0jY77O0USm3IweQHqp/ShHl/z/mqq7RACGMf3j1WkWcU/HRnHZCjnKgf67kwqbi7SSGMTW/kMMMFVLMWO3WrwNLKLhya8zTwBl97KuOiEzoQlqVxqevLKD7VVztIYA0x/ZN5TRGmNwHfFC+Nnk1RA/m2/NEk=", "platRespCode": "FAIL", "platRespMessage": "JayaPay-params : verify signature failed"}	\N	\N	2026-03-07 22:20:57.281692+07	2026-03-07 22:20:57.281692+07	2299	2
111	JAYAPAY	DEP-20260403224919-048BBD	30000.00	BALANCE_DEPOSIT	COMPLETED		{"name": "testbersih1", "sign": "jnnSSA/33/bLuySuYMSmdCUhWqjvDCTAPv2gmDncXMsOVEQQ8ffFeLLAYf0eNIzmW1dVkb+72XSmXdkJ8VzXIf2I3lesFvu5s8KjThakMSZAmJ6T4Yg7bNGoG3xjAJmvq0MUstaAxHIMOBc8Ee7+nV/buMq8M783gVhXJoBYvAJwmy2gAD96Qh3C0DKcfZW4sIc++edaP6nhlFyKvI4GfTL8EJqIIZ6f2MQzS2+mBALhOgqReZeM/9oKXNy1T5rjPhU2GZSIaiw1fDa1GoCUPNb7GdOjRdmx/IQ9LVIkc2DTuQEMP2ZDOJbJ7xA3R6Cg12teOXa/tPKypUYBubFcMA==", "email": "testbersih@gmail.com", "phone": "+62895403400600", "method": "", "dateTime": "20260403224919", "orderNum": "DEP-20260403224919-048BBD", "payMoney": "30000", "notifyUrl": "https://api.bcbt-bt.online/api/deposits/jayapay/callback/", "orderType": "0", "expiryPeriod": "1000", "merchantCode": "S820250914134021000027", "productDetail": "Top Up Saldo"}	{"platSign": "CBucsbEjXo1Jjak0jY77O0USm3IweQHqp/ShHl/z/mqq7RACGMf3j1WkWcU/HRnHZCjnKgf67kwqbi7SSGMTW/kMMMFVLMWO3WrwNLKLhya8zTwBl97KuOiEzoQlqVxqevLKD7VVztIYA0x/ZN5TRGmNwHfFC+Nnk1RA/m2/NEk=", "platRespCode": "FAIL", "platRespMessage": "JayaPay-params : verify signature failed"}	\N	\N	2026-04-03 22:49:19.468761+07	2026-04-03 22:49:48.188673+07	3113	178
103	JAYAPAY	DEP-20260307222104-A06748	500000.00	BALANCE_DEPOSIT	FAILED		{"name": "Yoyo", "sign": "AzIZ4Whd1TI1jxiqroYnsIWjNJLxLXzQBHYtOAvUypaOERwRTTaHWGz3FrJqHGnCZetMl8s/dI7wVwZ815VrP9YjI6BSvzysxiYQNet94x/OVRHEDzhc6FA7i4jCKRQPcMOnMTORX034/NZ8tzbMqxF3zFhlqRnmtgQF+3N8ow8T/fy0XLO7SCqDSkDS6FBbQSs1q+JFRyWUSHACvh38fyEPFyFxL29J2iEqRpchiWYKsRDRgmz2yBIc5uuPJPGCCrOmsXQPWFSJau7h+Kxoav+CN45/T2EBXenx4N/D+fyoz31BAW8pSTBMSwWqh7W6reV8T2qLFSTy2avmcR7Krw==", "email": "k00rkthpl8@example.com", "phone": "+6289595959595", "method": "", "dateTime": "20260307222104", "orderNum": "DEP-20260307222104-A06748", "payMoney": "500000", "notifyUrl": "https://api.bcbt-bt.online/api/deposits/jayapay/callback/", "orderType": "0", "expiryPeriod": "1000", "merchantCode": "S820250914134021000027", "productDetail": "Top Up Saldo"}	{"platSign": "CBucsbEjXo1Jjak0jY77O0USm3IweQHqp/ShHl/z/mqq7RACGMf3j1WkWcU/HRnHZCjnKgf67kwqbi7SSGMTW/kMMMFVLMWO3WrwNLKLhya8zTwBl97KuOiEzoQlqVxqevLKD7VVztIYA0x/ZN5TRGmNwHfFC+Nnk1RA/m2/NEk=", "platRespCode": "FAIL", "platRespMessage": "JayaPay-params : verify signature failed"}	\N	\N	2026-03-07 22:21:04.814439+07	2026-03-07 22:21:04.814439+07	2300	2
112	JAYAPAY	DEP-20260404101228-F9E39F	130000.00	BALANCE_DEPOSIT	COMPLETED		{"name": "A1", "sign": "bdcdlOOOtTO14FSZsT1QxuLVunUA3SfXkydC80Eaw32GzQUcKl5zZHcpZ/cne1zuSA+cWK5sdKpJFXupgSM526WiA2nO8Dnd5KgpFmQ78f/0/IHG1uFv6y6EdUiaL9i0JZUtFG7ZUV2680IJ+4vpNrjq1xAkzMBb3ygBQFyVCfeeqXxpQY3vLAUFiaaDc+yX2U5em9uhVe4fAyvh7qgFAC/K0QRvvHjp+sErC48nBnZ/gJMnrT2hlnf9m700IHh1cd5CiWU4/wRMEJlr/1c6yG7P0+zmp579IUipKJVmP99JilH1xMwhoRfNBUlttrypMFHM9kqbKuuAKJw0uab2iQ==", "email": "a1@gmail.com", "phone": "+6282122425470", "method": "", "dateTime": "20260404101228", "orderNum": "DEP-20260404101228-F9E39F", "payMoney": "130000", "notifyUrl": "https://api.bcbt-bt.online/api/deposits/jayapay/callback/", "orderType": "0", "expiryPeriod": "1000", "merchantCode": "S820250914134021000027", "productDetail": "Top Up Saldo"}	{"platSign": "CBucsbEjXo1Jjak0jY77O0USm3IweQHqp/ShHl/z/mqq7RACGMf3j1WkWcU/HRnHZCjnKgf67kwqbi7SSGMTW/kMMMFVLMWO3WrwNLKLhya8zTwBl97KuOiEzoQlqVxqevLKD7VVztIYA0x/ZN5TRGmNwHfFC+Nnk1RA/m2/NEk=", "platRespCode": "FAIL", "platRespMessage": "JayaPay-params : verify signature failed"}	\N	\N	2026-04-04 10:12:28.762437+07	2026-04-04 10:16:13.113297+07	3131	191
128	JAYAPAY	DEP-20260405120645-6EEB03	130000.00	BALANCE_DEPOSIT	COMPLETED		{"name": "testsatu", "sign": "fJ7422De2A0JuseR0v9/ds8EVKCEQ57e2CEaKD5A1bo325kqLXqFCkVksGX+jQ9Icw8jR8aa5iWjgzwdn7cBY+7rWBjE2cyau7+QfHbVvAObP0cuXYhvgBSNzLVus/9udaOr71rPXoZwx2LegKbCi0T/L5wRNv5WaJ6+tiRJF8o5SC7fQE93K+R5Qw8qNbWiRDP8s11O8lzZ5F3gsyCB6q/a60X3K9pVCdLQD+vVzhoG/za6ZLy4evhMItLpiE0EGfLWuGN4Iq0uT+wOMOQ7B1joAfA12yBYDQUk5BRzP1L5fMXsMJXHhwRBGWD8uLXqPEywnWHxFtCwu0ceQ4fwbw==", "email": "testsatu@gmail.com", "phone": "+6282122425451", "method": "", "dateTime": "20260405120645", "orderNum": "DEP-20260405120645-6EEB03", "payMoney": "130000", "notifyUrl": "https://api.bcbt-bt.online/api/deposits/jayapay/callback/", "orderType": "0", "expiryPeriod": "1000", "merchantCode": "S820250914134021000027", "productDetail": "Top Up Saldo"}	{"platSign": "CBucsbEjXo1Jjak0jY77O0USm3IweQHqp/ShHl/z/mqq7RACGMf3j1WkWcU/HRnHZCjnKgf67kwqbi7SSGMTW/kMMMFVLMWO3WrwNLKLhya8zTwBl97KuOiEzoQlqVxqevLKD7VVztIYA0x/ZN5TRGmNwHfFC+Nnk1RA/m2/NEk=", "platRespCode": "FAIL", "platRespMessage": "JayaPay-params : verify signature failed"}	\N	\N	2026-04-05 12:06:46.041132+07	2026-04-05 12:07:06.726602+07	3234	203
113	JAYAPAY	DEP-20260404101647-3DCBF4	1.00	BALANCE_DEPOSIT	FAILED		{"name": "A1", "sign": "niyCyPBAh7grULCHNuDZdMDXW8fop6FF1bus1HL461CZoyg++YM74WPFr7NtkCSSrH+gtN+rH2pz2JOFChcE5BYLtQdE2Kkf4xRcFE14fjZmo8xNeddTrYH2YlrFVdAgBss+97VRJPDjPuQKRitAa9ZFSuxnfdOPVCmMGbGSfZFfcslE/sjAwb3dbmeRdNbAaGfc8fP00lCqiNzVltx7y11SkkeURCZC2rSjEONw6nw9aD70HEmz1G6kJid0MsMDwg1COMyeM50P5C/92+9h3E2gPfcZaWeWVIYyEx68IjRqvOTHOEuGHzBQs0niTDMDrIlTF8HyJQxQEvx0b98GlQ==", "email": "a1@gmail.com", "phone": "+6282122425470", "method": "", "dateTime": "20260404101647", "orderNum": "DEP-20260404101647-3DCBF4", "payMoney": "1", "notifyUrl": "https://api.bcbt-bt.online/api/deposits/jayapay/callback/", "orderType": "0", "expiryPeriod": "1000", "merchantCode": "S820250914134021000027", "productDetail": "Top Up Saldo"}	{"platSign": "CBucsbEjXo1Jjak0jY77O0USm3IweQHqp/ShHl/z/mqq7RACGMf3j1WkWcU/HRnHZCjnKgf67kwqbi7SSGMTW/kMMMFVLMWO3WrwNLKLhya8zTwBl97KuOiEzoQlqVxqevLKD7VVztIYA0x/ZN5TRGmNwHfFC+Nnk1RA/m2/NEk=", "platRespCode": "FAIL", "platRespMessage": "JayaPay-params : verify signature failed"}	\N	\N	2026-04-04 10:16:47.156543+07	2026-04-04 10:16:47.156543+07	3136	191
104	JAYAPAY	DEP-20260308001711-8FBAFE	100000.00	BALANCE_DEPOSIT	COMPLETED		{"name": "Yayaya", "sign": "PTaK/5b6NNFF4os1y+4JWaQp4tqj8D9Vp3qWvKkTgH0ibx77ovl42LeocNpDoBAuuFXvLMR7DhRkw9WQuP1/LdF323DhJpy/qKiQ/2XsohCT1vdrcDXRZwdYwmMxSMk/SH4UmCuzuHlGPtRZ34nt12WjpYNgHhlSn2UDjs4ReL5sLx7O0OUy+6phggZxB24naitJ/EC+FJSmZhjA/v8oIGi2+LaffcibZm8WnxCy07lc3I2VFtYO7p757fmO+WNaJm1IfqSmEVF/wLoh7pILHorrZgkeIgCrx3Ef3fCp+QsezSP19CDYU9cFT7cGxxSwAG/S4Tx00rpuzEj51exztg==", "email": "user_mmg3ww4k_tb07wt@example.com", "phone": "+6281123456789", "method": "", "dateTime": "20260308001711", "orderNum": "DEP-20260308001711-8FBAFE", "payMoney": "100000", "notifyUrl": "https://api.bcbt-bt.online/api/deposits/jayapay/callback/", "orderType": "0", "expiryPeriod": "1000", "merchantCode": "S820250914134021000027", "productDetail": "Top Up Saldo"}	{"platSign": "CBucsbEjXo1Jjak0jY77O0USm3IweQHqp/ShHl/z/mqq7RACGMf3j1WkWcU/HRnHZCjnKgf67kwqbi7SSGMTW/kMMMFVLMWO3WrwNLKLhya8zTwBl97KuOiEzoQlqVxqevLKD7VVztIYA0x/ZN5TRGmNwHfFC+Nnk1RA/m2/NEk=", "platRespCode": "FAIL", "platRespMessage": "JayaPay-params : verify signature failed"}	\N	\N	2026-03-08 00:17:11.554657+07	2026-03-08 00:17:30.295378+07	2318	149
67	JAYAPAY	DEP-20260123183736-0403F2	50000.00	BALANCE_DEPOSIT	FAILED		{"name": "vhtc695s6on396g7oxdo", "sign": "Sd0DZ59RQlHtGVxbnkRenqkRlPoKLQXFm55v16v3oKdgK/QbfS9iCJal+ubPELO/fAr8onhG4EmFuDtN0zItdW5ZZhkW3ZulnuxANtn9hM3AtbETxF6d5bYl2oUaq0yjE0DJxDCn2cnzkzkQzCwB6iR2Ic9bMwlBJ+7pOUjDh3NH5xInMjv8LNr3dbBzUrsbGnnvIsT4jDy8IRTxIxuyt/eWKfNbuKOBKe4Vl19BTQ1Wm6yyby6UE3r0gyl9XEAu8TP70A0+r9Uztyt5qTgWFmNa1ZHQUU46WpFytCLt0q0KvJRuurj8ztvEz6WfXS1od4oFTM6cMd45IbLfuTVPYg==", "email": "k00rkthpl8@example.com", "phone": "+6289595959595", "method": "", "dateTime": "20260123183736", "orderNum": "DEP-20260123183736-0403F2", "payMoney": "50000", "notifyUrl": "https://api.bcbt-bt.online/api/deposits/jayapay/callback/", "orderType": "0", "expiryPeriod": "1000", "merchantCode": "S820250914134021000027", "productDetail": "Top Up Saldo"}	{"platSign": "CBucsbEjXo1Jjak0jY77O0USm3IweQHqp/ShHl/z/mqq7RACGMf3j1WkWcU/HRnHZCjnKgf67kwqbi7SSGMTW/kMMMFVLMWO3WrwNLKLhya8zTwBl97KuOiEzoQlqVxqevLKD7VVztIYA0x/ZN5TRGmNwHfFC+Nnk1RA/m2/NEk=", "platRespCode": "FAIL", "platRespMessage": "JayaPay-params : verify signature failed"}	\N	\N	2026-01-23 18:37:36.386921+07	2026-01-23 18:37:36.386921+07	1547	2
70	JAYAPAY	DEP-20260124154308-D72A29	50000.00	BALANCE_DEPOSIT	FAILED		{"name": "vhtc695s6on396g7oxdo", "sign": "dcPZWTXlh7Z6z7RM57udXngAueOkECw/WBt8n4TloAeGksL4cNyAp7VsdAeV8tGaNzKRvF8epjsasWWHXAE5gxm/YZAb+55D3vHdwEPQkbrzI+dLpb2Cx6MJFM8tnlAA4TQ1AgPkPrguOusdFm22FevtAWtASBgnOb9SQG6XNa+LWIpGoMmta6/ddJ2k2w94Z/vfA52/2X/oGm1mO5vO0Z95uHMLBAEYTnK3piJHcIrTgk6zX/4wq1od2v9vlRo514YxP4yCBk7SKD4BTzxpK9cP4LwUrrVLNpYsykaGZqp96DRWSNvRK5VMJZsT5fIQLXqGXVQxnoKpuphOVCruTA==", "email": "k00rkthpl8@example.com", "phone": "+6289595959595", "method": "", "dateTime": "20260124154308", "orderNum": "DEP-20260124154308-D72A29", "payMoney": "50000", "notifyUrl": "https://api.bcbt-bt.online/api/deposits/jayapay/callback/", "orderType": "0", "expiryPeriod": "1000", "merchantCode": "S820250914134021000027", "productDetail": "Top Up Saldo"}	{"platSign": "CBucsbEjXo1Jjak0jY77O0USm3IweQHqp/ShHl/z/mqq7RACGMf3j1WkWcU/HRnHZCjnKgf67kwqbi7SSGMTW/kMMMFVLMWO3WrwNLKLhya8zTwBl97KuOiEzoQlqVxqevLKD7VVztIYA0x/ZN5TRGmNwHfFC+Nnk1RA/m2/NEk=", "platRespCode": "FAIL", "platRespMessage": "JayaPay-params : verify signature failed"}	\N	\N	2026-01-24 15:43:08.569173+07	2026-01-24 15:43:08.569173+07	1559	2
72	JAYAPAY	DEP-20260124154308-0FA7A3	50000.00	BALANCE_DEPOSIT	FAILED		{"name": "vhtc695s6on396g7oxdo", "sign": "dcPZWTXlh7Z6z7RM57udXngAueOkECw/WBt8n4TloAeGksL4cNyAp7VsdAeV8tGaNzKRvF8epjsasWWHXAE5gxm/YZAb+55D3vHdwEPQkbrzI+dLpb2Cx6MJFM8tnlAA4TQ1AgPkPrguOusdFm22FevtAWtASBgnOb9SQG6XNa8Prkzhr0UpYiCC3U+BcWZRRhZxGXbfy+2zxwsTO6NlI9+yhjSrplxsyfWy3IIDs7ZLh2yo/1YuxpbXkH7vJD6eWWSh3RmRsMM7USBwrdk2T31e+Cthy+xmbWYTeqPcCTivEgXl/hjPs1XxHPIPzZMpEDTxzDz15uf9RvrmMZ8zvg==", "email": "k00rkthpl8@example.com", "phone": "+6289595959595", "method": "", "dateTime": "20260124154308", "orderNum": "DEP-20260124154308-0FA7A3", "payMoney": "50000", "notifyUrl": "https://api.bcbt-bt.online/api/deposits/jayapay/callback/", "orderType": "0", "expiryPeriod": "1000", "merchantCode": "S820250914134021000027", "productDetail": "Top Up Saldo"}	{"platSign": "CBucsbEjXo1Jjak0jY77O0USm3IweQHqp/ShHl/z/mqq7RACGMf3j1WkWcU/HRnHZCjnKgf67kwqbi7SSGMTW/kMMMFVLMWO3WrwNLKLhya8zTwBl97KuOiEzoQlqVxqevLKD7VVztIYA0x/ZN5TRGmNwHfFC+Nnk1RA/m2/NEk=", "platRespCode": "FAIL", "platRespMessage": "JayaPay-params : verify signature failed"}	\N	\N	2026-01-24 15:43:08.728062+07	2026-01-24 15:43:08.728062+07	1561	2
114	JAYAPAY	DEP-20260404103102-5C3377	150000.00	BALANCE_DEPOSIT	COMPLETED		{"name": "A1", "sign": "KvZCefgGtZ1XkZXKOPwg/kofn6iYlXWyX/0336hCI9JpmVk5zVLi2njN65Rx9qxc1Q3r1Kj8tykbY9TulQ5Ai9+aaEy6iL0CcalgLciXX88wY+5lbvi3R2wbuaQu0IvSPOiZ7c2WZvFvJpjK0jAfRep/9+lnlEJ/PrezhQB8o0iQgeFcWwpIo3uijRWGQkXXM5ZxqpaVG0u09g9PLSvBAnlTVB//PMZVAHzaKZtBiZAOusoOPESgzgjOYVMfeZjkoJ9Zek58q+uC9RBA4BBeX/u/kE+t8V5olsYLhTLzUIDZgakWj4Pj1XjOTSsnUO+MwU6RVI6AgLIo6sB6XrIyCQ==", "email": "a1@gmail.com", "phone": "+6282122425470", "method": "", "dateTime": "20260404103102", "orderNum": "DEP-20260404103102-5C3377", "payMoney": "150000", "notifyUrl": "https://api.bcbt-bt.online/api/deposits/jayapay/callback/", "orderType": "0", "expiryPeriod": "1000", "merchantCode": "S820250914134021000027", "productDetail": "Top Up Saldo"}	{"platSign": "CBucsbEjXo1Jjak0jY77O0USm3IweQHqp/ShHl/z/mqq7RACGMf3j1WkWcU/HRnHZCjnKgf67kwqbi7SSGMTW/kMMMFVLMWO3WrwNLKLhya8zTwBl97KuOiEzoQlqVxqevLKD7VVztIYA0x/ZN5TRGmNwHfFC+Nnk1RA/m2/NEk=", "platRespCode": "FAIL", "platRespMessage": "JayaPay-params : verify signature failed"}	\N	\N	2026-04-04 10:31:02.3796+07	2026-04-04 10:31:24.691752+07	3154	191
68	JAYAPAY	DEP-20260123183736-32D59A	50000.00	BALANCE_DEPOSIT	FAILED		{"name": "vhtc695s6on396g7oxdo", "sign": "Sd0DZ59RQlHtGVxbnkRenqkRlPoKLQXFm55v16v3oKdgK/QbfS9iCJal+ubPELO/fAr8onhG4EmFuDtN0zItdW5ZZhkW3ZulnuxANtn9hM3AtbETxF6d5bYl2oUaq0yjE0DJxDCn2cnzkzkQzCwB6iR2Ic9bMwlBJ+7pOUjDh3Opt7Up27qCmiWTwOsrcTt61wrigvl2kMDSY/NLSkFmygHtIoUPlwHzsmSwwY9jS8F+wLO+Ey/5Mo/41/f+t/ZQwk7HHGZ2DqyjCeN3ysT+s9niDUIr4e0y4dH7WSycwGq+UEhZNSF30VfwF+bX4XZRfxzETChwPL+N9QQvjH9ERQ==", "email": "k00rkthpl8@example.com", "phone": "+6289595959595", "method": "", "dateTime": "20260123183736", "orderNum": "DEP-20260123183736-32D59A", "payMoney": "50000", "notifyUrl": "https://api.bcbt-bt.online/api/deposits/jayapay/callback/", "orderType": "0", "expiryPeriod": "1000", "merchantCode": "S820250914134021000027", "productDetail": "Top Up Saldo"}	{"platSign": "CBucsbEjXo1Jjak0jY77O0USm3IweQHqp/ShHl/z/mqq7RACGMf3j1WkWcU/HRnHZCjnKgf67kwqbi7SSGMTW/kMMMFVLMWO3WrwNLKLhya8zTwBl97KuOiEzoQlqVxqevLKD7VVztIYA0x/ZN5TRGmNwHfFC+Nnk1RA/m2/NEk=", "platRespCode": "FAIL", "platRespMessage": "JayaPay-params : verify signature failed"}	\N	\N	2026-01-23 18:37:36.859813+07	2026-01-23 18:37:36.859813+07	1548	2
71	JAYAPAY	DEP-20260124154308-47784B	50000.00	BALANCE_DEPOSIT	FAILED		{"name": "vhtc695s6on396g7oxdo", "sign": "dcPZWTXlh7Z6z7RM57udXngAueOkECw/WBt8n4TloAeGksL4cNyAp7VsdAeV8tGaNzKRvF8epjsasWWHXAE5gxm/YZAb+55D3vHdwEPQkbrzI+dLpb2Cx6MJFM8tnlAA4TQ1AgPkPrguOusdFm22FevtAWtASBgnOb9SQG6XNa8S1jgNWUPP7DBKsWMUknylCBKOUd1PboIYk8NkUN0nNL2iszkZGUltS8/z6R06nP9Q9j6QbNI4ch4cpL3LNVZrd0weYLX8Gv9aimw+Pw1O4c1u4af9C+ijFw3SfdIuWBNZUuD9v4KZAVgRuhM/0mz/EuF7Xu4mTQCt1Bj2V6GoXg==", "email": "k00rkthpl8@example.com", "phone": "+6289595959595", "method": "", "dateTime": "20260124154308", "orderNum": "DEP-20260124154308-47784B", "payMoney": "50000", "notifyUrl": "https://api.bcbt-bt.online/api/deposits/jayapay/callback/", "orderType": "0", "expiryPeriod": "1000", "merchantCode": "S820250914134021000027", "productDetail": "Top Up Saldo"}	{"platSign": "CBucsbEjXo1Jjak0jY77O0USm3IweQHqp/ShHl/z/mqq7RACGMf3j1WkWcU/HRnHZCjnKgf67kwqbi7SSGMTW/kMMMFVLMWO3WrwNLKLhya8zTwBl97KuOiEzoQlqVxqevLKD7VVztIYA0x/ZN5TRGmNwHfFC+Nnk1RA/m2/NEk=", "platRespCode": "FAIL", "platRespMessage": "JayaPay-params : verify signature failed"}	\N	\N	2026-01-24 15:43:08.603058+07	2026-01-24 15:43:08.603058+07	1560	2
115	JAYAPAY	DEP-20260404103108-0AE169	280000.00	BALANCE_DEPOSIT	COMPLETED		{"name": "A1", "sign": "kaNqYm8nxnb787TGrXzWMVtJiZymtbEgudZAShpk8wDzJla6Ri3b4tOth6HyD78xT9eDaNFJxF6cDV5FCRHCtruRaTdz4ISXS3IwhEjz+mWhbN5YzRPTF4t+1jsiJ8AWLlgEa/R1xbgt6dAXywDnXDlNVxh3IfC2hBjSwworypmDfTqe1OFq2MtVouvdNQajFXrjXWfLfVjgpCunc0cMPNJMu5L2ywV4ioCy9TaP0Kdl6W4b80nG5E1CQzo86briz6jH+jlFxK8/XKAenv3Qn/lYWAutKYI3qzU/szzjPLhmR+uUPIMeYEgcgKUt/fPYRthsaxtdbxBJaIJPYVmVQg==", "email": "a1@gmail.com", "phone": "+6282122425470", "method": "", "dateTime": "20260404103108", "orderNum": "DEP-20260404103108-0AE169", "payMoney": "280000", "notifyUrl": "https://api.bcbt-bt.online/api/deposits/jayapay/callback/", "orderType": "0", "expiryPeriod": "1000", "merchantCode": "S820250914134021000027", "productDetail": "Top Up Saldo"}	{"platSign": "CBucsbEjXo1Jjak0jY77O0USm3IweQHqp/ShHl/z/mqq7RACGMf3j1WkWcU/HRnHZCjnKgf67kwqbi7SSGMTW/kMMMFVLMWO3WrwNLKLhya8zTwBl97KuOiEzoQlqVxqevLKD7VVztIYA0x/ZN5TRGmNwHfFC+Nnk1RA/m2/NEk=", "platRespCode": "FAIL", "platRespMessage": "JayaPay-params : verify signature failed"}	\N	\N	2026-04-04 10:31:08.370551+07	2026-04-04 10:31:38.04716+07	3155	191
69	JAYAPAY	DEP-20260124154307-D39222	50000.00	BALANCE_DEPOSIT	FAILED		{"name": "vhtc695s6on396g7oxdo", "sign": "Q3AJfXzxBqTmOGw4DzG+dS4P1LBMlDlYA0rbFdFehNh3BTMC0Uuq5I0cHIxMpx9Yu601U8iOA755ZwQK18ujVC6Wdsljvw4ie/SH5wBQTupvtc1r0Xp56vbubVIiJOD8fzKekqLeJN5HzuaPOvzp2E6xdtFNuWcw/5rFFH0WxnCxPCOM3VjnhvX34ZQbTPVIotir0g7ZDqZKDMSI3UiCj0CyG8YC3HFLRk6PYBrCKT+2yJchbLjG/fbzRrm68SKoXXGLH8QyiQ9wwtJwCadTJP03c+oEkvDFK40bxz7jrNezzRfjVprKg3HWPVcSpLe6jAlVv1uvSeJDzeGLcrXi2A==", "email": "k00rkthpl8@example.com", "phone": "+6289595959595", "method": "", "dateTime": "20260124154307", "orderNum": "DEP-20260124154307-D39222", "payMoney": "50000", "notifyUrl": "https://api.bcbt-bt.online/api/deposits/jayapay/callback/", "orderType": "0", "expiryPeriod": "1000", "merchantCode": "S820250914134021000027", "productDetail": "Top Up Saldo"}	{"platSign": "CBucsbEjXo1Jjak0jY77O0USm3IweQHqp/ShHl/z/mqq7RACGMf3j1WkWcU/HRnHZCjnKgf67kwqbi7SSGMTW/kMMMFVLMWO3WrwNLKLhya8zTwBl97KuOiEzoQlqVxqevLKD7VVztIYA0x/ZN5TRGmNwHfFC+Nnk1RA/m2/NEk=", "platRespCode": "FAIL", "platRespMessage": "JayaPay-params : verify signature failed"}	\N	\N	2026-01-24 15:43:08.561395+07	2026-01-24 15:43:08.561395+07	1558	2
63	JAYAPAY	DEP-20260121160739-3DD937	150000.00	BALANCE_DEPOSIT	FAILED		{"name": "vhtc695s6on396g7oxdo", "sign": "k2NEtyEGcMIXraZ+k5BODNIuzzlKhffPPNa7KhMrWySY8/fFNhjaQpemwSTE5OkPFhbR61UUXFYvEnFUwB44D4ZU1IPwmOgs0IZsh2eA/TiBwi7GW29o9q+YreFVIi4Q3CYvwuPzq+5+ag4GLzVPHrl6QDpTaUyA6G7pjcuji66aD2AUAmmTB3+QaNBcR3Xirul3p1ShHZnfJUzaHb2aOwgIUpDqZyqy0Ho+nGVTtBvxYqJpUro7rxo+T74UtzjezAci2Ox+E+69tsgw7fRV7vNugIFxwwrs6tAc2dL+8R7uV/R+0aVOVbKfUhYaJr6EyYPesoHI1S7efcYEIcE/4g==", "email": "k00rkthpl8@example.com", "phone": "+6289595959595", "method": "", "dateTime": "20260121160739", "orderNum": "DEP-20260121160739-3DD937", "payMoney": "150000", "notifyUrl": "https://api.bcbt-bt.online/api/deposits/jayapay/callback/", "orderType": "0", "expiryPeriod": "1000", "merchantCode": "S820250914134021000027", "productDetail": "Top Up Saldo"}	{"platSign": "CBucsbEjXo1Jjak0jY77O0USm3IweQHqp/ShHl/z/mqq7RACGMf3j1WkWcU/HRnHZCjnKgf67kwqbi7SSGMTW/kMMMFVLMWO3WrwNLKLhya8zTwBl97KuOiEzoQlqVxqevLKD7VVztIYA0x/ZN5TRGmNwHfFC+Nnk1RA/m2/NEk=", "platRespCode": "FAIL", "platRespMessage": "JayaPay-params : verify signature failed"}	\N	\N	2026-01-21 16:07:39.900768+07	2026-01-21 16:07:39.900768+07	1540	2
64	JAYAPAY	DEP-20260121160741-A754DA	150000.00	BALANCE_DEPOSIT	FAILED		{"name": "vhtc695s6on396g7oxdo", "sign": "Yh+HFXcw6yDnsIysGj03tMiF9CJ9zpCQogojpWtbAoJ5jxhtR2z3k+bpRUDkwkGu73wEzeojzeHJyWUvqlURz3WXZUTxucDopBeRW9/ezhsqvzNaRKBHqgxFVPgEhbRj2s3XUgV0KHe0vWFnJZBc8U3IH8xqSZ/3al+Qv27lYORcLBnjh0zaecZ2hmH4M21oCwbCGWJd9IIUgLJGcdo6FRa97ByOy4XUQQeqdDiu1iWAw1m+pnDaxuRydt/AVnEAujgX7U0lA9GUaeQkBefOtDCYE3n6XNn3SouPY/CulSBBkixsX4olj5SSJhf7ZNiVtj+u8OgceQ350MTDrLblrg==", "email": "k00rkthpl8@example.com", "phone": "+6289595959595", "method": "", "dateTime": "20260121160741", "orderNum": "DEP-20260121160741-A754DA", "payMoney": "150000", "notifyUrl": "https://api.bcbt-bt.online/api/deposits/jayapay/callback/", "orderType": "0", "expiryPeriod": "1000", "merchantCode": "S820250914134021000027", "productDetail": "Top Up Saldo"}	{"platSign": "CBucsbEjXo1Jjak0jY77O0USm3IweQHqp/ShHl/z/mqq7RACGMf3j1WkWcU/HRnHZCjnKgf67kwqbi7SSGMTW/kMMMFVLMWO3WrwNLKLhya8zTwBl97KuOiEzoQlqVxqevLKD7VVztIYA0x/ZN5TRGmNwHfFC+Nnk1RA/m2/NEk=", "platRespCode": "FAIL", "platRespMessage": "JayaPay-params : verify signature failed"}	\N	\N	2026-01-21 16:07:41.082793+07	2026-01-21 16:07:41.082793+07	1541	2
65	JAYAPAY	DEP-20260121160756-1ADE4C	150000.00	BALANCE_DEPOSIT	FAILED		{"name": "vhtc695s6on396g7oxdo", "sign": "J0N3OkygR+RKuu9QPlpF3sJRgWBxaqytZygOy6g5ieYqdykZY2kmwK2gkalbS4BBjgpc9hVixm0Ewbt7X6F3jzopLYOBCPFPlZEL7cDUEIvDJ/ugiCK24L1UBqbrHiUkx5hBLihqLUVD24OVFXhXDupIRzLBn1zLYVDa1gMO9JMvTu3jyoddUsIYlBiA43ppTXhC9U2+vYQt2wX0hEHXc0JxqPUH8+qGFbZnbzm2AVW+oeocGqsSnL7lQZ35VOkEkbkQruL0q1v2rDEu9CPNHs14BxkPnYL6Gy4JWWrmlZN70xUabyoR9kbcCG5eGRNipd7fm+ac9IWgOsQz3jJuVQ==", "email": "k00rkthpl8@example.com", "phone": "+6289595959595", "method": "", "dateTime": "20260121160756", "orderNum": "DEP-20260121160756-1ADE4C", "payMoney": "150000", "notifyUrl": "https://api.bcbt-bt.online/api/deposits/jayapay/callback/", "orderType": "0", "expiryPeriod": "1000", "merchantCode": "S820250914134021000027", "productDetail": "Top Up Saldo"}	{"platSign": "CBucsbEjXo1Jjak0jY77O0USm3IweQHqp/ShHl/z/mqq7RACGMf3j1WkWcU/HRnHZCjnKgf67kwqbi7SSGMTW/kMMMFVLMWO3WrwNLKLhya8zTwBl97KuOiEzoQlqVxqevLKD7VVztIYA0x/ZN5TRGmNwHfFC+Nnk1RA/m2/NEk=", "platRespCode": "FAIL", "platRespMessage": "JayaPay-params : verify signature failed"}	\N	\N	2026-01-21 16:07:56.784447+07	2026-01-21 16:07:56.784447+07	1542	2
66	JAYAPAY	DEP-20260121161355-0D5C69	50000.00	BALANCE_DEPOSIT	FAILED		{"name": "vhtc695s6on396g7oxdo", "sign": "EzOEbpRMLebQ2mIffKT0MNd5sjhrOCCtIQb8apxldKh1VDh8M9HoxgOXL+X+iG0DuvN7MDZk8qe/ClmtSPtUBsYPWDmN4tIir2xGECpF//qoOUn0COM491Gp0dxgwmittXS89y/2aMkBCJr4zh2/l7Y0HmH1kjMvSoqXM+tsYnFtJQrQ5O6pDt4A9GERjQFCtIsIg/bTp3PjZkHBdjC24gGkw1FBizwvmc7kPRfZS25bGLEvlDJPjvgqozKkqroANXs2F2DQjAbHtHWnzefcHxh3M8Veyh0dJPHyuGheP4xblk0nNr+lO/80S+mYVSNLVGsYMjjcAFaMwltZhds6uw==", "email": "k00rkthpl8@example.com", "phone": "+6289595959595", "method": "", "dateTime": "20260121161355", "orderNum": "DEP-20260121161355-0D5C69", "payMoney": "50000", "notifyUrl": "https://api.bcbt-bt.online/api/deposits/jayapay/callback/", "orderType": "0", "expiryPeriod": "1000", "merchantCode": "S820250914134021000027", "productDetail": "Top Up Saldo"}	{"platSign": "CBucsbEjXo1Jjak0jY77O0USm3IweQHqp/ShHl/z/mqq7RACGMf3j1WkWcU/HRnHZCjnKgf67kwqbi7SSGMTW/kMMMFVLMWO3WrwNLKLhya8zTwBl97KuOiEzoQlqVxqevLKD7VVztIYA0x/ZN5TRGmNwHfFC+Nnk1RA/m2/NEk=", "platRespCode": "FAIL", "platRespMessage": "JayaPay-params : verify signature failed"}	\N	\N	2026-01-21 16:13:55.094543+07	2026-01-21 16:13:55.094543+07	1543	2
116	JAYAPAY	DEP-20260404104112-629628	120000.00	BALANCE_DEPOSIT	FAILED		{"name": "A1", "sign": "reYUricnvWAPS6BuAj/CrfzbLYz9JWc2neA9B2/V1L2C6sD9xjaxZR9x6sKGmuVqjpmxZIadSvg/J6k/N6gdfN4wehuINb19W8jcNcn4OcaqFmYaWIHJM4NI5Ihf23AURspsBFanqzEb1H5WFp5E2r8W0b1BgSERipRf9zeAYX8ijlrtVRiu9uRm2fITsvxusD7fmMyXirhLq057j6sU9QQCAnYv3dBZy7TpTRi+kL6N/a0EgvgiK/eJiy+GP/1dcMhYOuwKrsBCrg9dInc4KsAxuOxcN/JO0WahAG06rQ+2urYDlDsFsFFvZ6bUG/DYg0UUdBL+FIe66Ne1DgFIjw==", "email": "a1@gmail.com", "phone": "+6282122425470", "method": "", "dateTime": "20260404104112", "orderNum": "DEP-20260404104112-629628", "payMoney": "120000", "notifyUrl": "https://api.bcbt-bt.online/api/deposits/jayapay/callback/", "orderType": "0", "expiryPeriod": "1000", "merchantCode": "S820250914134021000027", "productDetail": "Top Up Saldo"}	{"platSign": "CBucsbEjXo1Jjak0jY77O0USm3IweQHqp/ShHl/z/mqq7RACGMf3j1WkWcU/HRnHZCjnKgf67kwqbi7SSGMTW/kMMMFVLMWO3WrwNLKLhya8zTwBl97KuOiEzoQlqVxqevLKD7VVztIYA0x/ZN5TRGmNwHfFC+Nnk1RA/m2/NEk=", "platRespCode": "FAIL", "platRespMessage": "JayaPay-params : verify signature failed"}	\N	\N	2026-04-04 10:41:12.465698+07	2026-04-04 10:41:12.465698+07	3156	191
117	JAYAPAY	DEP-20260404110836-BB007D	600000.00	BALANCE_DEPOSIT	COMPLETED		{"name": "a2", "sign": "BDnLjoMlaAT5UkoHmQf7AdhIbL2JSoBKX3tayI1geHd6JXHl4TrvAVe+lbNK5JefExhUT7+CIrdd3ePmyXdTfdfS+NrJpoPmSqJHN5qkH4NBT9L+p+sv1XM1pLNaZZ1lPbUWZkD3oJISDIcZBSVsDNB4VI9iU3vS18dkNvYm9oRi0cTPnuu75/wheUv6+h0a1Abjto0EgPthqQCzUkM6Xpf8jyTE1eDFoz8Pfc012ORYSSY2rkHXPPXl2UOm06mwH7B4RCw5B5lMyfN54brUoQ1T0leWM2QBCidiyzM5fGb/xotV8iw47E4Rilm+VgvrtjCwfIhhsjVLQEKIy1kUaQ==", "email": "a2@gmail.com", "phone": "+6282122425471", "method": "", "dateTime": "20260404110836", "orderNum": "DEP-20260404110836-BB007D", "payMoney": "600000", "notifyUrl": "https://api.bcbt-bt.online/api/deposits/jayapay/callback/", "orderType": "0", "expiryPeriod": "1000", "merchantCode": "S820250914134021000027", "productDetail": "Top Up Saldo"}	{"platSign": "CBucsbEjXo1Jjak0jY77O0USm3IweQHqp/ShHl/z/mqq7RACGMf3j1WkWcU/HRnHZCjnKgf67kwqbi7SSGMTW/kMMMFVLMWO3WrwNLKLhya8zTwBl97KuOiEzoQlqVxqevLKD7VVztIYA0x/ZN5TRGmNwHfFC+Nnk1RA/m2/NEk=", "platRespCode": "FAIL", "platRespMessage": "JayaPay-params : verify signature failed"}	\N	\N	2026-04-04 11:08:36.441418+07	2026-04-04 11:11:41.596798+07	3170	192
118	JAYAPAY	DEP-20260404112345-BB199A	600000.00	BALANCE_DEPOSIT	COMPLETED		{"name": "a3", "sign": "ri0ocjEm+1ooWAeEZmRLP/P2FXWn3cDze2x2atHhRMUgyAMfbpJg0GQuLFW/4cWEOhqGNhpUOsXK3WcVuXOH2ppvAW0SLfuFBAlnj8CAu7vX8Mi5Dk+Sl19Bc62NpXLNytcviUAmSEJUY/NaFV5tiN7KjEW/yZjUPONeY5GWSfmq3xmjsXNrVSronEAxQ0tjXHQSvutZ5ZrXeTpc2J2TwrsZW3ktiRL6vJXGrvcC96t8rA6b/nFcSsA7h/WMOMq8xDwJyREVYKpn+OjVQGCQK8Eb/m0zohYn0oxEn5Jn2OmjaBNNPspOWzZhF8NQZrFlO3xVNfzE/y5VqVVFZ1lirA==", "email": "a3@gmail.com", "phone": "+6282122425472", "method": "", "dateTime": "20260404112345", "orderNum": "DEP-20260404112345-BB199A", "payMoney": "600000", "notifyUrl": "https://api.bcbt-bt.online/api/deposits/jayapay/callback/", "orderType": "0", "expiryPeriod": "1000", "merchantCode": "S820250914134021000027", "productDetail": "Top Up Saldo"}	{"platSign": "CBucsbEjXo1Jjak0jY77O0USm3IweQHqp/ShHl/z/mqq7RACGMf3j1WkWcU/HRnHZCjnKgf67kwqbi7SSGMTW/kMMMFVLMWO3WrwNLKLhya8zTwBl97KuOiEzoQlqVxqevLKD7VVztIYA0x/ZN5TRGmNwHfFC+Nnk1RA/m2/NEk=", "platRespCode": "FAIL", "platRespMessage": "JayaPay-params : verify signature failed"}	\N	\N	2026-04-04 11:23:45.732179+07	2026-04-04 11:24:59.498486+07	3179	193
119	JAYAPAY	DEP-20260404113108-5BD722	750000.00	BALANCE_DEPOSIT	COMPLETED		{"name": "A4", "sign": "VDN1HxNufwSNgIQTdxOy3jpL46HZ/VheR5ODDuQWMXrtnbDiL+qlRwSQP/foxHoD+Yi2QXPfn2aHrS84zAyKcR/JVWbCzBkyL5MBwZc4RZHMAwMLojgUMLAGgS/0Gv6JVow3p/jj86+Q9DWMLeZ7q60XohcmxwRTOHvqTzrSqv6XXSfRzAMSJmNMvbsQ26U6Xuky5SeGUANiB+MtjE04q53MHvmwiwGizxih7MRefWGYcbGhAV6cLU3lDeEaHVvdcIsfL+f12DZqzQh25wd0vqTBtWawPRYgwQWOGi34hliHcf3l7myMT3PVtcY/Ywx7S/0w5Ot9FHkp+q8rkNX0yg==", "email": "a4@gmail.com", "phone": "+6282122425473", "method": "", "dateTime": "20260404113108", "orderNum": "DEP-20260404113108-5BD722", "payMoney": "750000", "notifyUrl": "https://api.bcbt-bt.online/api/deposits/jayapay/callback/", "orderType": "0", "expiryPeriod": "1000", "merchantCode": "S820250914134021000027", "productDetail": "Top Up Saldo"}	{"platSign": "CBucsbEjXo1Jjak0jY77O0USm3IweQHqp/ShHl/z/mqq7RACGMf3j1WkWcU/HRnHZCjnKgf67kwqbi7SSGMTW/kMMMFVLMWO3WrwNLKLhya8zTwBl97KuOiEzoQlqVxqevLKD7VVztIYA0x/ZN5TRGmNwHfFC+Nnk1RA/m2/NEk=", "platRespCode": "FAIL", "platRespMessage": "JayaPay-params : verify signature failed"}	\N	\N	2026-04-04 11:31:08.931012+07	2026-04-04 11:31:23.703195+07	3186	194
120	JAYAPAY	DEP-20260404113651-01F832	950000.00	BALANCE_DEPOSIT	COMPLETED		{"name": "A5", "sign": "EEx2zb3wzLAlytQ+851TegpPw2Do7Nu7fCd4Qi0Ky8CweEV8S07BYsJrTh7PBtgtHhdMGT//VITR5+W0D/in6l+Ju9NFR3tUs3mgi2nGcr9WtWFM2Y7Z0D0oP/SJBpvTmQtCuxUDbNbXhRgVukaF03RZa7r8x3fkPKVuYyRsoIhvZqWfdbWPEXfUzb91gUrj8yzOV1LygFjBBUSxTR/PSCgv86WML9Dyq+SW8sXxmeJAahLj8VKg8jCwFQ61ulNHVJWhv7HH5NANmLeM8g3ZvhTeamcOZWS1WEqZnHPUECbz4k5X9k15wNuOYeY2XXGL5XjBcvgUHCYV5UUilmHaaA==", "email": "a5@gmail.com", "phone": "+6282122425475", "method": "", "dateTime": "20260404113651", "orderNum": "DEP-20260404113651-01F832", "payMoney": "950000", "notifyUrl": "https://api.bcbt-bt.online/api/deposits/jayapay/callback/", "orderType": "0", "expiryPeriod": "1000", "merchantCode": "S820250914134021000027", "productDetail": "Top Up Saldo"}	{"platSign": "CBucsbEjXo1Jjak0jY77O0USm3IweQHqp/ShHl/z/mqq7RACGMf3j1WkWcU/HRnHZCjnKgf67kwqbi7SSGMTW/kMMMFVLMWO3WrwNLKLhya8zTwBl97KuOiEzoQlqVxqevLKD7VVztIYA0x/ZN5TRGmNwHfFC+Nnk1RA/m2/NEk=", "platRespCode": "FAIL", "platRespMessage": "JayaPay-params : verify signature failed"}	\N	\N	2026-04-04 11:36:51.99643+07	2026-04-04 11:37:13.05466+07	3192	195
87	JAYAPAY	DEP-20260125002943-92A228	50000.00	BALANCE_DEPOSIT	FAILED		{"name": "vhtc695s6on396g7oxdo", "sign": "T4I5jf9r2eyj02AcWwKb4rA5P0CYn/m4Q9gDa02lpBSt5Za1O+zycixZ4KVjZqK0k4QUmLRLjWniT5JWsYwB483SHSiIbTk+OJ0a3hv40vB8GF5merhhl7W0utlv0/NZkLpudBgJDF3ff8hre0QyNa6NHdQcROtpaA2riL6P8np6m9/V2SpIkF5qCAmTmJfSE/D4+4knkUFf3rLbAtPwxm5i7hpGBinH1cXbER8hvOYc95ysG4WmaTggjSlKlt09vI+7arjnEA14gPUOpNWGJURoNZkriSJ6jjjTcidwHFA46753c0zZcnoeKqLGombp/0S8U1FYn8lGnJcM0Z57Og==", "email": "k00rkthpl8@example.com", "phone": "+6289595959595", "method": "", "dateTime": "20260125002943", "orderNum": "DEP-20260125002943-92A228", "payMoney": "50000", "notifyUrl": "https://api.bcbt-bt.online/api/deposits/jayapay/callback/", "orderType": "0", "expiryPeriod": "1000", "merchantCode": "S820250914134021000027", "productDetail": "Top Up Saldo"}	{"platSign": "CBucsbEjXo1Jjak0jY77O0USm3IweQHqp/ShHl/z/mqq7RACGMf3j1WkWcU/HRnHZCjnKgf67kwqbi7SSGMTW/kMMMFVLMWO3WrwNLKLhya8zTwBl97KuOiEzoQlqVxqevLKD7VVztIYA0x/ZN5TRGmNwHfFC+Nnk1RA/m2/NEk=", "platRespCode": "FAIL", "platRespMessage": "JayaPay-params : verify signature failed"}	\N	\N	2026-01-25 00:29:43.839245+07	2026-01-25 00:29:43.839245+07	1647	2
88	JAYAPAY	DEP-20260125002949-6A2B14	150000.00	BALANCE_DEPOSIT	FAILED		{"name": "vhtc695s6on396g7oxdo", "sign": "njKsvpn3MeEQP9gFsPC7YcJOEpjTrnvqGD3Me4aqQSIU8/nQGD+eLgBwT67OZViLEzrah+qJxrYr5HdV+fUNcd1sslY6JHz7Gydw1bdR3K0KabCjViHoNANGAmc4TdbnccM5uMpAXrHYEprkr6vzqHS5eh7y62MhJRUFLZwGd6NDmgrnp4uWPB9mYd4wkbdOudxBUQRsKXNtqK1eEeIsculc1K2OU0iQAToYUCGUMbwZStwbJaKVg/SggI8ODMGjoq6p6HZSjj8lIpialBAkt3kF716IlowwLQ5Z1jyyZ04gmKbbDSaIH/4zwq3clemvylhF17YNmNOdiZcwHoYfeQ==", "email": "k00rkthpl8@example.com", "phone": "+6289595959595", "method": "", "dateTime": "20260125002949", "orderNum": "DEP-20260125002949-6A2B14", "payMoney": "150000", "notifyUrl": "https://api.bcbt-bt.online/api/deposits/jayapay/callback/", "orderType": "0", "expiryPeriod": "1000", "merchantCode": "S820250914134021000027", "productDetail": "Top Up Saldo"}	{"platSign": "CBucsbEjXo1Jjak0jY77O0USm3IweQHqp/ShHl/z/mqq7RACGMf3j1WkWcU/HRnHZCjnKgf67kwqbi7SSGMTW/kMMMFVLMWO3WrwNLKLhya8zTwBl97KuOiEzoQlqVxqevLKD7VVztIYA0x/ZN5TRGmNwHfFC+Nnk1RA/m2/NEk=", "platRespCode": "FAIL", "platRespMessage": "JayaPay-params : verify signature failed"}	\N	\N	2026-01-25 00:29:50.008107+07	2026-01-25 00:29:50.008107+07	1648	2
121	JAYAPAY	DEP-20260404113734-9B5023	950000.00	BALANCE_DEPOSIT	COMPLETED		{"name": "A1", "sign": "ZknqFZzoGD63mu14i12C3/wiqQy4cQt1cuC3XW7dN11Bb4CCW806rhfrGBgwwIA15t5vy4YF8pugOZw/h+j94pE8rabVZ31TGLDbmj774AfpIPfiIabccyfCeo9QjH2c6AWa4glZRZHs/xBGmEE6p5Ywam7d9D5bzKSlpcPBDQlWn1kry2rrRbp9yJDfTdk/vPe/y+gwK5HbsUqBtSmHpol1WGNyBo6bhXIivE35SnJ5BEX65IrjcAqHXKEKZ2sTOVFHehg81Tv6I3Jxb3yPDyQ6VwzxnqUT/5uTtw86hlJX3R8cavS65j/bfQdR8RNcad17R52+9vb1YeQoz3Zf/A==", "email": "a1@gmail.com", "phone": "+6282122425470", "method": "", "dateTime": "20260404113734", "orderNum": "DEP-20260404113734-9B5023", "payMoney": "950000", "notifyUrl": "https://api.bcbt-bt.online/api/deposits/jayapay/callback/", "orderType": "0", "expiryPeriod": "1000", "merchantCode": "S820250914134021000027", "productDetail": "Top Up Saldo"}	{"platSign": "CBucsbEjXo1Jjak0jY77O0USm3IweQHqp/ShHl/z/mqq7RACGMf3j1WkWcU/HRnHZCjnKgf67kwqbi7SSGMTW/kMMMFVLMWO3WrwNLKLhya8zTwBl97KuOiEzoQlqVxqevLKD7VVztIYA0x/ZN5TRGmNwHfFC+Nnk1RA/m2/NEk=", "platRespCode": "FAIL", "platRespMessage": "JayaPay-params : verify signature failed"}	\N	\N	2026-04-04 11:37:34.785965+07	2026-04-04 11:37:53.586298+07	3193	191
95	JAYAPAY	DEP-20260213001144-B59D54	123444.00	BALANCE_DEPOSIT	FAILED		{"name": "vhtc695s6on396g7oxdo", "sign": "c6OT/FivgSkbQCThTd5di6wmPM0iPFUAr7mHKLg/bs1oxD5zfSQbpXnHwT1USpwKiLrKRx15WezCrURSaPaSa2WRZ72xTKnz0tSpZb1agQIJ7vJkZGFu89PXHYgu0FfAiwMNKAkzK5BjHbnnT5XzP5TML5xUWQtJNIfTb44ZEn+b1XUDoXDK8+U9q3CGx54Esbvp33VAZBEuvYyzM/Vj4qShG11/Vi833gUG92BcCTmEzrRxSuPO7zzBlYqh5M7jwpU/Dfvy+9QNUxLCrPWqX4VjVnv3qtWOZX1ny806FvzyvBhrULPINIaO3MLcotqAMFLdfwW43LJ20pPdPNhVsQ==", "email": "k00rkthpl8@example.com", "phone": "+6289595959595", "method": "", "dateTime": "20260213001144", "orderNum": "DEP-20260213001144-B59D54", "payMoney": "123444", "notifyUrl": "https://api.bcbt-bt.online/api/deposits/jayapay/callback/", "orderType": "0", "expiryPeriod": "1000", "merchantCode": "S820250914134021000027", "productDetail": "Top Up Saldo"}	{"platSign": "CBucsbEjXo1Jjak0jY77O0USm3IweQHqp/ShHl/z/mqq7RACGMf3j1WkWcU/HRnHZCjnKgf67kwqbi7SSGMTW/kMMMFVLMWO3WrwNLKLhya8zTwBl97KuOiEzoQlqVxqevLKD7VVztIYA0x/ZN5TRGmNwHfFC+Nnk1RA/m2/NEk=", "platRespCode": "FAIL", "platRespMessage": "JayaPay-params : verify signature failed"}	\N	\N	2026-02-13 00:11:45.525637+07	2026-02-13 00:11:45.525637+07	1792	2
96	JAYAPAY	DEP-20260218133607-99FD68	75000.00	BALANCE_DEPOSIT	FAILED		{"name": "vhtc695s6on396g7oxdo", "sign": "hGVP5tNBE/t44bguiHAvgpujVDIoouAgw0114AqLMSb6SkykPnOfp566kG7CCFRWriX+EK5xMWfCeET/jaKYt/nWNmAa3Qd9I7s/fOnkHUSv2KsPJDTkohjbTfP2PwaquHP/JQaw+nJ8QIDkMemJzHo2/SbhBq9Bl1xykmd02o1VUoNWkmmn5oDTWJ2Aino6HC1iDvWUrxE6OjHvSb8HXQMDmQ3ixSR0Ra9uUZi78jscNnHZwaPyIQ9BpFTYBxQwlXQZEuBNq8+SRylX+y+ctgZqR1qZjPOVQyHebgmUtS1TfhR3nFhiqPLN3x6ZOUuzZsd6kLmOfGaEtL0sBy7cTw==", "email": "k00rkthpl8@example.com", "phone": "+6289595959595", "method": "", "dateTime": "20260218133607", "orderNum": "DEP-20260218133607-99FD68", "payMoney": "75000", "notifyUrl": "https://api.bcbt-bt.online/api/deposits/jayapay/callback/", "orderType": "0", "expiryPeriod": "1000", "merchantCode": "S820250914134021000027", "productDetail": "Top Up Saldo"}	{"platSign": "CBucsbEjXo1Jjak0jY77O0USm3IweQHqp/ShHl/z/mqq7RACGMf3j1WkWcU/HRnHZCjnKgf67kwqbi7SSGMTW/kMMMFVLMWO3WrwNLKLhya8zTwBl97KuOiEzoQlqVxqevLKD7VVztIYA0x/ZN5TRGmNwHfFC+Nnk1RA/m2/NEk=", "platRespCode": "FAIL", "platRespMessage": "JayaPay-params : verify signature failed"}	\N	\N	2026-02-18 13:36:08.262345+07	2026-02-18 13:36:08.262345+07	1886	2
122	JAYAPAY	DEP-20260404114815-285B34	950000.00	BALANCE_DEPOSIT	COMPLETED		{"name": "A8", "sign": "Nb60bZHp/o2PQX4blazc0J0ffEd0MnNQaaJVLphGny3DR8bQW4d8hRM2fnXnXIpSHka8XBTm8M7T52gNGrl9fvhX1YIPvJgcb99s0dxXMAkTFCC76LFMIni8J+Mrkp+DW8gP5oMu5wike1v6K1oUXbqDoXMZAlM9FMJKD029/vmdsK2GF+lzWxvrVlb3P+KBTLoPkfVUnZTbSQFKaFC6SQrPacI0EIdC0Rd3Hk+iWuIz90idTqV7An3JGRKwh+PJSS7lYeaZvFgsrvPt/noafgxJQEW3naFnJxL4tW6K6dP9mcm2da0f1Q1JlyjJsAaJtGy9beNtoiwt/zNVaB+yHQ==", "email": "a8@gmail.com", "phone": "+6282122425478", "method": "", "dateTime": "20260404114815", "orderNum": "DEP-20260404114815-285B34", "payMoney": "950000", "notifyUrl": "https://api.bcbt-bt.online/api/deposits/jayapay/callback/", "orderType": "0", "expiryPeriod": "1000", "merchantCode": "S820250914134021000027", "productDetail": "Top Up Saldo"}	{"platSign": "CBucsbEjXo1Jjak0jY77O0USm3IweQHqp/ShHl/z/mqq7RACGMf3j1WkWcU/HRnHZCjnKgf67kwqbi7SSGMTW/kMMMFVLMWO3WrwNLKLhya8zTwBl97KuOiEzoQlqVxqevLKD7VVztIYA0x/ZN5TRGmNwHfFC+Nnk1RA/m2/NEk=", "platRespCode": "FAIL", "platRespMessage": "JayaPay-params : verify signature failed"}	\N	\N	2026-04-04 11:48:15.884995+07	2026-04-04 11:48:31.52847+07	3198	198
\.


--
-- Data for Name: deposits_gatewaysettings; Type: TABLE DATA; Schema: public; Owner: postgres
--

COPY public.deposits_gatewaysettings (id, default_wallet_type, app_domain, jayapay_enabled, klikpay_enabled, jayapay_merchant_code, jayapay_private_key, jayapay_public_key, klikpay_api_url, klikpay_merchant_code, klikpay_secret_key, klikpay_public_key, updated_at, jayapay_api_url, jayapay_callback_path, jayapay_redirect_url, klikpay_private_key, klikpay_callback_path, klikpay_redirect_url, min_deposit_amount, max_deposit_amount) FROM stdin;
1	BALANCE_DEPOSIT	api.bcbt-bt.online	t	t	S820250914134021000027	MIICdgIBADANBgkqhkiG9w0BAQEFAASCAmAwggJcAgEAAoGBALNhEgUzeH14CGXz6VuQOXkRJN9JIuZoXZWuXADe80cU7rBi46PyJlih+BifLKw+TbDoHeHUid+mEPL1TkfJJDfO1WapIT43gCU5Wtjs5td+8J8MJqBG2gSewPCnYcRWEbPxoA0nqvY6zpXWxdyn6xtrr6Ffj7lbD+WpnMUAWizRAgMBAAECgYAAx3OBPGDYWKperDFi1KyvOvtIRGRndrB7XmaNzJ1NY688UTDW02eS7uDDO9COAfcRhUlfii48H35HQKubOINhmc2uVrQRZlCJkO1/KMYbquIF6VIdZn4saNKey6b+HPJ01VLV4D9Wr65T56JCrolKm+wXmz8PDrtMq9nvlk0BXQJBAOpOKaZbZV/hnN8LQgjtJtrn92TmfYYTFgnbcUeSk2N7oUE+kZjyRPQGKb0ia58dzDzA5rvdmOucndC0UwKeXbUCQQDD/Phnif4XTg7hyVQBXlXFAOFxLQzv1iyBWpOW3DfKuj6YZXCw1rNTz5W6ycjnXsiJz4px0ClY9dGVACdP5WQtAkBSWpTDFx7Dm64iq3dTYd+lU6EeAvGdvXmij1H6oSdS8TJVl2Nfic/4oW3sP3vqWnPd6sNuxs2oCs1hfPAsXHN9AkAsnwbLQ/6mva3juBu5KAotDTNGujQM0t1VIhMiMMc/D8I6njXW/Trc5RE48sIb81eDEM57dSJEz8rEusE4joiNAkEAwDWRAlEcfgOWBKrqsdzYQMEaU+AdcdNpkoOuBoFT4QZVlVMVNcOQhqAUEm+06ztI6N0Mer4N6TROBQxj/xvGyQ==	MIGfMA0GCSqGSIb3DQEBAQUAA4GNADCBiQKBgQCqgzIEwglWoOALQp3QtA/nBLG0JCZV3YOgzBLa4GQV8RCU1NSGugdM2uqyr3AayCUhUVML4PpYsLRlCvkztEAMKaPS1zOCvbnqtx4Sx/KmDyKZIaqY/I0AAt3SHrY3YLhg1GbWONaxlT/urSRIcnprRdNyIfzAS+NUifWJqi9CQQIDAQAB	https://idvs.klysnv.com/gateway/prepaidOrder	S820240925150637000035		MIGfMA0GCSqGSIb3DQEBAQUAA4GNADCBiQKBgQClCcqIoPbJutG+d/JYQ6se5BnaO8Tapm7ssZDCYZgkEWhsaydRmRivC1okBOFOlASN6W20ESkt7X5Z8aWyrkLpKqrJ6ixCef0f/O4z7/PaKGeCh7egNpMSNL9XApIf+HU+co+hJc59TN424KRKY2HfnQh8qpOd/BqXYcd/JoiUHwIDAQAB	2026-04-04 15:56:00.659257+07	https://openapi.jayapayment.com/gateway/prepaidOrder	api/deposits/jayapay/callback/		MIICdgIBADANBgkqhkiG9w0BAQEFAASCAmAwggJcAgEAAoGBALI1GyfyI6AVyokJq04SLdoK3MxuaGwtzfm5cSXVUP+cM2K0/RbyflWx0r+G9ScCPYyqQuOEYdQvs1SH402JtYDuXjbNCczUsURao0rKx1mF0OyT8XpWXIlajI11Q7uJue1auY2iG6BaAD7mUXIOT5/nQu+XXelWRUAFdfER8m0NAgMBAAECgYBIWidcYIL2S+KfIL3cRKU5EY/zsB/VTAOEkDXQFnt8S/7Q5Iqc9nc0c64M9M4zuEUlBzuBBA50B6nXeBRhNrfporrKphiUkyhukeBrFLiCLhVJq/C7biOdR4bPhheTT3G0vduGYo5aF/ZLhdxDBDVkKL40LQ6BzBbYg2d23Lp8AQJBAOmib/vpXS54gapq4kKRF6EEHZSg+gXR8b5GAenmtdcXwZnBKMAYSYNkeF4z/Q37DTKLMWHHEemGMHQlDtOYAHECQQDDRFhvMM4OAVNyCfK4NM447sEhiu1QZYl+rhP2vodmih2/4+EhPHuRo+aWgqnMN9wnEknglto/Z7u59LrLgIRdAkEAqM5tCx657PG0/mTrxhz/bZ+Dn/gPrlTazhfXGiFQEXFguK8PunvR4dWeArKdjJRwHKzlqTgkgQ4rxD9iTw/sgQJAWpamgE8gCRdMYyeCVzsIQRlit/D/z8CLdR3dXSdfIY8J5jAODaFFondrToAnzfpMREQTygGyFqBFUyvaTPa+cQJAQWFEM6IMAjgtaiMsQT77TSkrpZUqnbw5eFX2B31L98jfz+h9CbuLxbukTWe4N3OYMK6/OOadJj7ihfYMxCgeRg==	api/deposits/klikpay/callback/		50000.00	1000000.00
\.


--
-- Data for Name: django_admin_log; Type: TABLE DATA; Schema: public; Owner: postgres
--

COPY public.django_admin_log (id, action_time, object_id, object_repr, action_flag, change_message, content_type_id, user_id) FROM stdin;
1	2025-11-09 23:54:59.918825+07	37	Null 01	2	[]	11	1
2	2025-11-10 00:02:50.162676+07	7	123456 (random)	2	[{"changed": {"fields": ["Is active"]}}]	18	1
3	2025-11-10 00:02:58.765807+07	6	01020304 (random)	2	[{"changed": {"fields": ["Is active"]}}]	18	1
4	2025-11-10 00:04:12.61692+07	8	bebekdungu (fixed)	2	[{"changed": {"fields": ["Expires at", "Usage limit"]}}]	18	1
5	2025-11-10 00:33:10.251614+07	38	Null 00	2	[{"changed": {"fields": ["Purchase rebate level 1", "Purchase rebate level 2", "Purchase rebate level 3", "Profit rebate level 1", "Profit rebate level 2", "Profit rebate level 3"]}}]	11	1
6	2025-11-10 00:35:04.823458+07	36	Sistem Celenix	2	[{"changed": {"fields": ["Purchase rebate level 1", "Purchase rebate level 2", "Purchase rebate level 3", "Profit rebate level 1", "Profit rebate level 2", "Profit rebate level 3"]}}]	11	1
7	2025-11-10 00:37:16.569888+07	34	Sistem Omnisurg	2	[{"changed": {"fields": ["Purchase rebate level 1", "Purchase rebate level 2", "Purchase rebate level 3", "Profit rebate level 1", "Profit rebate level 2", "Profit rebate level 3"]}}]	11	1
8	2025-11-10 01:15:34.578967+07	3	fkb8tiysht@example.com	2	[{"changed": {"fields": ["Referral by"]}}]	8	1
9	2025-11-10 01:15:46.29105+07	3	fkb8tiysht@example.com	2	[{"changed": {"fields": ["Referral by"]}}]	8	1
10	2025-11-10 09:02:23.28748+07	1	Yorobun (random)	1	[{"added": {}}]	18	1
11	2025-11-10 09:04:09.872936+07	36	Sistem Celenix	2	[{"changed": {"fields": ["Purchase rebate level 1", "Purchase rebate level 3", "Profit rebate level 2", "Profit rebate level 3"]}}]	11	1
12	2025-11-10 09:04:28.391094+07	34	Sistem Omnisurg	2	[{"changed": {"fields": ["Purchase rebate level 1", "Purchase rebate level 3", "Profit rebate level 2", "Profit rebate level 3"]}}]	11	1
13	2025-11-10 09:05:03.717393+07	40	Sistem Lyvion	2	[{"changed": {"fields": ["Purchase rebate level 1", "Purchase rebate level 2", "Purchase rebate level 3", "Profit rebate level 1", "Profit rebate level 2", "Profit rebate level 3"]}}]	11	1
14	2025-11-10 09:05:26.944081+07	41	Sistem Hermis	2	[{"changed": {"fields": ["Purchase rebate level 1", "Purchase rebate level 2", "Purchase rebate level 3", "Profit rebate level 1", "Profit rebate level 2", "Profit rebate level 3"]}}]	11	1
15	2025-11-10 09:05:49.521676+07	42	Sistem Vitaris	2	[{"changed": {"fields": ["Purchase rebate level 1", "Purchase rebate level 2", "Purchase rebate level 3", "Profit rebate level 1", "Profit rebate level 2", "Profit rebate level 3"]}}]	11	1
16	2025-11-10 09:06:13.506099+07	43	Sistem Surgena	2	[{"changed": {"fields": ["Purchase rebate level 1", "Purchase rebate level 2", "Purchase rebate level 3", "Profit rebate level 1", "Profit rebate level 2", "Profit rebate level 3"]}}]	11	1
17	2025-11-10 09:19:22.232367+07	1	Saluran Telegram (telegram)	1	[{"added": {}}]	30	1
18	2025-11-10 09:19:58.766975+07	2	Saluran WhatsApp (whatsapp)	1	[{"added": {}}]	30	1
19	2025-11-10 09:26:02.296533+07	2	80123456789 - 271245.64 (COMPLETED)	2	[{"changed": {"fields": ["Status"]}}]	26	1
20	2025-11-10 09:31:42.638219+07	3	81123456789 - 269949.79 (COMPLETED)	2	[{"changed": {"fields": ["Status"]}}]	26	1
21	2025-11-10 09:37:20.352286+07	4	8223456789 - 266274.73 (COMPLETED)	2	[{"changed": {"fields": ["Status"]}}]	26	1
22	2025-11-10 09:45:13.649458+07	5	0800123456789 - 1022640.58 (PROCESSING)	2	[{"changed": {"fields": ["Status"]}}]	26	1
23	2025-11-10 09:45:38.412992+07	5	0800123456789 - 1022640.58 (REJECTED)	2	[{"changed": {"fields": ["Status"]}}]	26	1
24	2025-11-10 09:46:27.581433+07	6	0800123456789 - 1022640.58 (COMPLETED)	2	[{"changed": {"fields": ["Status"]}}]	26	1
25	2025-11-10 09:59:25.209649+07	7	0800123456789 - 50000.00 (REJECTED)	2	[{"changed": {"fields": ["Status"]}}]	26	1
26	2025-11-10 12:52:29.25181+07	1	89595959595 - 50000.00 (REJECTED)	2	[{"changed": {"fields": ["Status"]}}]	26	1
27	2025-11-10 12:53:55.647169+07	8	89595959595 - 50000.00 (REJECTED)	2	[{"changed": {"fields": ["Status"]}}]	26	1
28	2025-11-10 12:57:25.42956+07	2	k00rkthpl8@example.com	2	[{"changed": {"fields": ["Balance deposit"]}}]	8	1
29	2025-11-10 13:20:29.540946+07	8	89595959595 - 50000.00 (PENDING)	2	[{"changed": {"fields": ["Status"]}}]	26	1
30	2025-11-30 19:40:00.389388+07	1	Referral Code: numbers_only/6	2	[{"changed": {"fields": ["Referral code case", "Referral code length", "Referral code pattern", "Rank basis"]}}]	9	1
31	2025-11-30 19:41:13.253879+07	2	Rank 1 - Lv 0 (requires 0)	2	[{"changed": {"fields": ["Title"]}}]	10	1
32	2025-11-30 19:41:13.291496+07	1	Rank 2 - Lv 1 (requires 3)	2	[{"changed": {"fields": ["Title", "Missions required total"]}}]	10	1
33	2025-11-30 19:41:13.329644+07	3	Rank 3 - Lv 2 (requires 6)	2	[{"changed": {"fields": ["Title", "Missions required total"]}}]	10	1
34	2025-11-30 19:41:13.367906+07	4	Rank 4 - Lv 3 (requires 10)	2	[{"changed": {"fields": ["Title", "Missions required total"]}}]	10	1
35	2025-11-30 19:41:13.40649+07	5	Rank 5 - Lv 4 (requires 25)	2	[{"changed": {"fields": ["Title", "Missions required total"]}}]	10	1
36	2025-11-30 19:41:13.447016+07	6	Rank 6 - Lv 5 (requires 50)	2	[{"changed": {"fields": ["Title", "Missions required total"]}}]	10	1
37	2025-11-30 19:44:09.436275+07	2	AttendanceSettings(id=2, active=True)	2	[{"changed": {"fields": ["Reward type", "Fixed amount", "Min amount", "Max amount"]}}]	16	1
38	2025-11-30 19:44:59.056396+07	1	Max Banks Per User: 1	2	[{"changed": {"fields": ["Max banks per user"]}}]	24	1
39	2025-11-30 19:49:07.37905+07	7	0800123456789 - DANA 083198292203	3		23	1
40	2025-11-30 19:49:07.407931+07	6	8223456789 - DANA 123456789	3		23	1
41	2025-11-30 19:49:07.43772+07	5	81123456789 - Bank DKI 12345688588	3		23	1
42	2025-11-30 19:49:07.468733+07	4	80123456789 - Bank Mizuho Indonesia 123456789	3		23	1
43	2025-11-30 19:49:07.517967+07	3	0800123456789 - OVO 1234567890	3		23	1
44	2025-11-30 19:49:07.532907+07	2	0800123456789 - Royal Bank of Scotland 123456789	3		23	1
45	2025-11-30 19:49:07.570044+07	1	89595959595 - Bank Negara Indonesia 12165456454	3		23	1
46	2025-11-30 19:49:52.921285+07	2	Bank DKI (DKI)	3		22	1
47	2025-11-30 19:49:52.960237+07	7	Bank ICBC Indonesia (ICBC)	3		22	1
48	2025-11-30 19:49:52.991562+07	3	Bank Jateng (BJA)	3		22	1
49	2025-11-30 19:49:53.022607+07	4	Bank Jatim (BJT)	3		22	1
50	2025-11-30 19:49:53.05939+07	1	Bank Jawa Barat (BJB)	3		22	1
51	2025-11-30 19:49:53.083543+07	19	Bank Mizuho Indonesia (MZH)	3		22	1
52	2025-11-30 19:49:53.109975+07	6	Bank Shinhan Indonesia (SHINHAN)	3		22	1
53	2025-11-30 19:49:53.143557+07	8	Bank Victoria Syariah (VCT)	3		22	1
54	2025-11-30 19:49:53.165735+07	5	Bank of India Indonesia (INDIA)	3		22	1
55	2025-11-30 19:49:53.200321+07	11	CTBC Indonesia (CTBC)	3		22	1
56	2025-11-30 19:49:53.231289+07	9	KEB Hana (LINE)	3		22	1
57	2025-11-30 19:49:53.26534+07	10	Royal Bank of Scotland (ROS)	3		22	1
58	2025-11-30 19:50:46.064475+07	7	Mission 7 - purchase: Saatnya memiliki kontribusi mengajak teman memiliki proyek medis sebanyak 1 anggota dan dapatkan kemenangan Rp5.000.	3		20	1
59	2025-11-30 19:50:46.103028+07	4	Mission 4 - purchase: Saatnya memiliki kontribusi mengajak teman memiliki proyek medis sebanyak 2 anggota dan dapatkan kemenangan Rp15.000	3		20	1
60	2025-11-30 19:50:46.13158+07	3	Mission 3 - purchase: Saatnya memiliki kontribusi mengajak teman memiliki proyek medis sebanyak 3 anggota dan dapatkan kemenangan Rp25.000	3		20	1
61	2025-11-30 19:50:46.163368+07	2	Mission 2 - purchase: Saatnya memiliki kontribusi mengajak teman memiliki proyek medis sebanyak 4 anggota dan dapatkan kemenangan Rp35.000	3		20	1
62	2025-11-30 19:58:46.785327+07	1	Mission 1 - purchase: 150 orang tersisa untuk meningkatkan ke level berikutnya	2	[{"changed": {"fields": ["Judul Misi", "Deskripsi", "Level (opsional)", "Ambang Progres", "Nominal Hadiah", "Level downline yang dihitung"]}}]	20	1
63	2025-11-30 20:03:12.036345+07	8	Mission 8 - purchase: 80 orang tersisa untuk meningkatkan ke level berikutnya	1	[{"added": {}}]	20	1
64	2025-11-30 20:03:19.188635+07	8	Mission 8 - purchase: 80 orang tersisa untuk meningkatkan ke level berikutnya	2	[{"changed": {"fields": ["Level downline yang dihitung"]}}]	20	1
65	2025-11-30 20:04:14.823818+07	9	Mission 9 - purchase: 50 orang tersisa untuk meningkatkan ke level berikutnya	1	[{"added": {}}]	20	1
66	2025-11-30 20:05:09.114576+07	10	Mission 10 - purchase: 25 orang tersisa untuk meningkatkan ke level berikutnya	1	[{"added": {}}]	20	1
67	2025-11-30 20:06:26.882446+07	11	Mission 11 - purchase: 10 orang tersisa untuk meningkatkan ke level berikutnya	1	[{"added": {}}]	20	1
68	2025-11-30 20:07:25.08415+07	12	Mission 12 - purchase: 6 orang tersisa untuk meningkatkan ke level berikutnya	1	[{"added": {}}]	20	1
69	2025-11-30 20:08:49.072919+07	13	Mission 13 - purchase: 3 orang tersisa untuk meningkatkan ke level berikutnya	1	[{"added": {}}]	20	1
70	2025-11-30 20:12:00.547169+07	3	💰 Sistem Komisi & Rabat	3		31	1
71	2025-11-30 20:12:00.571257+07	2	⚙️ Panduan Terbaru	3		31	1
72	2025-11-30 20:12:00.614151+07	1	🏢 Sejarah dan Perjalanan Inovasi	3		31	1
73	2025-11-30 20:48:50.479642+07	5	Selamat datang	2	[{"changed": {"fields": ["Title", "Slug", "Body"]}}]	31	1
74	2025-11-30 20:49:24.22189+07	4	Kami adalah..	2	[{"changed": {"fields": ["Title", "Slug", "Body"]}}]	31	1
75	2025-11-30 20:50:17.215264+07	43	Sistem Surgena	3		11	1
76	2025-11-30 20:50:17.234846+07	42	Sistem Vitaris	3		11	1
77	2025-11-30 20:50:17.256873+07	41	Sistem Hermis	3		11	1
78	2025-11-30 20:50:17.2805+07	40	Sistem Lyvion	3		11	1
79	2025-11-30 20:50:17.302924+07	39	Null 003	3		11	1
80	2025-11-30 20:50:17.326554+07	38	Null 00	3		11	1
81	2025-11-30 20:50:17.34677+07	37	Null 01	3		11	1
82	2025-11-30 20:50:17.371648+07	34	Sistem Omnisurg	3		11	1
83	2025-11-30 21:10:14.65483+07	36	Exx 01	2	[{"changed": {"fields": ["Name", "Description", "Price", "Image", "Specifications", "Profit type", "Profit rate", "Profit random min", "Profit random max", "Duration (days)", "Purchase rebate level 1", "Purchase rebate level 2", "Purchase rebate level 3", "Profit rebate level 1", "Profit rebate level 2", "Profit rebate level 3", "Cashback enabled"]}}]	11	1
84	2025-11-30 21:14:35.4685+07	36	Exx 01	2	[{"changed": {"fields": ["Price", "Profit rate"]}}]	11	1
85	2025-11-30 21:15:41.797081+07	1	Exx 02	1	[{"added": {}}]	11	1
86	2025-11-30 21:16:48.889257+07	2	Exx 03	1	[{"added": {}}]	11	1
87	2025-11-30 21:19:15.558796+07	3	Exx 04	1	[{"added": {}}]	11	1
88	2025-11-30 21:20:16.040517+07	4	Exx 05	1	[{"added": {}}]	11	1
89	2025-11-30 21:22:40.402742+07	5	Exx 06	1	[{"added": {}}]	11	1
90	2025-11-30 21:24:36.433707+07	6	Exx 07	1	[{"added": {}}]	11	1
91	2025-11-30 21:25:32.990556+07	7	Exx 08	1	[{"added": {}}]	11	1
92	2025-11-30 21:26:53.926993+07	7	123456 (random)	3		18	1
93	2025-11-30 21:26:53.949932+07	6	01020304 (random)	3		18	1
94	2025-11-30 21:27:21.377457+07	2	000000 (fixed)	1	[{"added": {}}]	18	1
95	2025-11-30 22:44:29.506546+07	3	999999 (fixed)	1	[{"added": {}}]	18	1
96	2025-12-01 07:40:49.287893+07	9	7ys0gub7vt3jlyu5eh5n@example.com	2	[{"changed": {"fields": ["password"]}}]	8	1
97	2025-12-01 14:05:16.762984+07	1	Referral Code: numbers_only/6	2	[{"changed": {"fields": ["Registration bonus enabled", "Registration bonus amount", "Registration bonus wallet"]}}]	9	1
98	2025-12-01 14:08:59.955426+07	18	Bank BCA (BCA)	2	[{"changed": {"fields": ["Name"]}}]	22	1
99	2025-12-01 14:09:08.246412+07	16	Mandiri (MANDIRI)	2	[{"changed": {"fields": ["Name"]}}]	22	1
100	2025-12-01 14:09:16.802014+07	17	Bank BNI (BNI)	2	[{"changed": {"fields": ["Name"]}}]	22	1
101	2025-12-01 14:09:24.359567+07	15	Bank BRI (BRI)	2	[{"changed": {"fields": ["Name"]}}]	22	1
102	2025-12-01 14:09:32.577738+07	13	DANA Wallet (DANA)	2	[{"changed": {"fields": ["Name"]}}]	22	1
103	2025-12-01 14:09:39.25388+07	14	GOPAY Wallet (GOPAY)	2	[{"changed": {"fields": ["Name"]}}]	22	1
104	2025-12-01 14:09:48.568175+07	12	OVO Wallet (OVO)	2	[{"changed": {"fields": ["Name"]}}]	22	1
105	2025-12-01 14:13:27.454365+07	2	Grup diskusi (telegram)	2	[{"changed": {"fields": ["Title", "Url", "Platform", "Description"]}}]	30	1
106	2025-12-01 14:14:03.302977+07	1	Layanan Pelanggan (telegram)	2	[{"changed": {"fields": ["Title", "Url", "Description"]}}]	30	1
107	2025-12-01 14:34:40.625455+07	9	7ys0gub7vt3jlyu5eh5n@example.com	2	[{"changed": {"fields": ["password"]}}]	8	1
108	2025-12-01 14:56:13.423365+07	14	cuniy3c6u7g46l4wd37l@example.com	2	[{"changed": {"fields": ["Balance deposit"]}}]	8	1
109	2025-12-01 17:30:05.900564+07	16	082122425470 - 66750.00 (REJECTED)	2	[{"changed": {"fields": ["Status"]}}]	26	1
110	2025-12-01 17:30:32.619851+07	12	OVO Wallet (OVO)	2	[{"changed": {"fields": ["Withdrawal fee"]}}]	22	1
111	2025-12-01 17:30:43.006375+07	16	Mandiri (MANDIRI)	2	[{"changed": {"fields": ["Withdrawal fee"]}}]	22	1
112	2025-12-01 17:30:53.827509+07	14	GOPAY Wallet (GOPAY)	2	[{"changed": {"fields": ["Withdrawal fee"]}}]	22	1
113	2025-12-01 17:31:05.749316+07	13	DANA Wallet (DANA)	2	[{"changed": {"fields": ["Withdrawal fee"]}}]	22	1
114	2025-12-01 17:31:15.714497+07	15	Bank BRI (BRI)	2	[{"changed": {"fields": ["Withdrawal fee"]}}]	22	1
115	2025-12-01 17:31:25.427208+07	17	Bank BNI (BNI)	2	[{"changed": {"fields": ["Withdrawal fee"]}}]	22	1
116	2025-12-01 17:31:35.297604+07	18	Bank BCA (BCA)	2	[{"changed": {"fields": ["Withdrawal fee"]}}]	22	1
117	2025-12-01 17:33:53.479256+07	17	082122425470 - 66750.00 (COMPLETED)	2	[{"changed": {"fields": ["Status"]}}]	26	1
118	2025-12-02 16:00:45.093149+07	1	Referral Code: numbers_only/8	2	[{"changed": {"fields": ["Referral code length", "Referral code pattern", "Auto login on register", "Rank use missions", "Rank use downlines active"]}}]	9	1
119	2025-12-02 16:03:12.160976+07	18	Bank BCA (BCA)	2	[{"changed": {"fields": ["Min withdrawal"]}}]	22	1
120	2025-12-02 16:03:28.129814+07	17	Bank BNI (BNI)	2	[{"changed": {"fields": ["Min withdrawal"]}}]	22	1
121	2025-12-02 16:03:46.996974+07	15	Bank BRI (BRI)	2	[{"changed": {"fields": ["Min withdrawal"]}}]	22	1
122	2025-12-02 16:04:02.413211+07	13	DANA Wallet (DANA)	2	[{"changed": {"fields": ["Min withdrawal"]}}]	22	1
123	2025-12-02 16:07:01.601053+07	14	GOPAY Wallet (GOPAY)	2	[{"changed": {"fields": ["Min withdrawal", "Max withdrawal"]}}]	22	1
124	2025-12-02 16:07:21.840544+07	16	Mandiri (MANDIRI)	2	[{"changed": {"fields": ["Min withdrawal"]}}]	22	1
125	2025-12-02 16:07:39.417403+07	12	OVO Wallet (OVO)	2	[{"changed": {"fields": ["Min withdrawal"]}}]	22	1
126	2025-12-02 19:55:01.286084+07	19	083812591985 - 58750.00 (COMPLETED)	2	[{"changed": {"fields": ["Status"]}}]	26	1
127	2025-12-07 17:48:13.612472+07	1	Referral Code: numbers_only/8	2	[{"changed": {"fields": ["Auto login on register"]}}]	9	1
128	2025-12-08 07:24:22.645736+07	1	Referral Code: numbers_only/8	2	[{"changed": {"fields": ["Registration bonus amount", "Rank use downlines active"]}}]	9	1
129	2025-12-08 07:27:29.7443+07	1	Referral Code: numbers_only/8	2	[{"changed": {"fields": ["Registration bonus amount"]}}]	9	1
130	2025-12-08 07:27:42.223962+07	2	AttendanceSettings(id=2, active=True)	2	[{"changed": {"fields": ["Fixed amount"]}}]	16	1
131	2025-12-08 07:28:47.755358+07	16	Mandiri (MANDIRI)	3		22	1
132	2025-12-08 07:29:06.56787+07	18	Bank Central Asia (BCA)	2	[{"changed": {"fields": ["Name"]}}]	22	1
133	2025-12-08 07:29:18.606053+07	17	Bank Negara Indonesia (BNI)	2	[{"changed": {"fields": ["Name"]}}]	22	1
134	2025-12-08 07:29:27.518688+07	15	Bank Rakyat Indonesia (BRI)	2	[{"changed": {"fields": ["Name"]}}]	22	1
135	2025-12-08 07:29:37.458544+07	13	DANA (DANA)	2	[{"changed": {"fields": ["Name"]}}]	22	1
136	2025-12-08 07:29:47.087885+07	14	GO-PAY (GOPAY)	2	[{"changed": {"fields": ["Name"]}}]	22	1
137	2025-12-08 07:29:59.615936+07	12	OVO (OVO)	2	[{"changed": {"fields": ["Name"]}}]	22	1
138	2025-12-08 07:35:00.614599+07	1	Mission 1 - purchase: Anggota saya mengisi ulang 15.000.000 ; klaim 1.500.000	2	[{"changed": {"fields": ["Judul Misi", "Deskripsi", "Level (opsional)", "Ambang Progres", "Nominal Hadiah"]}}]	20	1
139	2025-12-08 07:36:01.808288+07	8	Mission 8 - purchase: Anggota saya mengisi ulang 10.000.000 ; klaim 1.000.000	2	[{"changed": {"fields": ["Judul Misi", "Deskripsi", "Level (opsional)", "Ambang Progres", "Nominal Hadiah"]}}]	20	1
140	2025-12-08 07:36:57.475466+07	9	Mission 9 - purchase: Anggota saya mengisi ulang 8.800.000 ; klaim 880.000	2	[{"changed": {"fields": ["Judul Misi", "Deskripsi", "Level (opsional)", "Ambang Progres", "Nominal Hadiah"]}}]	20	1
141	2025-12-08 07:37:59.419208+07	10	Mission 10 - purchase: Anggota saya mengisi ulang 6.700.000 ; klaim 670.000	2	[{"changed": {"fields": ["Judul Misi", "Deskripsi", "Level (opsional)", "Ambang Progres", "Nominal Hadiah"]}}]	20	1
142	2025-12-08 07:38:19.844694+07	9	Mission 9 - purchase: Anggota saya mengisi ulang 8.800.000 ; klaim 880.000	2	[{"changed": {"fields": ["Judul Misi"]}}]	20	1
143	2025-12-08 07:38:29.20915+07	10	Mission 10 - purchase: Anggota saya mengisi ulang 6.700.000 ; klaim 670.000	2	[{"changed": {"fields": ["Judul Misi"]}}]	20	1
144	2025-12-08 07:39:14.320789+07	11	Mission 11 - purchase: Anggota saya mengisi ulang 4.500.000 ; klaim 450.000	2	[{"changed": {"fields": ["Judul Misi", "Deskripsi", "Level (opsional)", "Ambang Progres", "Nominal Hadiah"]}}]	20	1
145	2025-12-08 07:41:19.472521+07	12	Mission 12 - purchase: Anggota saya mengisi ulang 2.000.000 ; klaim 200.000	2	[{"changed": {"fields": ["Judul Misi", "Deskripsi", "Level (opsional)", "Ambang Progres", "Nominal Hadiah"]}}]	20	1
146	2025-12-08 07:42:11.12413+07	13	Mission 13 - purchase: Anggota saya mengisi ulang 1.250.000 ; klaim 125.000	2	[{"changed": {"fields": ["Judul Misi", "Deskripsi", "Level (opsional)", "Ambang Progres", "Nominal Hadiah"]}}]	20	1
147	2025-12-08 07:42:51.180674+07	13	Mission 13 - purchase: Anggota saya mengisi ulang 1.250.000 ; klaim 125.000	2	[{"changed": {"fields": ["Judul Misi"]}}]	20	1
148	2025-12-08 07:44:54.225544+07	14	Mission 14 - purchase: Anggota saya mengisi ulang 500.000 ; klaim 50.000	1	[{"added": {}}]	20	1
149	2025-12-08 07:45:45.994331+07	15	Mission 15 - purchase: Anggota saya mengisi ulang 250.000 ; klaim 25.000	1	[{"added": {}}]	20	1
150	2025-12-08 07:46:41.20741+07	16	Mission 16 - purchase: Anggota saya mengisi ulang 100.000 ; klaim 10.000	1	[{"added": {}}]	20	1
151	2025-12-08 08:47:12.263136+07	36	RBR A100	2	[{"changed": {"fields": ["Name", "Description", "Price", "Image", "Specifications", "Purchase limit", "Max purchase count", "Profit rate", "Duration (days)", "Claim reset hours", "Purchase rebate level 1", "Purchase rebate level 2"]}}]	11	1
152	2025-12-08 08:50:56.702258+07	1	RBB B100	2	[{"changed": {"fields": ["Name", "Description", "Price", "Image", "Specifications", "Purchase limit", "Max purchase count", "Stock", "Profit rate", "Duration (days)", "Claim reset hours", "Purchase rebate level 1", "Purchase rebate level 2"]}}]	11	1
153	2025-12-08 08:51:23.353987+07	1	RBB B100	2	[]	11	1
154	2025-12-08 08:51:30.974822+07	36	RBR A100	2	[]	11	1
155	2025-12-08 08:52:55.874085+07	2	RBB A200	2	[{"changed": {"fields": ["Name", "Description", "Price", "Image", "Specifications", "Purchase limit", "Max purchase count", "Profit rate", "Duration (days)", "Claim reset hours", "Purchase rebate level 1", "Purchase rebate level 2"]}}]	11	1
156	2025-12-08 08:53:11.664198+07	2	RBR A200	2	[{"changed": {"fields": ["Name"]}}]	11	1
157	2025-12-08 08:54:33.285077+07	3	RBB B200	2	[{"changed": {"fields": ["Name", "Description", "Price", "Image", "Specifications", "Purchase limit", "Max purchase count", "Profit rate", "Duration (days)", "Purchase rebate level 1", "Purchase rebate level 2"]}}]	11	1
158	2025-12-08 08:55:50.701272+07	4	RBR A300	2	[{"changed": {"fields": ["Name", "Price", "Image", "Purchase limit", "Max purchase count", "Profit rate", "Duration (days)", "Claim reset hours", "Purchase rebate level 1", "Purchase rebate level 2"]}}]	11	1
159	2025-12-08 08:57:11.784075+07	5	RBB B300	2	[{"changed": {"fields": ["Name", "Price", "Image", "Purchase limit", "Max purchase count", "Profit rate", "Duration (days)", "Purchase rebate level 1", "Purchase rebate level 2"]}}]	11	1
160	2025-12-08 08:58:17.056393+07	6	RBR A400	2	[{"changed": {"fields": ["Name", "Price", "Image", "Purchase limit", "Max purchase count", "Duration (days)", "Purchase rebate level 1", "Purchase rebate level 2"]}}]	11	1
161	2025-12-08 08:59:20.305701+07	7	RBB B400	2	[{"changed": {"fields": ["Name", "Price", "Image", "Purchase limit", "Max purchase count", "Profit rate", "Duration (days)", "Purchase rebate level 1", "Purchase rebate level 2"]}}]	11	1
162	2025-12-08 09:00:45.277504+07	8	RBR A500	1	[{"added": {}}]	11	1
163	2025-12-08 09:23:02.242935+07	9	RBB B500	1	[{"added": {}}]	11	1
164	2025-12-08 15:27:25.368516+07	9	RBB B500	2	[{"changed": {"fields": ["Profit rate"]}}]	11	1
165	2025-12-08 21:46:23.706563+07	9	RBB B500	2	[{"changed": {"fields": ["Image"]}}]	11	1
166	2025-12-09 05:55:40.434423+07	9	RBB B500	2	[{"changed": {"fields": ["Image"]}}]	11	1
167	2025-12-09 05:57:49.297504+07	34	sz8s0dxkivbkoilrlu7l@example.com	2	[{"changed": {"fields": ["password"]}}]	8	1
168	2026-01-07 20:23:09.448688+07	2	k00rkthpl8@example.com	2	[{"changed": {"fields": ["password"]}}]	8	1
169	2026-01-11 10:44:23.324673+07	4	Kami adalah..	3		31	1
170	2026-01-11 10:45:41.076527+07	6	CoreVolt Resmi Meluncurkan Program VIP Berjenjang	1	[{"added": {}}]	31	1
171	2026-01-11 10:45:46.652494+07	5	Selamat datang	3		31	1
172	2026-01-11 10:45:54.368105+07	6	CoreVolt Resmi Meluncurkan Program VIP Berjenjang	2	[]	31	1
173	2026-01-11 10:49:50.379601+07	1	ChatThread(user=2, closed=False)	2	[{"added": {"name": "support chat message", "object": "Msg(thread=1, sender=ADMIN, at=2026-01-11 03:49:50.378598+00:00)"}}]	33	1
174	2026-01-11 10:50:04.576348+07	1	ChatThread(user=2, closed=True)	2	[{"changed": {"fields": ["Is closed"]}}]	33	1
175	2026-01-11 10:54:35.893253+07	9	Produk Test 01	2	[{"changed": {"fields": ["Name", "Description", "Price", "Image", "Specifications", "Purchase limit", "Max purchase count", "Stock", "Profit rate", "Profit method", "Duration (days)", "Purchase rebate level 1"]}}]	11	1
176	2026-01-11 10:55:43.198936+07	8	Produk Test 02	2	[{"changed": {"fields": ["Name", "Description", "Price", "Image", "Specifications", "Purchase limit", "Max purchase count", "Stock", "Profit rate", "Profit method", "Duration (days)", "Purchase rebate level 1"]}}]	11	1
177	2026-01-11 10:56:40.497452+07	10	Produk Test 03	1	[{"added": {}}]	11	1
178	2026-01-11 11:12:30.709075+07	20	89595959595 - 700000.00 (PROCESSING)	2	[{"changed": {"fields": ["Status"]}}]	26	1
179	2026-01-11 11:12:46.985106+07	20	89595959595 - 700000.00 (COMPLETED)	2	[{"changed": {"fields": ["Status"]}}]	26	1
180	2026-01-11 11:40:54.115282+07	1	Referral Code: numbers_only/14	2	[{"changed": {"fields": ["Referral code length", "Referral code pattern", "Registration bonus enabled", "Registration bonus amount"]}}]	9	1
181	2026-01-11 11:42:45.73302+07	2	AttendanceSettings(id=2, active=True)	2	[]	16	1
182	2026-01-11 11:43:40.126012+07	18	87123456789 - GO-PAY 12345678999	3		23	1
183	2026-01-11 11:43:40.127539+07	17	82525252525 - GO-PAY 123321	3		23	1
184	2026-01-11 11:43:40.127539+07	16	81808368210 - DANA 083198292201	3		23	1
185	2026-01-11 11:43:40.129596+07	15	083812591985 - Bank Central Asia 123454646464	3		23	1
186	2026-01-11 11:43:40.129596+07	14	082122425474 - DANA 123456789	3		23	1
187	2026-01-11 11:43:40.130601+07	13	082122425470 - Bank Negara Indonesia 123456789	3		23	1
188	2026-01-11 11:43:40.131106+07	12	081808368211 - OVO 1234568	3		23	1
189	2026-01-11 11:43:40.131106+07	11	08123123123 - Bank Central Asia 5666	3		23	1
190	2026-01-11 11:43:40.132109+07	10	85454545454 - GO-PAY 67547474	3		23	1
191	2026-01-11 11:43:40.132109+07	9	081808368210 - Bank Negara Indonesia 123456789	3		23	1
192	2026-01-11 11:43:40.132109+07	8	89595959595 - OVO 123456g	3		23	1
193	2026-01-11 19:14:04.029706+07	72	89595959595 - Produk Test 02 (1x)	3		13	1
194	2026-01-11 19:14:04.046192+07	71	89595959595 - Produk Test 02 (1x)	3		13	1
195	2026-01-11 19:14:04.048715+07	70	89595959595 - RBB B100 (1x)	3		13	1
196	2026-01-11 19:14:04.049222+07	69	89595959595 - RBB B100 (1x)	3		13	1
197	2026-01-11 19:14:04.050231+07	68	89595959595 - RBB B100 (1x)	3		13	1
198	2026-01-11 19:14:04.052248+07	67	89595959595 - RBR A100 (1x)	3		13	1
199	2026-01-11 19:14:04.053256+07	66	89595959595 - RBR A100 (1x)	3		13	1
200	2026-01-11 19:14:04.053765+07	65	89595959595 - RBR A100 (1x)	3		13	1
201	2026-01-11 19:14:04.053765+07	64	89595959595 - RBR A100 (1x)	3		13	1
202	2026-01-11 19:14:04.054779+07	63	89595959595 - Produk Test 01 (1x)	3		13	1
203	2026-01-11 19:14:04.055293+07	62	89595959595 - Produk Test 01 (1x)	3		13	1
204	2026-01-11 19:14:04.055293+07	57	89595959595 - RBB B100 (1x)	3		13	1
205	2026-01-11 19:14:04.056299+07	53	89595959595 - RBB B200 (1x)	3		13	1
206	2026-01-11 19:14:04.056805+07	52	89595959595 - RBB B300 (1x)	3		13	1
207	2026-01-11 19:14:04.056805+07	51	89595959595 - RBR A300 (1x)	3		13	1
208	2026-01-11 19:14:04.057818+07	33	89595959595 - RBR A400 (1x)	3		13	1
209	2026-01-11 19:14:04.058337+07	32	89595959595 - RBB B400 (1x)	3		13	1
210	2026-01-11 19:14:04.058337+07	1	89595959595 - RBR A100 (1x)	3		13	1
211	2026-01-11 21:08:06.765142+07	6	Rank 3 - Rank (requires 10)	1	[{"added": {}}]	10	1
212	2026-01-11 21:08:12.687298+07	6	Rank 3 - L3 (requires 10)	2	[{"changed": {"fields": ["Title"]}}]	10	1
213	2026-01-11 21:08:19.436878+07	6	Rank 3 - L3 (requires 20)	2	[{"changed": {"fields": ["Missions required total"]}}]	10	1
214	2026-01-11 21:08:34.826595+07	7	Rank 4 - L4 (requires 30)	1	[{"added": {}}]	10	1
215	2026-01-11 21:08:54.392675+07	8	Rank 5 - L5 (requires 40)	1	[{"added": {}}]	10	1
216	2026-01-11 21:09:05.136339+07	9	Rank 6 - L6 (requires 50)	1	[{"added": {}}]	10	1
217	2026-01-11 21:09:16.348562+07	10	Rank 7 - L7 (requires 60)	1	[{"added": {}}]	10	1
218	2026-01-11 21:09:26.411069+07	11	Rank 8 - L8 (requires 70)	1	[{"added": {}}]	10	1
219	2026-01-11 21:09:36.950767+07	12	Rank 9 - L9 (requires 80)	1	[{"added": {}}]	10	1
220	2026-01-11 21:09:47.39673+07	13	Rank 10 - L10 (requires 90)	1	[{"added": {}}]	10	1
221	2026-01-11 22:08:48.647161+07	44	yuyun@gmail.com	2	[{"changed": {"fields": ["password"]}}]	8	1
222	2026-01-11 22:10:45.454067+07	43	xsdfgf@gmail.com	2	[{"changed": {"fields": ["Phone"]}}]	8	1
223	2026-01-11 22:29:53.406614+07	44	yuyun@gmail.com	2	[{"changed": {"fields": ["Balance deposit"]}}]	8	1
224	2026-01-11 22:31:29.076954+07	43	xsdfgf@gmail.com	2	[{"changed": {"fields": ["Balance deposit"]}}]	8	1
225	2026-01-11 22:31:59.842353+07	43	xsdfgf@gmail.com	2	[{"changed": {"fields": ["Balance"]}}]	8	1
226	2026-01-11 22:33:32.494406+07	10	Produk Test 03	2	[{"changed": {"fields": ["Claim reset mode", "Claim reset hours"]}}]	11	1
227	2026-01-11 22:33:44.355345+07	9	Produk Test 01	2	[{"changed": {"fields": ["Claim reset mode", "Claim reset hours"]}}]	11	1
228	2026-01-11 22:33:53.602103+07	8	Produk Test 02	2	[{"changed": {"fields": ["Claim reset mode", "Claim reset hours"]}}]	11	1
229	2026-01-11 22:39:34.078786+07	1	WithdrawalSettings(active=True)	2	[{"changed": {"fields": ["Require active investment", "Minimum product quantity"]}}]	25	1
230	2026-01-12 00:20:17.957305+07	10	Produk Test 03	2	[{"changed": {"fields": ["Custom field 1 title", "Custom field 1 content", "Custom field 2 title", "Custom field 2 content"]}}]	11	1
231	2026-01-12 00:25:43.392051+07	45	fdfdsdf@gmail.com	2	[{"changed": {"fields": ["Balance", "Balance deposit"]}}]	8	1
232	2026-01-12 00:49:35.220663+07	3	AttendanceSettings(id=3, active=True)	2	[{"changed": {"fields": ["Daily cycle days"]}}]	16	1
233	2026-01-12 00:49:46.28733+07	3	AttendanceSettings(id=3, active=True)	2	[{"changed": {"fields": ["Daily cycle days"]}}]	16	1
234	2026-01-12 00:54:07.417553+07	2	WA (whatsapp)	2	[{"changed": {"fields": ["Title", "Url", "Platform"]}}]	30	1
235	2026-01-12 00:54:17.362281+07	1	Telegram (telegram)	2	[{"changed": {"fields": ["Title"]}}]	30	1
236	2026-01-12 00:54:52.334418+07	3	Facebook (other)	1	[{"added": {}}]	30	1
237	2026-01-12 07:35:41.969532+07	31	ORD092737 - JAYAPAY - 51	1	[{"added": {}}]	29	1
238	2026-01-12 07:37:57.995326+07	31	ORD092737 - JAYAPAY - 51	3		29	1
239	2026-01-12 07:38:26.503599+07	51	test02@gmail.com	2	[{"changed": {"fields": ["Balance deposit"]}}]	8	1
240	2026-01-12 07:42:49.060259+07	8	Produk Test 02	2	[{"changed": {"fields": ["Stock"]}}]	11	1
241	2026-01-12 07:58:13.709119+07	3	AttendanceSettings(id=3, active=True)	2	[]	16	1
242	2026-01-12 12:55:27.984906+07	1	Referral Code: numbers_only/14	2	[]	9	1
243	2026-01-12 13:02:42.401523+07	1	Referral Code: numbers_only/14	2	[{"changed": {"fields": ["Rank use missions"]}}]	9	1
244	2026-01-12 13:18:34.88707+07	3	AttendanceSettings(id=3, active=True)	2	[{"changed": {"fields": ["Day 7 Reward"]}}]	16	1
245	2026-01-12 13:22:13.419095+07	18	Bank Central Asia (BCA) (BCA)	2	[{"changed": {"fields": ["Name", "Min withdrawal", "Processing time"]}}]	22	1
246	2026-01-12 13:22:41.200535+07	17	Bank Negara Indonesia(BNI) (BNI)	2	[{"changed": {"fields": ["Name", "Min withdrawal"]}}]	22	1
247	2026-01-12 13:23:00.022438+07	18	Bank Central Asia(BCA) (BCA)	2	[{"changed": {"fields": ["Name"]}}]	22	1
248	2026-01-12 13:23:12.605608+07	15	Bank Rakyat Indonesia(BRI) (BRI)	2	[{"changed": {"fields": ["Name", "Min withdrawal"]}}]	22	1
249	2026-01-12 13:23:28.484709+07	13	DANA(DANA) (DANA)	2	[{"changed": {"fields": ["Name", "Min withdrawal"]}}]	22	1
250	2026-01-12 13:23:42.596939+07	14	GOPAY(GOPAY) (GOPAY)	2	[{"changed": {"fields": ["Name", "Min withdrawal"]}}]	22	1
251	2026-01-12 13:23:53.23027+07	12	OVO(OVO) (OVO)	2	[{"changed": {"fields": ["Name", "Min withdrawal"]}}]	22	1
252	2026-01-12 13:24:56.607505+07	20	Mandiri(Bank Mandiri) (MANDIRI)	1	[{"added": {}}]	22	1
253	2026-01-12 13:25:20.047357+07	21	Danamon(Bank Danamon Indonesia) (Danamon)	1	[{"added": {}}]	22	1
254	2026-01-12 13:25:36.514006+07	22	Permata(Bank Permata) (Permata)	1	[{"added": {}}]	22	1
255	2026-01-12 13:25:59.412109+07	23	Maybank(Maybank) (Maybank)	1	[{"added": {}}]	22	1
256	2026-01-12 13:26:13.141327+07	24	Panin(PaninBank) (Panin)	1	[{"added": {}}]	22	1
257	2026-01-12 13:26:31.151323+07	25	CIMB Niaga(Bank CIMB Niaga) (CIMB)	1	[{"added": {}}]	22	1
258	2026-01-12 13:27:13.673441+07	26	CIMB Niaga Syariah(CIMB Niaga Syariah) (CIMB Syariah)	1	[{"added": {}}]	22	1
259	2026-01-12 13:27:40.204179+07	27	UOB(United Overseas Bank Limited) (UOB)	1	[{"added": {}}]	22	1
260	2026-01-12 13:28:05.594402+07	28	OCBC NISP(Bank OCBC NISP) (OCBC NISP)	1	[{"added": {}}]	22	1
261	2026-01-12 13:28:21.226767+07	29	Citibank(Citibank) (Citibank)	1	[{"added": {}}]	22	1
262	2026-01-12 13:28:37.708307+07	30	Artha Graha Internasional(Bank Artha) (Artha)	1	[{"added": {}}]	22	1
263	2026-01-12 13:28:56.074274+07	31	HSBC(HSBC Holdings PLC) (HSBC)	1	[{"added": {}}]	22	1
264	2026-01-12 13:29:12.234898+07	32	DBS(DBS Bank) (DBS)	1	[{"added": {}}]	22	1
265	2026-01-12 13:29:39.65268+07	33	Standard Chartered(Standard CH Bank) (Standard CH)	1	[{"added": {}}]	22	1
266	2026-01-12 13:29:57.065791+07	34	Capital Indonesia(Bank Capital Indonesia) (Capital)	1	[{"added": {}}]	22	1
267	2026-01-12 13:30:13.720171+07	35	Woori Indonesia(Bank Woori Saudara) (Woori)	1	[{"added": {}}]	22	1
268	2026-01-12 13:30:29.607364+07	36	BOC(Bank Of CHINA) (BOC)	1	[{"added": {}}]	22	1
269	2026-01-12 13:30:46.180468+07	37	Mayapada(Bank Mayapada) (MAYAPADA)	1	[{"added": {}}]	22	1
270	2026-01-12 13:30:57.558973+07	38	BJB(Bank BJB) (BJB)	1	[{"added": {}}]	22	1
271	2026-01-12 13:31:10.312678+07	39	Jateng(Bank Jateng) (Jateng)	1	[{"added": {}}]	22	1
272	2026-01-12 13:31:23.081546+07	40	Jatim(Bank Jatim) (Jatim)	1	[{"added": {}}]	22	1
273	2026-01-12 13:31:34.916102+07	41	Aceh(Bank Aceh) (Aceh)	1	[{"added": {}}]	22	1
274	2026-01-12 13:31:50.570126+07	42	BPD Nusa Tenggara Barat (BPD NTB)	1	[{"added": {}}]	22	1
275	2026-01-12 13:32:07.326139+07	43	BPD Bali(Bank BPD Bali) (BPD Bali)	1	[{"added": {}}]	22	1
276	2026-01-12 13:32:26.13945+07	44	Maluku Malut(Bank Maluku Malut) (Maluku)	1	[{"added": {}}]	22	1
277	2026-01-12 13:33:01.524568+07	45	BPD Papua(Bank Papua) (BPD Papua)	1	[{"added": {}}]	22	1
278	2026-01-12 13:33:21.027409+07	46	Muamalat Indonesia(Bank Muamalat) (Muamalat)	1	[{"added": {}}]	22	1
279	2026-01-12 13:33:47.49668+07	47	Mestika Dharma(Bank Mestika) (MESTIKA)	1	[{"added": {}}]	22	1
280	2026-01-12 13:33:59.487393+07	48	Sinarmas(Bank Sinarmas) (Sinarmas)	1	[{"added": {}}]	22	1
281	2026-01-12 13:34:15.883437+07	49	Maspion Indonesia(Bank Maspion) (Maspion)	1	[{"added": {}}]	22	1
282	2026-01-12 13:34:29.841787+07	50	Ganesha(Bank Ganesha) (Ganesha)	1	[{"added": {}}]	22	1
283	2026-01-12 13:34:46.33367+07	51	ICBC(Bank ICBC Indonesia) (ICBC)	1	[{"added": {}}]	22	1
284	2026-01-12 13:35:09.536446+07	52	QNB Indonesia(Bank QNB Indonesia) (QNB)	1	[{"added": {}}]	22	1
285	2026-01-12 13:35:35.113401+07	53	BTPN(Bank BTPN) (BTPN)	1	[{"added": {}}]	22	1
286	2026-01-12 13:35:56.809294+07	54	Mega(Bank Mega) (Mega)	1	[{"added": {}}]	22	1
287	2026-01-12 13:36:13.536979+07	55	Hana(Hana Bank) (Hana)	1	[{"added": {}}]	22	1
288	2026-01-12 13:36:35.931893+07	56	Neo Commerce(Bank Neo Commerce) (Neo Commerce)	1	[{"added": {}}]	22	1
289	2026-01-12 13:36:53.341717+07	57	National Nobu(Bank National Nobu) (Nobu)	1	[{"added": {}}]	22	1
290	2026-01-12 13:37:26.017933+07	58	Seabank Indonesia(PT Bank Seabank Indonesia) (Seabank)	1	[{"added": {}}]	22	1
291	2026-01-12 13:37:39.499017+07	59	Jago(Bank Jago) (Jago)	1	[{"added": {}}]	22	1
292	2026-01-12 13:38:05.533028+07	60	Victoria International(Bank Victoria International) (Victoria)	1	[{"added": {}}]	22	1
293	2026-01-12 13:38:26.39218+07	61	CTBC Indonesia(Bank CTBC Indonesia) (CTBC)	1	[{"added": {}}]	22	1
294	2026-01-12 13:38:42.149605+07	62	LINKAJA(LINKAJA) (LINKAJA)	1	[{"added": {}}]	22	1
295	2026-01-12 13:45:17.474181+07	1	Mission 1 - referral: Bagikan tautan undangan Anda dan dapatkan anggota untuk membuka manfaat	2	[{"changed": {"fields": ["Judul Misi", "Deskripsi", "Jenis Misi", "Level (opsional)", "Ambang Progres", "Nominal Hadiah"]}}]	20	1
333	2026-01-12 14:27:09.842814+07	36	Mission 36 - active_downline: Ketika Anda sudah mencapai target seorang agen kerja, Anda dapat klaim penghasilan tetap 3 kali dalam satu bulan IDR 95.000	1	[{"added": {}}]	20	1
296	2026-01-12 13:45:39.553924+07	8	Mission 8 - referral: Bagikan tautan undangan Anda dan dapatkan anggota untuk membuka manfaat	2	[{"changed": {"fields": ["Judul Misi", "Deskripsi", "Jenis Misi", "Level (opsional)", "Ambang Progres", "Nominal Hadiah"]}}]	20	1
297	2026-01-12 13:46:05.1274+07	9	Mission 9 - referral: Bagikan tautan undangan Anda dan dapatkan anggota untuk membuka manfaat	2	[{"changed": {"fields": ["Judul Misi", "Deskripsi", "Jenis Misi", "Level (opsional)", "Ambang Progres", "Nominal Hadiah"]}}]	20	1
298	2026-01-12 13:46:47.836957+07	10	Mission 10 - referral: Bagikan tautan undangan Anda dan dapatkan anggota untuk membuka manfaat	2	[{"changed": {"fields": ["Judul Misi", "Deskripsi", "Jenis Misi", "Level (opsional)", "Ambang Progres", "Nominal Hadiah"]}}]	20	1
299	2026-01-12 13:47:16.050786+07	11	Mission 11 - referral: Bagikan tautan undangan Anda dan dapatkan anggota untuk membuka manfaat	2	[{"changed": {"fields": ["Judul Misi", "Deskripsi", "Jenis Misi", "Level (opsional)", "Ambang Progres", "Nominal Hadiah"]}}]	20	1
300	2026-01-12 13:47:44.184415+07	12	Mission 12 - referral: Bagikan tautan undangan Anda dan dapatkan anggota untuk membuka manfaat	2	[{"changed": {"fields": ["Judul Misi", "Deskripsi", "Jenis Misi", "Level (opsional)", "Ambang Progres", "Nominal Hadiah"]}}]	20	1
301	2026-01-12 13:48:08.618502+07	13	Mission 13 - referral: Bagikan tautan undangan Anda dan dapatkan anggota untuk membuka manfaat	2	[{"changed": {"fields": ["Judul Misi", "Deskripsi", "Jenis Misi", "Level (opsional)", "Ambang Progres", "Nominal Hadiah"]}}]	20	1
302	2026-01-12 13:48:55.731735+07	14	Mission 14 - purchase: Bagikan tautan undangan Anda dan dapatkan anggota untuk membuka manfaat	2	[{"changed": {"fields": ["Judul Misi", "Deskripsi", "Level (opsional)", "Ambang Progres", "Nominal Hadiah"]}}]	20	1
303	2026-01-12 13:50:06.332983+07	15	Mission 15 - deposit: Anggota Anda melakukan beberapa pengisian ulang, ambil manfaatnya IDR 56.000	2	[{"changed": {"fields": ["Judul Misi", "Deskripsi", "Jenis Misi", "Level (opsional)", "Ambang Progres", "Nominal Hadiah"]}}]	20	1
304	2026-01-12 13:50:31.656751+07	1	Mission 1 - referral: Bagikan tautan undangan Anda dan dapatkan anggota untuk membuka manfaat IDR 2.000	2	[{"changed": {"fields": ["Deskripsi"]}}]	20	1
305	2026-01-12 13:50:54.81438+07	8	Mission 8 - referral: Bagikan tautan undangan Anda dan dapatkan anggota untuk membuka manfaat IDR 7.000 2.000	2	[{"changed": {"fields": ["Deskripsi"]}}]	20	1
306	2026-01-12 13:51:09.191806+07	8	Mission 8 - referral: Bagikan tautan undangan Anda dan dapatkan anggota untuk membuka manfaat IDR 7.000	2	[{"changed": {"fields": ["Deskripsi"]}}]	20	1
307	2026-01-12 13:52:08.009834+07	9	Mission 9 - referral: Bagikan tautan undangan Anda dan dapatkan anggota untuk membuka manfaat IDR 10.000	2	[{"changed": {"fields": ["Deskripsi"]}}]	20	1
308	2026-01-12 13:52:25.885405+07	10	Mission 10 - referral: Bagikan tautan undangan Anda dan dapatkan anggota untuk membuka manfaat IDR 15.000	2	[{"changed": {"fields": ["Deskripsi"]}}]	20	1
309	2026-01-12 13:53:13.09052+07	11	Mission 11 - referral: Bagikan tautan undangan Anda dan dapatkan anggota untuk membuka manfaat IDR 38.000	2	[{"changed": {"fields": ["Deskripsi"]}}]	20	1
310	2026-01-12 13:55:13.071994+07	12	Mission 12 - referral: Bagikan tautan undangan Anda dan dapatkan anggota untuk membuka manfaat IDR 60.000	2	[{"changed": {"fields": ["Deskripsi"]}}]	20	1
311	2026-01-12 13:55:43.430228+07	13	Mission 13 - referral: Bagikan tautan undangan Anda dan dapatkan anggota untuk membuka manfaat IDR 80.000	2	[{"changed": {"fields": ["Deskripsi"]}}]	20	1
312	2026-01-12 13:56:02.637532+07	14	Mission 14 - purchase: Bagikan tautan undangan Anda dan dapatkan anggota untuk membuka manfaat IDR 100.000	2	[{"changed": {"fields": ["Deskripsi"]}}]	20	1
313	2026-01-12 13:58:31.073805+07	16	Mission 16 - deposit: Anggota Anda melakukan beberapa pengisian ulang, ambil manfaatnya IDR 117.000	2	[{"changed": {"fields": ["Judul Misi", "Deskripsi", "Jenis Misi", "Ambang Progres", "Nominal Hadiah"]}}]	20	1
314	2026-01-12 13:59:45.002192+07	18	Mission 18 - deposit: Anggota Anda melakukan beberapa pengisian ulang, ambil manfaatnya IDR 290.000	1	[{"added": {}}]	20	1
315	2026-01-12 14:00:30.908263+07	19	Mission 19 - deposit: Anggota Anda melakukan beberapa pengisian ulang, ambil manfaatnya IDR 690.000	1	[{"added": {}}]	20	1
316	2026-01-12 14:00:39.351152+07	19	Mission 19 - deposit: Anggota Anda melakukan beberapa pengisian ulang, ambil manfaatnya IDR 690.000	2	[{"changed": {"fields": ["Level downline yang dihitung"]}}]	20	1
317	2026-01-12 14:01:23.900597+07	20	Mission 20 - deposit: Anggota Anda melakukan beberapa pengisian ulang, ambil manfaatnya IDR 1.005.000	1	[{"added": {}}]	20	1
318	2026-01-12 14:02:03.95281+07	21	Mission 21 - deposit: Anggota Anda melakukan beberapa pengisian ulang, ambil manfaatnya IDR 1.805.000	1	[{"added": {}}]	20	1
319	2026-01-12 14:03:42.961785+07	22	Mission 22 - deposit: Anggota Anda melakukan beberapa pengisian ulang, ambil manfaatnya IDR 3.005.000	1	[{"added": {}}]	20	1
320	2026-01-12 14:07:53.091595+07	23	Mission 23 - deposit_self: Ketika Anda melakukan isi ulang, manfaat Anda lebih banyak setelah mencapainya. Menerima IDR 30.000. Ambil hadiah fisik sekarang.	1	[{"added": {}}]	20	1
321	2026-01-12 14:08:31.611978+07	24	Mission 24 - deposit_self: Ketika Anda melakukan isi ulang, manfaat Anda lebih banyak setelah mencapainya. Menerima IDR 72.000. Ambil hadiah fisik sekarang.	1	[{"added": {}}]	20	1
322	2026-01-12 14:09:23.699708+07	25	Mission 25 - deposit_self: Ketika Anda melakukan isi ulang, manfaat Anda lebih banyak setelah mencapainya. Menerima IDR 150.000. Ambil hadiah fisik sekarang.	1	[{"added": {}}]	20	1
323	2026-01-12 14:09:59.98269+07	26	Mission 26 - deposit_self: Ketika Anda melakukan isi ulang, manfaat Anda lebih banyak setelah mencapainya. Menerima IDR 360.000. Ambil hadiah fisik sekarang.	1	[{"added": {}}]	20	1
324	2026-01-12 14:12:14.194068+07	27	Mission 27 - deposit_self: Ketika Anda melakukan isi ulang, manfaat Anda lebih banyak setelah mencapainya. Menerima IDR 888.000. Ambil hadiah fisik sekarang.	1	[{"added": {}}]	20	1
325	2026-01-12 14:13:59.010501+07	28	Mission 28 - deposit_self: Ketika Anda melakukan isi ulang, manfaat Anda lebih banyak setelah mencapainya. Menerima IDR 1.410.000. Ambil hadiah fisik sekarang.	1	[{"added": {}}]	20	1
326	2026-01-12 14:15:07.51652+07	29	Mission 29 - deposit_self: Ketika Anda melakukan isi ulang, manfaat Anda lebih banyak setelah mencapainya. Menerima IDR 1.800.000. Ambil hadiah fisik sekarang.	1	[{"added": {}}]	20	1
327	2026-01-12 14:16:40.188531+07	30	Mission 30 - deposit_self: LOREMIPSUM	1	[{"added": {}}]	20	1
328	2026-01-12 14:17:06.368419+07	31	Mission 31 - deposit_self: LOREM IPSUM	1	[{"added": {}}]	20	1
329	2026-01-12 14:17:30.744488+07	32	Mission 32 - deposit_self: LOREMIPSUM	1	[{"added": {}}]	20	1
330	2026-01-12 14:18:37.964429+07	33	Mission 33 - deposit_self: LOREMIPSUM	1	[{"added": {}}]	20	1
331	2026-01-12 14:21:41.600317+07	34	Mission 34 - deposit_self: LOREM IPSUM	1	[{"added": {}}]	20	1
332	2026-01-12 14:26:38.922932+07	35	Mission 35 - active_downline: Ketika Anda sudah mencapai target seorang agen kerja, Anda dapat klaim penghasilan tetap 3 kali dalam satu bulan IDR 50.000	1	[{"added": {}}]	20	1
334	2026-01-12 14:28:29.787333+07	37	Mission 37 - active_downline: Ketika Anda sudah mencapai target seorang agen kerja, Anda dapat klaim penghasilan tetap 3 kali dalam satu bulan IDR 170.000	1	[{"added": {}}]	20	1
335	2026-01-12 14:29:20.097929+07	38	Mission 38 - active_downline: Ketika Anda sudah mencapai target seorang agen kerja, Anda dapat klaim penghasilan tetap 3 kali dalam satu bulan IDR 250.000	1	[{"added": {}}]	20	1
336	2026-01-12 14:30:31.918906+07	39	Mission 39 - active_downline: Ketika Anda sudah mencapai target seorang agen kerja, Anda dapat klaim penghasilan tetap 3 kali dalam satu bulan IDR 400.000	1	[{"added": {}}]	20	1
337	2026-01-12 14:31:48.277692+07	40	Mission 40 - active_downline: Ketika Anda sudah mencapai target seorang agen kerja, Anda dapat klaim penghasilan tetap 3 kali dalam satu bulan IDR 700.000	1	[{"added": {}}]	20	1
338	2026-01-12 14:32:30.493089+07	41	Mission 41 - referral: Ketika Anda sudah mencapai target seorang agen kerja, Anda dapat klaim penghasilan tetap 3 kali dalam satu bulan IDR 1.750.000	1	[{"added": {}}]	20	1
339	2026-01-12 14:33:06.506463+07	42	Mission 42 - active_downline: Ketika Anda sudah mencapai target seorang agen kerja, Anda dapat klaim penghasilan tetap 3 kali dalam satu bulan IDR 6.700.000	1	[{"added": {}}]	20	1
340	2026-01-12 14:53:51.730887+07	6	CoreVolt Resmi Meluncurkan Program VIP Berjenjang	2	[{"changed": {"fields": ["Body", "Image"]}}]	31	1
341	2026-01-12 14:54:21.248956+07	7	CoreVolt Memperkuat Sistem Layanan untuk Mendukung Pengalaman Pengguna	1	[{"added": {}}]	31	1
342	2026-01-12 14:54:45.732274+07	8	CoreVolt Memperluas Arah Pengembangan Layanan Berbasis Keanggotaan	1	[{"added": {}}]	31	1
343	2026-01-12 14:55:07.878182+07	9	CoreVolt Menegaskan Komitmen terhadap Keamanan dan Keandalan Sistem	1	[{"added": {}}]	31	1
344	2026-01-12 14:55:35.800718+07	10	CoreVolt Menegaskan Arah Visi Pengembangan Layanan Berbasis Nilai dan Keberlanjutan	1	[{"added": {}}]	31	1
345	2026-01-12 14:56:02.287657+07	11	CoreVolt Memperkenalkan Struktur Layanan Terintegrasi dengan Pendekatan Berjenjang	1	[{"added": {}}]	31	1
346	2026-01-12 14:56:35.670862+07	12	CoreVolt Menyusun Arsitektur Program Berbasis Periode untuk Mendukung Perencanaan Pengguna	1	[{"added": {}}]	31	1
347	2026-01-12 14:56:58.820215+07	13	CoreVolt Mendorong Pemahaman Pengguna melalui Transparansi Mekanisme Layanan	1	[{"added": {}}]	31	1
348	2026-01-12 14:57:26.564112+07	14	CoreVolt Memperkuat Strategi Komunikasi Digital untuk Menjangkau Masyarakat Lebih Luas	1	[{"added": {}}]	31	1
349	2026-01-12 14:59:18.692627+07	15	CoreVolt Menetapkan Misi Pengembangan Keuntungan Berbasis Langganan	1	[{"added": {}}]	31	1
350	2026-01-12 15:00:03.007264+07	16	CoreVolt Mengarahkan Pengembangan Layanan untuk Meningkatkan Nilai Keuntungan Langganan	1	[{"added": {}}]	31	1
351	2026-01-12 15:00:40.98141+07	17	CoreVolt Mengarahkan Pengembangan Layanan untuk Meningkatkan Nilai Tambah bagi Pengguna	1	[{"added": {}}]	31	1
352	2026-01-12 15:02:27.59074+07	18	CoreVolt Menegaskan Nilai Inti dan Budaya Kerja sebagai Fondasi Pengembangan Perusahaan	1	[{"added": {}}]	31	1
353	2026-01-12 15:04:11.942363+07	19	CoreVolt Menetapkan Core Values sebagai Landasan Budaya Perusahaan	1	[{"added": {}}]	31	1
354	2026-01-12 15:35:21.125539+07	10	PowerVault S	2	[{"changed": {"fields": ["Name", "Description", "Price", "Image", "Specifications", "Purchase limit", "Max purchase count", "Stock", "Profit rate", "Duration (days)", "Custom field 1 title", "Custom field 1 content", "Custom field 2 title", "Custom field 2 content", "Custom field 3 title", "Custom field 3 content"]}}]	11	1
355	2026-01-12 15:35:34.338936+07	10	PowerVault S	2	[{"changed": {"fields": ["Image"]}}]	11	1
356	2026-01-12 15:39:39.96008+07	9	PowerVault AA	2	[{"changed": {"fields": ["Name", "Description", "Price", "Image", "Specifications", "Stock", "Profit rate", "Duration (days)", "Custom field 1 title", "Custom field 1 content", "Custom field 2 title", "Custom field 2 content", "Custom field 3 title", "Custom field 3 content"]}}]	11	1
357	2026-01-12 15:43:14.413133+07	8	PowerVault M	2	[{"changed": {"fields": ["Name", "Description", "Price", "Image", "Specifications", "Stock", "Profit rate", "Duration (days)", "Custom field 1 title", "Custom field 1 content", "Custom field 2 title", "Custom field 2 content", "Custom field 3 title", "Custom field 3 content"]}}]	11	1
358	2026-01-12 15:45:38.039493+07	7	PowerVault L	2	[{"changed": {"fields": ["Name", "Description", "Price", "Image", "Specifications", "Purchase limit", "Max purchase count", "Stock", "Profit rate", "Profit method", "Duration (days)", "Claim reset mode", "Claim reset hours", "Purchase rebate level 1", "Custom field 1 title", "Custom field 1 content", "Custom field 2 title", "Custom field 2 content", "Custom field 3 title", "Custom field 3 content"]}}]	11	1
359	2026-01-12 15:48:17.476067+07	6	PowerVault Secure	2	[{"changed": {"fields": ["Name", "Description", "Price", "Image", "Specifications", "Purchase limit", "Max purchase count", "Stock", "Profit rate", "Profit method", "Duration (days)", "Claim reset mode", "Claim reset hours", "Purchase rebate level 1", "Custom field 1 title", "Custom field 1 content", "Custom field 2 title", "Custom field 2 content", "Custom field 3 title", "Custom field 3 content"]}}]	11	1
360	2026-01-12 15:50:17.28458+07	5	Tower One	2	[{"changed": {"fields": ["Name", "Description", "Price", "Image", "Specifications", "Purchase limit", "Max purchase count", "Stock", "Profit rate", "Duration (days)", "Claim reset mode", "Claim reset hours", "Purchase rebate level 1", "Custom field 1 title", "Custom field 1 content", "Custom field 2 title", "Custom field 2 content", "Custom field 3 title", "Custom field 3 content"]}}]	11	1
361	2026-01-12 15:52:30.431187+07	4	Tower Dualingal	2	[{"changed": {"fields": ["Name", "Description", "Price", "Image", "Specifications", "Purchase limit", "Max purchase count", "Stock", "Profit rate", "Profit method", "Duration (days)", "Claim reset mode", "Claim reset hours", "Purchase rebate level 1", "Custom field 1 title", "Custom field 1 content", "Custom field 2 title", "Custom field 2 content", "Custom field 3 title", "Custom field 3 content"]}}]	11	1
362	2026-01-12 15:54:16.571875+07	3	Tower Meridian	2	[{"changed": {"fields": ["Name", "Description", "Price", "Image", "Specifications", "Purchase limit", "Max purchase count", "Stock", "Profit rate", "Profit method", "Duration (days)", "Claim reset mode", "Claim reset hours", "Purchase rebate level 1", "Custom field 1 title", "Custom field 1 content", "Custom field 2 title", "Custom field 2 content", "Custom field 3 title", "Custom field 3 content"]}}]	11	1
363	2026-01-12 15:56:07.601351+07	2	SmartStorage X	2	[{"changed": {"fields": ["Name", "Description", "Price", "Image", "Specifications", "Purchase limit", "Max purchase count", "Stock", "Profit rate", "Profit method", "Duration (days)", "Claim reset mode", "Claim reset hours", "Purchase rebate level 1", "Custom field 1 title", "Custom field 1 content", "Custom field 2 title", "Custom field 2 content", "Custom field 3 title", "Custom field 3 content"]}}]	11	1
414	2026-01-14 11:32:14.625962+07	1534	DEP-20260114110811-A75049 - +628111222333	2	[{"changed": {"fields": ["Type", "Status"]}}]	12	1
415	2026-01-14 13:46:35.739565+07	2	k00rkthpl8@example.com	2	[{"changed": {"fields": ["Phone"]}}]	8	1
364	2026-01-12 15:57:28.600728+07	1	EdgeStorage	2	[{"changed": {"fields": ["Name", "Description", "Price", "Image", "Specifications", "Purchase limit", "Max purchase count", "Stock", "Profit rate", "Profit method", "Duration (days)", "Claim reset mode", "Claim reset hours", "Purchase rebate level 1", "Custom field 1 title", "Custom field 1 content", "Custom field 2 title", "Custom field 2 content", "Custom field 3 title", "Custom field 3 content"]}}]	11	1
365	2026-01-12 15:59:12.248367+07	36	GridStorage Pro	2	[{"changed": {"fields": ["Name", "Description", "Price", "Image", "Specifications", "Purchase limit", "Max purchase count", "Stock", "Profit rate", "Profit method", "Duration (days)", "Claim reset mode", "Claim reset hours", "Purchase rebate level 1", "Custom field 1 title", "Custom field 1 content", "Custom field 2 title", "Custom field 2 content", "Custom field 3 title", "Custom field 3 content", "Custom field 4 title", "Custom field 4 content", "Custom field 5 title", "Custom field 5 content", "Custom field 6 title", "Custom field 6 content", "Custom field 7 title", "Custom field 7 content"]}}]	11	1
366	2026-01-12 16:00:43.745015+07	3	Facebook (other)	2	[{"changed": {"fields": ["Url", "Description"]}}]	30	1
367	2026-01-12 16:01:23.961878+07	2	WA (whatsapp)	2	[{"changed": {"fields": ["Url", "Description"]}}]	30	1
368	2026-01-12 16:01:35.455588+07	2	WhatsApp (whatsapp)	2	[{"changed": {"fields": ["Title"]}}]	30	1
369	2026-01-12 16:02:07.679004+07	1	Telegram (telegram)	2	[{"changed": {"fields": ["Url", "Description"]}}]	30	1
370	2026-01-12 16:02:18.741242+07	3	999999 (fixed)	3		18	1
371	2026-01-12 16:02:18.746771+07	2	000000 (fixed)	3		18	1
372	2026-01-12 16:02:18.748281+07	1	Yorobun (random)	3		18	1
373	2026-01-12 16:02:18.748281+07	8	bebekdungu (fixed)	3		18	1
374	2026-01-12 16:02:39.438391+07	4	123456 (fixed)	1	[{"added": {}}]	18	1
375	2026-01-12 16:33:25.719727+07	42	DEP-20260112163311-5897EB - JAYAPAY - 53	2	[{"changed": {"fields": ["Status"]}}]	29	1
376	2026-01-12 16:47:51.362947+07	53	test04@gmail.com	2	[{"changed": {"fields": ["Balance deposit"]}}]	8	1
377	2026-01-12 16:48:49.676828+07	53	test04@gmail.com	2	[{"changed": {"fields": ["Balance deposit"]}}]	8	1
378	2026-01-12 21:51:15.134749+07	41	Mission 41 - active_downline: Ketika Anda sudah mencapai target seorang agen kerja, Anda dapat klaim penghasilan tetap 3 kali dalam satu bulan IDR 1.750.000	2	[{"changed": {"fields": ["Jenis Misi"]}}]	20	1
379	2026-01-12 22:33:11.879423+07	1	Mission 1 - referral: Bagikan tautan undangan Anda dan dapatkan anggota untuk membuka manfaat IDR 2.000	2	[{"changed": {"fields": ["Ambang Progres"]}}]	20	1
380	2026-01-12 22:33:35.879123+07	14	Mission 14 - referral: Bagikan tautan undangan Anda dan dapatkan anggota untuk membuka manfaat IDR 100.000	2	[{"changed": {"fields": ["Jenis Misi"]}}]	20	1
381	2026-01-12 22:34:08.500586+07	15	Mission 15 - deposit: Anggota Anda melakukan beberapa pengisian ulang, ambil manfaatnya IDR 56.000	2	[{"changed": {"fields": ["Ambang Progres"]}}]	20	1
382	2026-01-12 22:36:56.280418+07	23	Mission 23 - deposit_self: Ketika Anda melakukan isi ulang, manfaat Anda lebih banyak setelah mencapainya. Menerima IDR 30.000. Ambil hadiah fisik sekarang.	2	[{"changed": {"fields": ["Ambang Progres"]}}]	20	1
383	2026-01-12 22:37:15.014737+07	35	Mission 35 - active_downline: Ketika Anda sudah mencapai target seorang agen kerja, Anda dapat klaim penghasilan tetap 3 kali dalam satu bulan IDR 50.000	2	[{"changed": {"fields": ["Ambang Progres"]}}]	20	1
384	2026-01-13 08:52:21.585525+07	9	ChatThread(user=55, closed=False)	2	[{"added": {"name": "support chat message", "object": "Msg(thread=9, sender=ADMIN, at=2026-01-13 01:52:21.585525+00:00)"}}]	33	1
385	2026-01-13 10:53:35.127969+07	56	testing02@gmail.com	2	[{"changed": {"fields": ["Balance", "Balance deposit"]}}]	8	1
386	2026-01-13 10:57:52.11639+07	3	Facebook (other)	3		30	1
387	2026-01-13 11:05:46.021218+07	56	testing02@gmail.com	2	[{"changed": {"fields": ["Balance"]}}]	8	1
388	2026-01-13 11:12:20.610919+07	56	testing01@gmail.com	2	[{"changed": {"fields": ["Email"]}}]	8	1
389	2026-01-13 11:12:34.144468+07	56	testing01@gmail.com	2	[{"changed": {"fields": ["Username"]}}]	8	1
390	2026-01-13 11:49:04.425584+07	36	Mission 36 - active_downline: Ketika Anda sudah mencapai target seorang agen kerja, Anda dapat klaim penghasilan tetap 3 kali dalam satu bulan IDR 95.000	2	[{"changed": {"fields": ["Ambang Progres"]}}]	20	1
391	2026-01-13 11:51:22.966566+07	62	testing07@gmail.com	2	[{"changed": {"fields": ["Balance"]}}]	8	1
392	2026-01-13 13:54:58.101501+07	1	Referral Code: numbers_only/14	2	[{"changed": {"fields": ["Otp enabled", "Verifyway api key"]}}]	9	1
393	2026-01-13 15:40:07.863679+07	62	testing07@gmail.com	2	[{"changed": {"fields": ["Username"]}}]	8	1
394	2026-01-13 15:43:04.353341+07	22	8111333111 - BOC(Bank Of CHINA) 213464	3		23	1
395	2026-01-13 17:29:42.203059+07	1	Referral Code: numbers_only/14	2	[{"changed": {"fields": ["Otp enabled", "Whatsapp check enabled", "Checknumber api key"]}}]	9	1
396	2026-01-13 20:15:36.537613+07	21	8111222333 - Neo Commerce(Bank Neo Commerce) 123456789	3		23	1
397	2026-01-13 20:19:17.661894+07	28	8111222333 - 100000.00 (REJECTED)	2	[{"changed": {"fields": ["Status"]}}]	26	1
398	2026-01-13 20:20:30.838562+07	29	8111222333 - 100000.00 (PROCESSING)	2	[{"changed": {"fields": ["Status"]}}]	26	1
399	2026-01-13 20:20:51.559313+07	29	8111222333 - 100000.00 (COMPLETED)	2	[{"changed": {"fields": ["Status"]}}]	26	1
400	2026-01-14 00:39:17.166931+07	1	Referral Code: numbers_only/14	2	[{"changed": {"fields": ["Verifynow customer id", "Verifynow api key"]}}]	9	1
401	2026-01-14 00:40:38.269695+07	1	Referral Code: numbers_only/14	2	[{"changed": {"fields": ["Otp enabled", "Whatsapp check enabled"]}}]	9	1
402	2026-01-14 01:03:04.714529+07	3	085770404473 - None	3		36	1
403	2026-01-14 01:03:04.729402+07	2	8975617198 - 719666	3		36	1
404	2026-01-14 01:03:04.731003+07	1	85770404473 - None	3		36	1
405	2026-01-14 01:06:30.815834+07	1	Referral Code: numbers_only/14	2	[{"changed": {"fields": ["Verifynow api key"]}}]	9	1
406	2026-01-14 10:21:02.910247+07	1	Referral Code: numbers_only/14	2	[{"changed": {"fields": ["Otp enabled"]}}]	9	1
407	2026-01-14 10:29:11.489119+07	1	Referral Code: numbers_only/14	2	[{"changed": {"fields": ["Otp enabled"]}}]	9	1
408	2026-01-14 10:42:58.28063+07	65	testingotp@gmail.com	2	[{"changed": {"fields": ["Phone"]}}]	8	1
409	2026-01-14 10:54:06.206007+07	66	testingotp1@gmail.com	2	[{"changed": {"fields": ["Phone"]}}]	8	1
410	2026-01-14 10:55:48.011661+07	68	testingotp3@gmail.com	2	[{"changed": {"fields": ["Phone"]}}]	8	1
411	2026-01-14 11:05:05.144538+07	55	testing0@gmail.com	2	[{"changed": {"fields": ["Phone"]}}]	8	1
412	2026-01-14 11:08:39.274255+07	62	DEP-20260114110811-A75049 - KLIKPAY - 55	2	[{"changed": {"fields": ["Status"]}}]	29	1
413	2026-01-14 11:31:47.494979+07	61	DEP-20260114110811-920098 - KLIKPAY - 55	2	[{"changed": {"fields": ["Status"]}}]	29	1
416	2026-01-14 20:03:19.007704+07	67	testingotp2@gmail.com	2	[{"changed": {"fields": ["Phone"]}}]	8	1
417	2026-01-23 18:46:19.327569+07	24	+628111222333 - BPD Bali(Bank BPD Bali) 12345678	3		23	1
418	2026-01-23 18:46:19.335257+07	23	85770404123 - Bank Negara Indonesia(BNI) 435363565	3		23	1
419	2026-01-23 18:46:19.336794+07	20	83812591982 - ICBC(Bank ICBC Indonesia) 123456789	3		23	1
420	2026-01-23 18:46:19.336794+07	19	+6289595959595 - Bank Rakyat Indonesia(BRI) 67567567865	3		23	1
421	2026-01-24 00:52:53.771505+07	1	Referral Code: numbers_only/14	2	[{"changed": {"fields": ["Otp enabled", "Whatsapp check enabled"]}}]	9	1
422	2026-01-24 00:54:05.307796+07	2	k00rkthpl8@example.com	2	[{"changed": {"fields": ["password"]}}]	8	1
423	2026-01-24 15:31:58.750914+07	1	Referral Code: mixed/6	2	[{"changed": {"fields": ["Referral code case", "Referral code length", "Referral code pattern", "Registration bonus enabled", "Registration bonus amount", "Registration bonus wallet"]}}]	9	1
424	2026-01-24 16:05:54.153373+07	73	user124014@algosphere.com	2	[{"changed": {"fields": ["Balance deposit"]}}]	8	1
425	2026-01-24 17:55:37.183609+07	5	654321 (fixed)	1	[{"added": {}}]	18	1
426	2026-01-24 17:59:10.657846+07	5	654321 (fixed)	2	[{"changed": {"fields": ["Expires at"]}}]	18	1
427	2026-01-24 18:04:37.35022+07	25	+6286565656565 - BPD Bali(Bank BPD Bali) 2146546	3		23	1
428	2026-01-24 22:51:20.394636+07	3	AttendanceSettings(id=3, active=True)	2	[{"changed": {"fields": ["Reward type", "Fixed amount", "Min amount", "Max amount", "Daily cycle days", "Day 1 Reward", "Day 2 Reward", "Day 3 Reward", "Day 4 Reward", "Day 5 Reward", "Day 6 Reward", "Day 7 Reward"]}}]	16	1
429	2026-01-24 22:54:50.865996+07	41	Aceh(Bank Aceh) (Aceh)	3		22	1
430	2026-01-24 22:54:50.869087+07	30	Artha Graha Internasional(Bank Artha) (Artha)	3		22	1
431	2026-01-24 22:54:50.87064+07	38	BJB(Bank BJB) (BJB)	3		22	1
432	2026-01-24 22:54:50.872186+07	36	BOC(Bank Of CHINA) (BOC)	3		22	1
433	2026-01-24 22:54:50.873733+07	43	BPD Bali(Bank BPD Bali) (BPD Bali)	3		22	1
434	2026-01-24 22:54:50.8753+07	42	BPD Nusa Tenggara Barat (BPD NTB)	3		22	1
435	2026-01-24 22:54:50.876851+07	45	BPD Papua(Bank Papua) (BPD Papua)	3		22	1
436	2026-01-24 22:54:50.878395+07	53	BTPN(Bank BTPN) (BTPN)	3		22	1
437	2026-01-24 22:54:50.879936+07	34	Capital Indonesia(Bank Capital Indonesia) (Capital)	3		22	1
438	2026-01-24 22:54:50.879936+07	26	CIMB Niaga Syariah(CIMB Niaga Syariah) (CIMB Syariah)	3		22	1
439	2026-01-24 22:54:50.881502+07	25	CIMB Niaga(Bank CIMB Niaga) (CIMB)	3		22	1
440	2026-01-24 22:54:50.883029+07	29	Citibank(Citibank) (Citibank)	3		22	1
441	2026-01-24 22:54:50.883029+07	61	CTBC Indonesia(Bank CTBC Indonesia) (CTBC)	3		22	1
442	2026-01-24 22:54:50.884613+07	21	Danamon(Bank Danamon Indonesia) (Danamon)	3		22	1
443	2026-01-24 22:54:50.886129+07	32	DBS(DBS Bank) (DBS)	3		22	1
444	2026-01-24 22:54:50.887681+07	50	Ganesha(Bank Ganesha) (Ganesha)	3		22	1
445	2026-01-24 22:54:50.887681+07	55	Hana(Hana Bank) (Hana)	3		22	1
446	2026-01-24 22:54:50.889222+07	31	HSBC(HSBC Holdings PLC) (HSBC)	3		22	1
447	2026-01-24 22:54:50.890318+07	51	ICBC(Bank ICBC Indonesia) (ICBC)	3		22	1
448	2026-01-24 22:54:50.890318+07	59	Jago(Bank Jago) (Jago)	3		22	1
449	2026-01-24 22:54:50.891852+07	39	Jateng(Bank Jateng) (Jateng)	3		22	1
450	2026-01-24 22:54:50.891852+07	40	Jatim(Bank Jatim) (Jatim)	3		22	1
451	2026-01-24 22:54:50.893393+07	62	LINKAJA(LINKAJA) (LINKAJA)	3		22	1
452	2026-01-24 22:54:50.894937+07	44	Maluku Malut(Bank Maluku Malut) (Maluku)	3		22	1
453	2026-01-24 22:54:50.896+07	49	Maspion Indonesia(Bank Maspion) (Maspion)	3		22	1
454	2026-01-24 22:54:50.896+07	37	Mayapada(Bank Mayapada) (MAYAPADA)	3		22	1
455	2026-01-24 22:54:50.897541+07	23	Maybank(Maybank) (Maybank)	3		22	1
456	2026-01-24 22:54:50.899093+07	54	Mega(Bank Mega) (Mega)	3		22	1
457	2026-01-24 22:54:50.899093+07	47	Mestika Dharma(Bank Mestika) (MESTIKA)	3		22	1
458	2026-01-24 22:54:50.900627+07	46	Muamalat Indonesia(Bank Muamalat) (Muamalat)	3		22	1
459	2026-01-24 22:54:50.902194+07	57	National Nobu(Bank National Nobu) (Nobu)	3		22	1
460	2026-01-24 22:54:50.903729+07	56	Neo Commerce(Bank Neo Commerce) (Neo Commerce)	3		22	1
461	2026-01-24 22:54:50.903729+07	28	OCBC NISP(Bank OCBC NISP) (OCBC NISP)	3		22	1
462	2026-01-24 22:54:50.905478+07	24	Panin(PaninBank) (Panin)	3		22	1
463	2026-01-24 22:54:50.905478+07	22	Permata(Bank Permata) (Permata)	3		22	1
464	2026-01-24 22:54:50.907083+07	52	QNB Indonesia(Bank QNB Indonesia) (QNB)	3		22	1
465	2026-01-24 22:54:50.908626+07	58	Seabank Indonesia(PT Bank Seabank Indonesia) (Seabank)	3		22	1
466	2026-01-24 22:54:50.908626+07	48	Sinarmas(Bank Sinarmas) (Sinarmas)	3		22	1
467	2026-01-24 22:54:50.91016+07	33	Standard Chartered(Standard CH Bank) (Standard CH)	3		22	1
468	2026-01-24 22:54:50.91016+07	27	UOB(United Overseas Bank Limited) (UOB)	3		22	1
469	2026-01-24 22:54:50.9117+07	60	Victoria International(Bank Victoria International) (Victoria)	3		22	1
470	2026-01-24 22:54:50.913247+07	35	Woori Indonesia(Bank Woori Saudara) (Woori)	3		22	1
471	2026-01-24 22:55:43.182689+07	18	Bank Central Asia(BCA) (BCA)	2	[{"changed": {"fields": ["Min withdrawal"]}}]	22	1
472	2026-01-24 22:56:19.444325+07	18	Bank Central Asia(BCA) (BCA)	2	[{"changed": {"fields": ["Withdrawal fee"]}}]	22	1
473	2026-01-24 22:56:32.154807+07	17	Bank Negara Indonesia(BNI) (BNI)	2	[{"changed": {"fields": ["Min withdrawal", "Withdrawal fee"]}}]	22	1
474	2026-01-24 22:56:40.58785+07	15	Bank Rakyat Indonesia(BRI) (BRI)	2	[{"changed": {"fields": ["Min withdrawal", "Withdrawal fee"]}}]	22	1
475	2026-01-24 22:56:50.237104+07	13	DANA(DANA) (DANA)	2	[{"changed": {"fields": ["Min withdrawal", "Withdrawal fee"]}}]	22	1
476	2026-01-24 22:56:59.716217+07	14	GOPAY(GOPAY) (GOPAY)	2	[{"changed": {"fields": ["Min withdrawal", "Withdrawal fee"]}}]	22	1
477	2026-01-24 22:57:12.216772+07	20	Mandiri(Bank Mandiri) (MANDIRI)	2	[{"changed": {"fields": ["Min withdrawal", "Withdrawal fee"]}}]	22	1
478	2026-01-24 22:57:22.494824+07	12	OVO(OVO) (OVO)	2	[{"changed": {"fields": ["Min withdrawal", "Withdrawal fee"]}}]	22	1
479	2026-01-24 22:57:41.634498+07	42	Mission 42 - active_downline: Ketika Anda sudah mencapai target seorang agen kerja, Anda dapat klaim penghasilan tetap 3 kali dalam satu bulan IDR 6.700.000	3		20	1
480	2026-01-24 22:57:41.639722+07	41	Mission 41 - active_downline: Ketika Anda sudah mencapai target seorang agen kerja, Anda dapat klaim penghasilan tetap 3 kali dalam satu bulan IDR 1.750.000	3		20	1
481	2026-01-24 22:57:41.640746+07	40	Mission 40 - active_downline: Ketika Anda sudah mencapai target seorang agen kerja, Anda dapat klaim penghasilan tetap 3 kali dalam satu bulan IDR 700.000	3		20	1
482	2026-01-24 22:57:41.642283+07	39	Mission 39 - active_downline: Ketika Anda sudah mencapai target seorang agen kerja, Anda dapat klaim penghasilan tetap 3 kali dalam satu bulan IDR 400.000	3		20	1
483	2026-01-24 22:57:41.643892+07	38	Mission 38 - active_downline: Ketika Anda sudah mencapai target seorang agen kerja, Anda dapat klaim penghasilan tetap 3 kali dalam satu bulan IDR 250.000	3		20	1
484	2026-01-24 22:57:41.645417+07	37	Mission 37 - active_downline: Ketika Anda sudah mencapai target seorang agen kerja, Anda dapat klaim penghasilan tetap 3 kali dalam satu bulan IDR 170.000	3		20	1
485	2026-01-24 22:57:41.645417+07	36	Mission 36 - active_downline: Ketika Anda sudah mencapai target seorang agen kerja, Anda dapat klaim penghasilan tetap 3 kali dalam satu bulan IDR 95.000	3		20	1
486	2026-01-24 22:57:41.646968+07	35	Mission 35 - active_downline: Ketika Anda sudah mencapai target seorang agen kerja, Anda dapat klaim penghasilan tetap 3 kali dalam satu bulan IDR 50.000	3		20	1
487	2026-01-24 22:57:41.648514+07	34	Mission 34 - deposit_self: LOREM IPSUM	3		20	1
488	2026-01-24 22:57:41.649523+07	33	Mission 33 - deposit_self: LOREMIPSUM	3		20	1
489	2026-01-24 22:57:41.650031+07	32	Mission 32 - deposit_self: LOREMIPSUM	3		20	1
490	2026-01-24 22:57:41.650031+07	31	Mission 31 - deposit_self: LOREM IPSUM	3		20	1
491	2026-01-24 22:57:41.651577+07	30	Mission 30 - deposit_self: LOREMIPSUM	3		20	1
492	2026-01-24 22:57:41.653124+07	29	Mission 29 - deposit_self: Ketika Anda melakukan isi ulang, manfaat Anda lebih banyak setelah mencapainya. Menerima IDR 1.800.000. Ambil hadiah fisik sekarang.	3		20	1
493	2026-01-24 22:57:41.653124+07	28	Mission 28 - deposit_self: Ketika Anda melakukan isi ulang, manfaat Anda lebih banyak setelah mencapainya. Menerima IDR 1.410.000. Ambil hadiah fisik sekarang.	3		20	1
494	2026-01-24 22:57:41.654665+07	27	Mission 27 - deposit_self: Ketika Anda melakukan isi ulang, manfaat Anda lebih banyak setelah mencapainya. Menerima IDR 888.000. Ambil hadiah fisik sekarang.	3		20	1
495	2026-01-24 22:57:41.654665+07	26	Mission 26 - deposit_self: Ketika Anda melakukan isi ulang, manfaat Anda lebih banyak setelah mencapainya. Menerima IDR 360.000. Ambil hadiah fisik sekarang.	3		20	1
496	2026-01-24 22:57:41.656221+07	25	Mission 25 - deposit_self: Ketika Anda melakukan isi ulang, manfaat Anda lebih banyak setelah mencapainya. Menerima IDR 150.000. Ambil hadiah fisik sekarang.	3		20	1
497	2026-01-24 22:57:41.657765+07	24	Mission 24 - deposit_self: Ketika Anda melakukan isi ulang, manfaat Anda lebih banyak setelah mencapainya. Menerima IDR 72.000. Ambil hadiah fisik sekarang.	3		20	1
498	2026-01-24 22:57:41.65832+07	23	Mission 23 - deposit_self: Ketika Anda melakukan isi ulang, manfaat Anda lebih banyak setelah mencapainya. Menerima IDR 30.000. Ambil hadiah fisik sekarang.	3		20	1
499	2026-01-24 22:57:41.65933+07	22	Mission 22 - deposit: Anggota Anda melakukan beberapa pengisian ulang, ambil manfaatnya IDR 3.005.000	3		20	1
500	2026-01-24 22:57:41.6612+07	21	Mission 21 - deposit: Anggota Anda melakukan beberapa pengisian ulang, ambil manfaatnya IDR 1.805.000	3		20	1
501	2026-01-24 22:57:41.6612+07	20	Mission 20 - deposit: Anggota Anda melakukan beberapa pengisian ulang, ambil manfaatnya IDR 1.005.000	3		20	1
502	2026-01-24 22:57:41.662749+07	19	Mission 19 - deposit: Anggota Anda melakukan beberapa pengisian ulang, ambil manfaatnya IDR 690.000	3		20	1
503	2026-01-24 22:57:41.662749+07	18	Mission 18 - deposit: Anggota Anda melakukan beberapa pengisian ulang, ambil manfaatnya IDR 290.000	3		20	1
504	2026-01-24 22:57:41.664302+07	16	Mission 16 - deposit: Anggota Anda melakukan beberapa pengisian ulang, ambil manfaatnya IDR 117.000	3		20	1
505	2026-01-24 22:57:41.664302+07	15	Mission 15 - deposit: Anggota Anda melakukan beberapa pengisian ulang, ambil manfaatnya IDR 56.000	3		20	1
506	2026-01-24 22:57:41.665858+07	14	Mission 14 - referral: Bagikan tautan undangan Anda dan dapatkan anggota untuk membuka manfaat IDR 100.000	3		20	1
507	2026-01-24 22:57:41.6674+07	13	Mission 13 - referral: Bagikan tautan undangan Anda dan dapatkan anggota untuk membuka manfaat IDR 80.000	3		20	1
508	2026-01-24 22:57:41.6674+07	12	Mission 12 - referral: Bagikan tautan undangan Anda dan dapatkan anggota untuk membuka manfaat IDR 60.000	3		20	1
509	2026-01-24 22:57:41.669475+07	11	Mission 11 - referral: Bagikan tautan undangan Anda dan dapatkan anggota untuk membuka manfaat IDR 38.000	3		20	1
510	2026-01-24 22:57:41.670485+07	10	Mission 10 - referral: Bagikan tautan undangan Anda dan dapatkan anggota untuk membuka manfaat IDR 15.000	3		20	1
511	2026-01-24 22:57:41.670485+07	9	Mission 9 - referral: Bagikan tautan undangan Anda dan dapatkan anggota untuk membuka manfaat IDR 10.000	3		20	1
512	2026-01-24 22:57:41.672075+07	8	Mission 8 - referral: Bagikan tautan undangan Anda dan dapatkan anggota untuk membuka manfaat IDR 7.000	3		20	1
513	2026-01-24 22:57:41.672075+07	1	Mission 1 - referral: Bagikan tautan undangan Anda dan dapatkan anggota untuk membuka manfaat IDR 2.000	3		20	1
514	2026-01-24 23:00:34.426333+07	43	Mission 43 - deposit: Kumpulkan total keseluruhan tim tingkat 1 mencapai IDR300.000 dan klaim bonus sebesar IDR30.000	1	[{"added": {}}]	20	1
515	2026-01-24 23:01:16.2801+07	44	Mission 44 - deposit: Kumpulkan total keseluruhan tim tingkat 1 mencapai IDR900.000 dan klaim bonus sebesar IDR80.000	1	[{"added": {}}]	20	1
516	2026-01-24 23:01:21.920439+07	44	Mission 44 - deposit: Kumpulkan total keseluruhan tim tingkat 1 mencapai IDR900.000 dan klaim bonus sebesar IDR80.000	2	[{"changed": {"fields": ["Level downline yang dihitung"]}}]	20	1
517	2026-01-24 23:02:50.113691+07	45	Mission 45 - deposit: Kumpulkan total keseluruhan tim tingkat 1 mencapai IDR1.800.000 dan klaim bonus sebesar IDR120.000	1	[{"added": {}}]	20	1
518	2026-01-24 23:03:21.42477+07	46	Mission 46 - deposit: Kumpulkan total keseluruhan tim tingkat 1 mencapai IDR3.500.000 dan klaim bonus sebesar IDR250.000	1	[{"added": {}}]	20	1
519	2026-01-24 23:04:19.381808+07	47	Mission 47 - deposit: Kumpulkan total keseluruhan tim tingkat 1 mencapai IDR5.000.000 dan klaim bonus sebesar IDR450.000	1	[{"added": {}}]	20	1
520	2026-01-24 23:04:49.830169+07	48	Mission 48 - deposit: Kumpulkan total keseluruhan tim tingkat 1 mencapai IDR7.800.000 dan klaim bonus sebesar IDR750.000	1	[{"added": {}}]	20	1
521	2026-01-24 23:05:20.515173+07	49	Mission 49 - deposit: Kumpulkan total keseluruhan tim tingkat 1 mencapai IDR10.000.000 dan klaim bonus sebesar IDR980.000	1	[{"added": {}}]	20	1
522	2026-01-24 23:06:40.462394+07	50	Mission 50 - deposit: Kumpulkan total keseluruhan tim tingkat 1 mencapai IDR15.000.000 dan klaim bonus sebesar IDR1.500.000	1	[{"added": {}}]	20	1
523	2026-01-24 23:10:21.906888+07	9	PowerVault AA	3		11	1
524	2026-01-24 23:10:21.912522+07	8	PowerVault M	3		11	1
525	2026-01-24 23:10:21.914054+07	7	PowerVault L	3		11	1
526	2026-01-24 23:10:21.914667+07	6	PowerVault Secure	3		11	1
527	2026-01-24 23:10:21.915681+07	5	Tower One	3		11	1
528	2026-01-24 23:10:21.917268+07	4	Tower Dualingal	3		11	1
529	2026-01-24 23:10:21.918808+07	3	Tower Meridian	3		11	1
530	2026-01-24 23:10:21.92034+07	2	SmartStorage X	3		11	1
531	2026-01-24 23:10:21.92034+07	1	EdgeStorage	3		11	1
532	2026-01-24 23:10:21.922063+07	36	GridStorage Pro	3		11	1
533	2026-01-24 23:19:06.512529+07	10	Cloud AI	2	[{"changed": {"fields": ["Name", "Description", "Price", "Image", "Specifications", "Purchase limit", "Max purchase count", "Profit rate", "Profit method", "Duration (days)", "Claim reset mode", "Claim reset hours", "Purchase rebate level 1", "Purchase rebate level 2"]}}]	11	1
534	2026-01-24 23:20:14.465546+07	12	NeuralAi-24827	1	[{"added": {}}]	11	1
535	2026-01-24 23:21:25.174987+07	13	InsightAi-10382	1	[{"added": {}}]	11	1
536	2026-01-24 23:22:19.076403+07	14	VisionAi-92639	1	[{"added": {}}]	11	1
537	2026-01-24 23:23:14.466784+07	15	SecureAi-17492	1	[{"added": {}}]	11	1
538	2026-01-24 23:24:13.07774+07	16	OpsAi-74692	1	[{"added": {}}]	11	1
539	2026-01-24 23:25:27.038935+07	17	ChatAi-49361	1	[{"added": {}}]	11	1
540	2026-01-24 23:26:15.659614+07	18	DevAi-27491	1	[{"added": {}}]	11	1
541	2026-01-24 23:26:32.558147+07	2	WhatsApp (whatsapp)	3		30	1
542	2026-01-24 23:27:07.021632+07	1	Telegram (telegram)	2	[{"changed": {"fields": ["Url", "Description"]}}]	30	1
543	2026-01-25 00:00:03.096378+07	85	DEP-20260124235949-4E3C2E - JAYAPAY - 77	2	[{"changed": {"fields": ["Status"]}}]	29	1
544	2026-01-25 00:00:33.052084+07	1633	DEP-20260124235949-4E3C2E - +628000000002	2	[{"changed": {"fields": ["Type", "Status"]}}]	12	1
545	2026-01-25 00:03:16.948281+07	43	Mission 43 - deposit: Kumpulkan total keseluruhan tim tingkat 1 mencapai Rp 300.000 dan klaim bonus sebesar Rp 30.000	2	[{"changed": {"fields": ["Deskripsi"]}}]	20	1
546	2026-01-25 00:03:39.881219+07	44	Mission 44 - deposit: Kumpulkan total keseluruhan tim tingkat 1 mencapai Rp 900.000 dan klaim bonus sebesar Rp 80.000	2	[{"changed": {"fields": ["Deskripsi"]}}]	20	1
547	2026-01-25 00:04:02.237866+07	45	Mission 45 - deposit: Kumpulkan total keseluruhan tim tingkat 1 mencapai Rp 1.800.000 dan klaim bonus sebesar Rp 120.000	2	[{"changed": {"fields": ["Deskripsi"]}}]	20	1
548	2026-01-25 00:04:27.81175+07	46	Mission 46 - deposit: Kumpulkan total keseluruhan tim tingkat 1 mencapai Rp 3.500.000 dan klaim bonus sebesar Rp 250.000	2	[{"changed": {"fields": ["Deskripsi"]}}]	20	1
549	2026-01-25 00:04:51.668862+07	47	Mission 47 - deposit: Kumpulkan total keseluruhan tim tingkat 1 mencapai Rp 5.000.000 dan klaim bonus sebesar Rp 450.000	2	[{"changed": {"fields": ["Deskripsi"]}}]	20	1
550	2026-01-25 00:10:41.305506+07	86	DEP-20260125001020-B1505A - JAYAPAY - 78	2	[{"changed": {"fields": ["Status"]}}]	29	1
551	2026-01-25 00:11:25.130944+07	1641	DEP-20260125001020-B1505A - +628000000003	2	[{"changed": {"fields": ["Type", "Status"]}}]	12	1
552	2026-01-25 13:36:31.123107+07	1	Telegram (telegram)	2	[]	30	1
553	2026-01-25 13:45:02.19438+07	76	user185180@algosphere.com	2	[{"changed": {"fields": ["Balance deposit"]}}]	8	1
554	2026-01-25 14:08:06.305846+07	30	+6289595959595 - OVO(OVO) 123456789	3		23	1
555	2026-01-25 14:11:52.580686+07	117	+6286565656565 - Cloud AI (1x)	3		13	1
556	2026-02-12 15:54:05.365957+07	8	as (fixed)	1	[{"added": {}}]	18	1
557	2026-02-12 18:50:11.798443+07	8	as (fixed)	2	[{"changed": {"fields": ["Is daily claim"]}}]	18	1
558	2026-02-12 19:10:06.128057+07	8	auto (fixed)	2	[{"changed": {"fields": ["Code"]}}]	18	1
559	2026-02-12 19:20:14.055269+07	8	auto (fixed)	2	[{"changed": {"fields": ["Usage limit"]}}]	18	1
560	2026-02-12 19:35:21.83573+07	1	WithdrawalSettings(active=True)	2	[{"changed": {"fields": ["Require pin"]}}]	25	1
561	2026-02-15 14:34:49.919931+07	10	Cloud AI	2	[{"changed": {"fields": ["Image"]}}]	11	1
562	2026-02-16 01:56:39.808909+07	1	Referral Code: mixed/6	2	[{"changed": {"fields": ["Require withdraw pin on purchase"]}}]	9	1
563	2026-02-16 14:34:53.066291+07	1	1 jam (5 jam, 15%)	1	[{"added": {}}]	38	1
564	2026-02-16 14:42:11.271262+07	2	2 Jam (1 jam, 11%)	1	[{"added": {}}]	38	1
565	2026-02-16 14:42:31.344079+07	3	3 jam (13 jam, 10%)	1	[{"added": {}}]	38	1
566	2026-02-16 16:59:00.244711+07	2	ChatThread(user=2, closed=False)	2	[{"added": {"name": "support chat message", "object": "Msg(thread=2, sender=ADMIN, at=2026-02-16 09:59:00.244711+00:00)"}}]	33	1
567	2026-02-16 18:16:09.525925+07	31	+6289595959595 - GOPAY(GOPAY) 5555555	3		23	1
568	2026-02-16 18:23:19.242225+07	12	Yaya (fixed)	1	[{"added": {}}]	18	1
569	2026-02-16 18:24:36.014061+07	12	test (fixed)	2	[{"changed": {"fields": ["Code", "Start at"]}}]	18	1
570	2026-02-16 18:25:01.612725+07	8	auto (fixed)	2	[{"changed": {"fields": ["Is active", "Is daily claim"]}}]	18	1
571	2026-02-16 18:25:37.099947+07	12	test (fixed)	2	[{"changed": {"fields": ["Is daily claim"]}}]	18	1
572	2026-02-17 10:44:52.906956+07	1	Referral Code: upper/7	2	[{"changed": {"fields": ["Referral code case", "Referral code length", "Referral code pattern", "Registration bonus enabled", "Registration bonus amount", "Require withdraw pin on register"]}}]	9	1
573	2026-02-17 10:45:07.745987+07	5	Testing 1 - Jawa jawa jawa 13349 - Jawa jawa jawa	3		35	1
574	2026-02-17 10:45:07.748627+07	4	Test03 - Test - Test	3		35	1
575	2026-02-17 10:45:07.748627+07	2	Yuyun - Singapore,singa,pore,88788 - Shangsu,shang,su,12	3		35	1
576	2026-02-17 10:45:07.750178+07	1	cfgfdghdh - sgdfghf - gjh	3		35	1
577	2026-02-17 10:45:07.750178+07	3	Test01 - Test01 test01 - Test01	3		35	1
578	2026-02-17 10:45:43.069819+07	3	AttendanceSettings(id=3, active=True)	2	[{"changed": {"fields": ["Reward type", "Fixed amount", "Min amount", "Max amount"]}}]	16	1
579	2026-02-17 10:45:57.415664+07	1	Max Banks Per User: 1	2	[]	24	1
580	2026-02-17 10:46:21.781592+07	18	Bank Central Asia (BCA)	2	[{"changed": {"fields": ["Name", "Min withdrawal"]}}]	22	1
581	2026-02-17 10:46:38.085161+07	18	Bank Central Asia (BCA)	2	[{"changed": {"fields": ["Withdrawal fee", "Processing time"]}}]	22	1
582	2026-02-17 10:46:45.776662+07	17	Bank Negara Indonesia(BNI) (BNI)	2	[{"changed": {"fields": ["Withdrawal fee"]}}]	22	1
583	2026-02-17 10:46:55.049485+07	17	Bank Negara Indonesia(BNI) (BNI)	2	[{"changed": {"fields": ["Min withdrawal"]}}]	22	1
584	2026-02-17 10:47:04.482875+07	15	Bank Rakyat Indonesia(BRI) (BRI)	2	[{"changed": {"fields": ["Min withdrawal", "Withdrawal fee"]}}]	22	1
585	2026-02-17 10:47:15.747698+07	13	DANA(DANA) (DANA)	2	[{"changed": {"fields": ["Min withdrawal", "Withdrawal fee"]}}]	22	1
586	2026-02-17 10:47:25.119125+07	14	GOPAY(GOPAY) (GOPAY)	2	[{"changed": {"fields": ["Min withdrawal", "Withdrawal fee"]}}]	22	1
587	2026-02-17 10:47:36.898513+07	20	Mandiri(Bank Mandiri) (MANDIRI)	2	[{"changed": {"fields": ["Min withdrawal", "Withdrawal fee"]}}]	22	1
588	2026-02-17 10:47:50.222851+07	12	OVO (OVO)	2	[{"changed": {"fields": ["Name", "Min withdrawal", "Withdrawal fee"]}}]	22	1
589	2026-02-17 10:48:01.034945+07	20	Mandiri (MANDIRI)	2	[{"changed": {"fields": ["Name"]}}]	22	1
590	2026-02-17 10:48:07.610712+07	14	GOPAY (GOPAY)	2	[{"changed": {"fields": ["Name"]}}]	22	1
591	2026-02-17 10:48:13.264604+07	13	DANA (DANA)	2	[{"changed": {"fields": ["Name"]}}]	22	1
592	2026-02-17 10:48:18.741342+07	15	Bank Rakyat Indonesia (BRI)	2	[{"changed": {"fields": ["Name"]}}]	22	1
593	2026-02-17 10:48:23.492851+07	17	Bank Negara Indonesia (BNI)	2	[{"changed": {"fields": ["Name"]}}]	22	1
594	2026-02-17 10:49:35.05743+07	50	Mission 50 - deposit: Kumpulkan total keseluruhan tim tingkat 1 mencapai IDR15.000.000 dan klaim bonus sebesar IDR1.500.000	3		20	1
595	2026-02-17 10:49:35.063985+07	49	Mission 49 - deposit: Kumpulkan total keseluruhan tim tingkat 1 mencapai IDR10.000.000 dan klaim bonus sebesar IDR980.000	3		20	1
596	2026-02-17 10:49:35.065527+07	48	Mission 48 - deposit: Kumpulkan total keseluruhan tim tingkat 1 mencapai IDR7.800.000 dan klaim bonus sebesar IDR750.000	3		20	1
597	2026-02-17 10:49:35.065527+07	47	Mission 47 - deposit: Kumpulkan total keseluruhan tim tingkat 1 mencapai Rp 5.000.000 dan klaim bonus sebesar Rp 450.000	3		20	1
598	2026-02-17 10:49:35.067075+07	46	Mission 46 - deposit: Kumpulkan total keseluruhan tim tingkat 1 mencapai Rp 3.500.000 dan klaim bonus sebesar Rp 250.000	3		20	1
599	2026-02-17 10:49:35.067075+07	45	Mission 45 - deposit: Kumpulkan total keseluruhan tim tingkat 1 mencapai Rp 1.800.000 dan klaim bonus sebesar Rp 120.000	3		20	1
600	2026-02-17 10:49:35.068599+07	44	Mission 44 - deposit: Kumpulkan total keseluruhan tim tingkat 1 mencapai Rp 900.000 dan klaim bonus sebesar Rp 80.000	3		20	1
601	2026-02-17 10:49:35.068599+07	43	Mission 43 - deposit: Kumpulkan total keseluruhan tim tingkat 1 mencapai Rp 300.000 dan klaim bonus sebesar Rp 30.000	3		20	1
602	2026-02-17 10:50:40.529267+07	51	Mission 51 - active_downline: Undang 10 teman tingkat 1-3 untuk membuka peti 50000	1	[{"added": {}}]	20	1
603	2026-02-17 10:51:45.958268+07	19	CoreVolt Menetapkan Core Values sebagai Landasan Budaya Perusahaan	3		31	1
604	2026-02-17 10:51:45.96591+07	18	CoreVolt Menegaskan Nilai Inti dan Budaya Kerja sebagai Fondasi Pengembangan Perusahaan	3		31	1
605	2026-02-17 10:51:45.967462+07	17	CoreVolt Mengarahkan Pengembangan Layanan untuk Meningkatkan Nilai Tambah bagi Pengguna	3		31	1
606	2026-02-17 10:51:45.967462+07	16	CoreVolt Mengarahkan Pengembangan Layanan untuk Meningkatkan Nilai Keuntungan Langganan	3		31	1
607	2026-02-17 10:51:45.969028+07	15	CoreVolt Menetapkan Misi Pengembangan Keuntungan Berbasis Langganan	3		31	1
608	2026-02-17 10:51:45.969692+07	14	CoreVolt Memperkuat Strategi Komunikasi Digital untuk Menjangkau Masyarakat Lebih Luas	3		31	1
609	2026-02-17 10:51:45.970725+07	13	CoreVolt Mendorong Pemahaman Pengguna melalui Transparansi Mekanisme Layanan	3		31	1
610	2026-02-17 10:51:45.970725+07	12	CoreVolt Menyusun Arsitektur Program Berbasis Periode untuk Mendukung Perencanaan Pengguna	3		31	1
611	2026-02-17 10:51:45.971641+07	11	CoreVolt Memperkenalkan Struktur Layanan Terintegrasi dengan Pendekatan Berjenjang	3		31	1
612	2026-02-17 10:51:45.972152+07	10	CoreVolt Menegaskan Arah Visi Pengembangan Layanan Berbasis Nilai dan Keberlanjutan	3		31	1
613	2026-02-17 10:51:45.972152+07	9	CoreVolt Menegaskan Komitmen terhadap Keamanan dan Keandalan Sistem	3		31	1
614	2026-02-17 10:51:45.973063+07	8	CoreVolt Memperluas Arah Pengembangan Layanan Berbasis Keanggotaan	3		31	1
615	2026-02-17 10:51:45.973577+07	7	CoreVolt Memperkuat Sistem Layanan untuk Mendukung Pengalaman Pengguna	3		31	1
616	2026-02-17 10:51:45.974165+07	6	CoreVolt Resmi Meluncurkan Program VIP Berjenjang	3		31	1
617	2026-02-17 10:57:16.909506+07	20	Ocerin Foundation Luncurkan Program Konservasi Laut Berkelanjutan	1	[{"added": {}}]	31	1
618	2026-02-17 10:58:49.332881+07	18	DevAi-27491	3		11	1
619	2026-02-17 10:58:49.335936+07	17	ChatAi-49361	3		11	1
620	2026-02-17 10:58:49.337466+07	16	OpsAi-74692	3		11	1
621	2026-02-17 10:58:49.337466+07	15	SecureAi-17492	3		11	1
622	2026-02-17 10:58:49.339024+07	14	VisionAi-92639	3		11	1
623	2026-02-17 10:58:49.339024+07	13	InsightAi-10382	3		11	1
624	2026-02-17 10:58:49.339024+07	12	NeuralAi-24827	3		11	1
625	2026-02-17 10:58:49.340572+07	10	Cloud AI	3		11	1
626	2026-02-17 11:04:16.580274+07	19	Proyek Konservasi-Penyu Laut	1	[{"added": {}}]	11	1
627	2026-02-17 11:08:26.835907+07	2	ChatThread(user=2, closed=False)	3		33	1
628	2026-02-17 11:08:26.841022+07	12	ChatThread(user=62, closed=False)	3		33	1
629	2026-02-17 11:08:26.842029+07	11	ChatThread(user=58, closed=False)	3		33	1
630	2026-02-17 11:08:26.842534+07	10	ChatThread(user=56, closed=False)	3		33	1
631	2026-02-17 11:08:26.843537+07	9	ChatThread(user=55, closed=False)	3		33	1
632	2026-02-17 11:08:26.843537+07	8	ChatThread(user=54, closed=False)	3		33	1
633	2026-02-17 11:08:26.843537+07	7	ChatThread(user=52, closed=False)	3		33	1
634	2026-02-17 11:08:26.845072+07	6	ChatThread(user=51, closed=False)	3		33	1
635	2026-02-17 11:08:26.845072+07	5	ChatThread(user=50, closed=False)	3		33	1
636	2026-02-17 11:08:26.845072+07	4	ChatThread(user=43, closed=False)	3		33	1
637	2026-02-17 11:08:26.846601+07	3	ChatThread(user=1, closed=False)	3		33	1
638	2026-02-17 11:08:26.846601+07	1	ChatThread(user=2, closed=True)	3		33	1
639	2026-02-17 11:08:50.632553+07	11	LIMITTEST (fixed)	3		18	1
640	2026-02-17 11:08:50.639036+07	9	DAILYTEST (fixed)	3		18	1
641	2026-02-17 11:08:50.641724+07	5	654321 (fixed)	3		18	1
642	2026-02-17 11:08:50.641724+07	4	123456 (fixed)	3		18	1
643	2026-02-17 11:10:47.492398+07	1	WithdrawalSettings(active=True)	2	[]	25	1
644	2026-02-17 16:56:34.159147+07	19	Proyek Konservasi-Penyu Laut	2	[{"changed": {"fields": ["Balance source"]}}]	11	1
645	2026-02-17 17:24:10.422019+07	8	auto (fixed)	2	[{"changed": {"fields": ["Expires at", "Balance type"]}}]	18	1
646	2026-02-17 17:24:20.214363+07	12	test (fixed)	3		18	1
647	2026-02-17 17:24:39.904807+07	8	auto (fixed)	2	[{"changed": {"fields": ["Expires at"]}}]	18	1
648	2026-02-17 17:24:57.904937+07	8	auto (fixed)	2	[{"changed": {"fields": ["Is active", "Is daily claim"]}}]	18	1
649	2026-02-17 19:24:47.033495+07	94	user_mlqelp1g_hxwesp@example.com	2	[{"changed": {"fields": ["password"]}}]	8	1
650	2026-02-17 19:25:05.428793+07	94	user_mlqelp1g_hxwesp@example.com	2	[{"changed": {"fields": ["Phone"]}}]	8	1
651	2026-02-17 19:58:05.751494+07	8	auto (fixed)	2	[{"changed": {"fields": ["Is active", "Is daily claim"]}}]	18	1
652	2026-02-17 19:58:39.310489+07	13	Auto01 (fixed)	1	[{"added": {}}]	18	1
653	2026-02-17 19:58:49.978127+07	13	Auto01 (fixed)	2	[{"changed": {"fields": ["Balance type"]}}]	18	1
794	2026-02-18 22:21:32.27946+07	60	testing05@gmail.com	3		8	1
654	2026-02-17 21:41:10.172101+07	19	Proyek Konservasi-Penyu Laut	2	[{"changed": {"fields": ["Price", "Profit rate"]}}]	11	1
655	2026-02-18 01:46:24.461584+07	64	uxxser@example.com	3		8	1
656	2026-02-18 01:47:52.795362+07	96	user_mlqyfwo1_9a9rkp@example.com	3		8	1
657	2026-02-18 02:08:49.441821+07	19	Proyek Konservasi-Penyu Laut	2	[{"changed": {"fields": ["Return principal on completion"]}}]	11	1
658	2026-02-18 11:53:13.958232+07	3	AttendanceSettings(id=3, active=True)	2	[{"changed": {"fields": ["Fixed amount", "Min amount", "Max amount"]}}]	16	1
659	2026-02-18 11:53:27.979748+07	18	Bank Central Asia (BCA)	2	[{"changed": {"fields": ["Min withdrawal"]}}]	22	1
660	2026-02-18 11:53:34.827366+07	17	Bank Negara Indonesia (BNI)	2	[{"changed": {"fields": ["Min withdrawal"]}}]	22	1
661	2026-02-18 11:53:41.716171+07	15	Bank Rakyat Indonesia (BRI)	2	[{"changed": {"fields": ["Min withdrawal"]}}]	22	1
662	2026-02-18 11:53:47.981705+07	13	DANA (DANA)	2	[{"changed": {"fields": ["Min withdrawal"]}}]	22	1
663	2026-02-18 11:53:56.318245+07	14	GOPAY (GOPAY)	2	[{"changed": {"fields": ["Min withdrawal"]}}]	22	1
664	2026-02-18 11:54:03.908289+07	20	Mandiri (MANDIRI)	2	[{"changed": {"fields": ["Min withdrawal"]}}]	22	1
665	2026-02-18 11:55:09.594948+07	12	OVO (OVO)	2	[{"changed": {"fields": ["Min withdrawal"]}}]	22	1
666	2026-02-18 12:40:10.475843+07	19	Proyek Konservasi-Uji Coba Biota	2	[{"changed": {"fields": ["Name", "Image", "Purchase limit", "Max purchase count", "Profit method", "Duration (days)", "Purchase rebate level 1", "Profit rebate level 1", "Profit rebate level 2", "Profit rebate level 3"]}}]	11	1
667	2026-02-18 12:42:57.358844+07	20	Proyek Konservasi-Kuda Laut	1	[{"added": {}}]	11	1
668	2026-02-18 12:43:21.151134+07	20	Proyek Konservasi-Kuda Laut	2	[]	11	1
669	2026-02-18 12:44:38.755149+07	21	Proyek Konservasi-Kerang Laut	1	[{"added": {}}]	11	1
670	2026-02-18 12:45:46.154104+07	22	Proyek Konservasi-Penyu Laut	1	[{"added": {}}]	11	1
671	2026-02-18 12:47:15.12996+07	23	Proyek Konservasi-Terumbu Karang	1	[{"added": {}}]	11	1
672	2026-02-18 12:51:45.093454+07	24	Proyek Konservasi-Padang Lamun	1	[{"added": {}}]	11	1
673	2026-02-18 12:52:58.091134+07	13	Auto01 (fixed)	3		18	1
674	2026-02-18 12:54:45.437136+07	1	Tarif biaya 13%-5 Jam Proses (5 jam, 13%)	2	[{"changed": {"fields": ["Name", "Description", "Fee percent"]}}]	38	1
675	2026-02-18 12:55:33.121565+07	2	Tarif biaya 9%-24 Jam Proses (24 jam, 9%)	2	[{"changed": {"fields": ["Name", "Description", "Duration hours", "Fee percent"]}}]	38	1
676	2026-02-18 12:56:09.941967+07	3	Tarif biaya 5%-48 Jam Proses (48 jam, 5%)	2	[{"changed": {"fields": ["Name", "Description", "Duration hours", "Fee percent"]}}]	38	1
677	2026-02-18 12:56:53.50523+07	41	+6289595959595 - 50000.00 (PENDING)	3		26	1
678	2026-02-18 12:56:53.511787+07	40	+6289595959595 - 50000.00 (PENDING)	3		26	1
679	2026-02-18 12:56:53.512307+07	39	89494949494 - 90000.00 (PENDING)	3		26	1
680	2026-02-18 12:56:53.513865+07	38	+6289595959595 - 50000.00 (PENDING)	3		26	1
681	2026-02-18 12:56:53.513865+07	37	+628000000001 - 35000.00 (PENDING)	3		26	1
682	2026-02-18 12:56:53.513865+07	36	+6289595959595 - 35000.00 (PENDING)	3		26	1
683	2026-02-18 12:56:53.515398+07	35	+6289595959595 - 35000.00 (PENDING)	3		26	1
684	2026-02-18 12:56:53.515398+07	34	+6289595959595 - 35000.00 (PENDING)	3		26	1
685	2026-02-18 12:56:53.516925+07	33	+628000000004 - 50000.00 (PENDING)	3		26	1
686	2026-02-18 12:56:53.516925+07	32	+6286565656565 - 50000.00 (PENDING)	3		26	1
687	2026-02-18 12:56:53.516925+07	31	+628111222333 - 50000.00 (PENDING)	3		26	1
688	2026-02-18 12:56:53.518447+07	30	+6289595959595 - 50000.00 (PENDING)	3		26	1
689	2026-02-18 12:56:53.519009+07	29	+628111222333 - 100000.00 (COMPLETED)	3		26	1
690	2026-02-18 12:56:53.519659+07	28	+628111222333 - 100000.00 (REJECTED)	3		26	1
691	2026-02-18 12:56:53.520587+07	27	85770404123 - 50000.00 (PENDING)	3		26	1
692	2026-02-18 12:56:53.520587+07	26	+6289595959595 - 50000.00 (PENDING)	3		26	1
693	2026-02-18 12:56:53.520587+07	25	+6289595959595 - 50000.00 (PENDING)	3		26	1
694	2026-02-18 12:56:53.522115+07	24	+6289595959595 - 100000.00 (PENDING)	3		26	1
695	2026-02-18 12:56:53.522115+07	23	+6289595959595 - 100000.00 (PENDING)	3		26	1
696	2026-02-18 12:56:53.522115+07	22	+6289595959595 - 100000.00 (PENDING)	3		26	1
697	2026-02-18 12:56:53.523653+07	21	+6289595959595 - 70000.00 (PENDING)	3		26	1
698	2026-02-18 12:56:53.523653+07	20	+6289595959595 - 700000.00 (COMPLETED)	3		26	1
699	2026-02-18 12:56:53.523653+07	19	083812591985 - 58750.00 (COMPLETED)	3		26	1
700	2026-02-18 12:56:53.525197+07	18	082122425470 - 48000.00 (PENDING)	3		26	1
701	2026-02-18 12:56:53.525197+07	17	082122425470 - 66750.00 (COMPLETED)	3		26	1
702	2026-02-18 12:56:53.526754+07	16	082122425470 - 66750.00 (REJECTED)	3		26	1
703	2026-02-18 12:56:53.526754+07	15	081808368211 - 100000.00 (PENDING)	3		26	1
704	2026-02-18 12:56:53.526754+07	14	081808368211 - 100000.00 (PENDING)	3		26	1
705	2026-02-18 12:56:53.528287+07	13	+6289595959595 - 100000.00 (PENDING)	3		26	1
706	2026-02-18 12:56:53.528287+07	12	+6289595959595 - 100000.00 (PENDING)	3		26	1
707	2026-02-18 12:56:53.528287+07	11	+6289595959595 - 100000.00 (PENDING)	3		26	1
708	2026-02-18 12:56:53.528287+07	10	+6289595959595 - 50000.00 (REJECTED)	3		26	1
709	2026-02-18 12:56:53.529836+07	9	+6289595959595 - 50000.00 (COMPLETED)	3		26	1
710	2026-02-18 12:56:53.529836+07	8	+6289595959595 - 50000.00 (COMPLETED)	3		26	1
711	2026-02-18 12:56:53.529836+07	7	0800123456789 - 50000.00 (REJECTED)	3		26	1
712	2026-02-18 12:56:53.531636+07	6	0800123456789 - 1022640.58 (COMPLETED)	3		26	1
713	2026-02-18 12:56:53.532677+07	5	0800123456789 - 1022640.58 (REJECTED)	3		26	1
714	2026-02-18 12:56:53.532677+07	4	8223456789 - 266274.73 (COMPLETED)	3		26	1
715	2026-02-18 12:56:53.534255+07	3	81123456789 - 269949.79 (COMPLETED)	3		26	1
716	2026-02-18 12:56:53.534255+07	2	80123456789 - 271245.64 (COMPLETED)	3		26	1
717	2026-02-18 12:56:53.534255+07	1	+6289595959595 - 50000.00 (REJECTED)	3		26	1
718	2026-02-18 13:25:22.779475+07	1	WithdrawalSettings(active=False)	2	[{"changed": {"fields": ["Is active"]}}]	25	1
719	2026-02-18 13:27:22.169447+07	1	WithdrawalSettings(active=True)	2	[{"changed": {"fields": ["Is active"]}}]	25	1
720	2026-02-18 13:42:00.596396+07	14	auto01 (fixed)	1	[{"added": {}}]	18	1
721	2026-02-18 13:44:13.915098+07	14	auto01 (fixed)	3		18	1
722	2026-02-18 13:44:48.049158+07	8	auto (fixed)	2	[{"changed": {"fields": ["Start at", "Expires at"]}}]	18	1
723	2026-02-18 13:45:09.161233+07	8	auto (fixed)	2	[{"changed": {"fields": ["Is active"]}}]	18	1
724	2026-02-18 13:45:23.889128+07	8	auto (fixed)	2	[{"changed": {"fields": ["Is daily claim"]}}]	18	1
725	2026-02-18 13:46:42.106246+07	8	auto (fixed)	2	[{"changed": {"fields": ["Start at", "Expires at", "Amount"]}}]	18	1
726	2026-02-18 13:47:00.853405+07	8	auto (fixed)	2	[{"changed": {"fields": ["Is active", "Is daily claim"]}}]	18	1
727	2026-02-18 13:47:06.494124+07	8	auto (fixed)	2	[{"changed": {"fields": ["Is active", "Is daily claim"]}}]	18	1
728	2026-02-18 13:56:57.276991+07	99	user_mlroh44b_4hux40@example.com	2	[{"changed": {"fields": ["Phone"]}}]	8	1
729	2026-02-18 13:57:16.276699+07	32	42mpcwhmgkve3mu4bsei@example.com	2	[{"changed": {"fields": ["Phone"]}}]	8	1
730	2026-02-18 13:57:28.889719+07	14	cuniy3c6u7g46l4wd37l@example.com	2	[{"changed": {"fields": ["Phone"]}}]	8	1
731	2026-02-18 13:57:36.077625+07	15	u6d95uowhwvn5eo0924p@example.com	2	[{"changed": {"fields": ["Phone"]}}]	8	1
732	2026-02-18 13:57:47.074463+07	9	7ys0gub7vt3jlyu5eh5n@example.com	2	[{"changed": {"fields": ["Phone"]}}]	8	1
733	2026-02-18 14:04:21.203286+07	33	+6289595959595 - Mandiri 984829502	3		23	1
734	2026-02-18 14:04:21.206303+07	32	89494949494 - GOPAY 12345678	3		23	1
735	2026-02-18 14:04:21.206303+07	29	+628000000004 - OVO 193828292	3		23	1
736	2026-02-18 14:04:21.207827+07	28	+628000000001 - Bank Negara Indonesia 37272281	3		23	1
737	2026-02-18 14:04:21.208335+07	27	+62899123456789 - OVO 1234567	3		23	1
738	2026-02-18 14:04:21.208335+07	26	+6286565656565 - Bank Rakyat Indonesia 123456789	3		23	1
739	2026-02-18 14:24:14.873252+07	51	Mission 51 - active_downline: Kelas 1-3 Tambahkan 8 orang Hadiah peti harta karun 20000 Rp	2	[{"changed": {"fields": ["Deskripsi", "Ambang Progres", "Nominal Hadiah"]}}]	20	1
740	2026-02-18 14:25:18.423562+07	52	Mission 52 - active_downline: Kelas 1-3 Tambahkan 15 orang Hadiah peti harta karun 45000 Rp	1	[{"added": {}}]	20	1
741	2026-02-18 14:26:06.342913+07	53	Mission 53 - active_downline: Kelas 1-3 Tambahkan 25 orang Hadiah peti harta karun 80000 Rp	1	[{"added": {}}]	20	1
742	2026-02-18 14:26:50.351175+07	54	Mission 54 - active_downline: Kelas 1-3 Tambahkan 35 orang Hadiah peti harta karun 130000 Rp	1	[{"added": {}}]	20	1
743	2026-02-18 14:27:33.453275+07	55	Mission 55 - active_downline: Kelas 1-3 Tambahkan 60 orang Hadiah peti harta karun 180000 Rp	1	[{"added": {}}]	20	1
744	2026-02-18 14:28:13.751961+07	56	Mission 56 - active_downline: Kelas 1-3 Tambahkan 90 orang Hadiah peti harta karun 260000 Rp	1	[{"added": {}}]	20	1
745	2026-02-18 14:28:51.78624+07	57	Mission 57 - active_downline: Kelas 1-3 Tambahkan 140 orang Hadiah peti harta karun 450000 Rp	1	[{"added": {}}]	20	1
746	2026-02-18 14:29:59.523003+07	58	Mission 58 - active_downline: Kelas 1-3 Tambahkan 200 orang Hadiah peti harta karun 700000	1	[{"added": {}}]	20	1
747	2026-02-18 14:32:16.147481+07	59	Mission 59 - active_downline: Kelas 1-3 Tambahkan 350 orang Hadiah peti harta karun 1000000 Rp	1	[{"added": {}}]	20	1
748	2026-02-18 14:33:18.620859+07	60	Mission 60 - active_downline: Kelas 1-3 Tambahkan 600 orang Hadiah peti harta karun 2500000 Rp	1	[{"added": {}}]	20	1
749	2026-02-18 14:42:22.445418+07	51	Mission 51 - active_downline: Kelas 1-3 Tambahkan 8 orang Hadiah peti harta karun 20000 Rp	2	[{"changed": {"fields": ["Ambang Progres"]}}]	20	1
750	2026-02-18 14:51:01.93738+07	104	user_mlrqe1bq_b37s9x@example.com	2	[{"changed": {"fields": ["Balance"]}}]	8	1
751	2026-02-18 14:53:14.653745+07	51	Mission 51 - active_downline: Kelas 1-3 Tambahkan 3 orang Hadiah peti harta karun 20000 Rp	2	[{"changed": {"fields": ["Deskripsi"]}}]	20	1
752	2026-02-18 19:50:27.002195+07	140	+6285770404473 - Proyek Konservasi-Uji Coba Biota (1x)	3		13	1
753	2026-02-18 19:50:27.022583+07	139	+6285770404473 - Proyek Konservasi-Uji Coba Biota (1x)	3		13	1
754	2026-02-18 19:50:39.021956+07	126	+6285770404473 - Proyek Konservasi-Uji Coba Biota (1x)	3		13	1
755	2026-02-18 20:07:07.492611+07	1	Referral Code: upper/7	2	[{"changed": {"fields": ["Whatsapp check enabled"]}}]	9	1
756	2026-02-18 22:14:32.183994+07	1	Referral Code: upper/7	2	[{"changed": {"fields": ["Whatsapp check enabled"]}}]	9	1
757	2026-02-18 22:14:52.154212+07	35	+6285770404473 - DANA 12345678	3		23	1
758	2026-02-18 22:14:52.155218+07	34	+6289595959595 - GOPAY 123456789	3		23	1
759	2026-02-18 22:17:56.816361+07	19	Proyek Konservasi-Uji Coba Biota	2	[{"changed": {"fields": ["Purchase rebate level 2"]}}]	11	1
760	2026-02-18 22:18:59.243404+07	15	ChatThread(user=2, closed=False)	3		33	1
761	2026-02-18 22:18:59.246456+07	14	ChatThread(user=1, closed=False)	3		33	1
762	2026-02-18 22:18:59.248026+07	13	ChatThread(user=94, closed=False)	3		33	1
763	2026-02-18 22:21:32.25281+07	104	user_mlrqe1bq_b37s9x@example.com	3		8	1
764	2026-02-18 22:21:32.257418+07	103	user_mlrq8l8n_plex9q@example.com	3		8	1
765	2026-02-18 22:21:32.257418+07	102	user_mlrpxngv_ixoghl@example.com	3		8	1
766	2026-02-18 22:21:32.258951+07	101	user_mlromhyl_k9rbjr@example.com	3		8	1
767	2026-02-18 22:21:32.258951+07	100	user_mlrokm7n_qchsyj@example.com	3		8	1
768	2026-02-18 22:21:32.26048+07	99	user_mlroh44b_4hux40@example.com	3		8	1
769	2026-02-18 22:21:32.262011+07	98	user_mlrodpe7_wlo0mb@example.com	3		8	1
770	2026-02-18 22:21:32.262011+07	97	user_mlqyfwo1_9a9rkp@example.com	3		8	1
771	2026-02-18 22:21:32.263541+07	95	user_mlqiqns4_fxnlep@example.com	3		8	1
772	2026-02-18 22:21:32.264548+07	91	l3@test.com	3		8	1
773	2026-02-18 22:21:32.265053+07	90	l2@test.com	3		8	1
774	2026-02-18 22:21:32.265053+07	89	l1@test.com	3		8	1
775	2026-02-18 22:21:32.268949+07	83		3		8	1
776	2026-02-18 22:21:32.268949+07	79	user410924@algosphere.com	3		8	1
777	2026-02-18 22:21:32.268949+07	78	user876015@algosphere.com	3		8	1
778	2026-02-18 22:21:32.270487+07	77	user107384@algosphere.com	3		8	1
779	2026-02-18 22:21:32.271879+07	76	user185180@algosphere.com	3		8	1
780	2026-02-18 22:21:32.271879+07	75	user999208@algosphere.com	3		8	1
781	2026-02-18 22:21:32.273542+07	74	user998749@algosphere.com	3		8	1
782	2026-02-18 22:21:32.274351+07	73	user124014@algosphere.com	3		8	1
783	2026-02-18 22:21:32.274854+07	72	user907462@algosphere.com	3		8	1
784	2026-02-18 22:21:32.275367+07	71	user201249@algosphere.com	3		8	1
785	2026-02-18 22:21:32.275367+07	70	yanto@gmail.com	3		8	1
786	2026-02-18 22:21:32.275367+07	69	testingotplagi1@gmail.com	3		8	1
787	2026-02-18 22:21:32.276897+07	68	testingotp3@gmail.com	3		8	1
788	2026-02-18 22:21:32.276897+07	67	testingotp2@gmail.com	3		8	1
789	2026-02-18 22:21:32.276897+07	66	testingotp1@gmail.com	3		8	1
790	2026-02-18 22:21:32.278428+07	65	testingotp@gmail.com	3		8	1
791	2026-02-18 22:21:32.278428+07	63	test08@gmail.com	3		8	1
792	2026-02-18 22:21:32.27946+07	62	testing07@gmail.com	3		8	1
793	2026-02-18 22:21:32.27946+07	61	testing06@gmail.com	3		8	1
795	2026-02-18 22:21:32.280997+07	59	testing04@gmail.com	3		8	1
796	2026-02-18 22:21:32.282094+07	58	testing03@gmail.com	3		8	1
797	2026-02-18 22:21:32.282094+07	57	testing02@gmail.com	3		8	1
798	2026-02-18 22:21:32.283626+07	56	testing01@gmail.com	3		8	1
799	2026-02-18 22:21:32.283626+07	55	testing0@gmail.com	3		8	1
800	2026-02-18 22:21:32.28464+07	54	test05@gmail.com	3		8	1
801	2026-02-18 22:21:32.285151+07	53	test04@gmail.com	3		8	1
802	2026-02-18 22:21:32.285151+07	52	test03@gmail.com	3		8	1
803	2026-02-18 22:21:32.285151+07	51	test02@gmail.com	3		8	1
804	2026-02-18 22:21:32.286679+07	50	test01@gmail.com	3		8	1
805	2026-02-18 22:21:32.286679+07	45	fdfdsdf@gmail.com	3		8	1
806	2026-02-18 22:21:32.288214+07	44	yuyun@gmail.com	3		8	1
807	2026-02-18 22:21:32.288214+07	43	xsdfgf@gmail.com	3		8	1
808	2026-02-18 22:21:32.289762+07	42	u3@test.com	3		8	1
809	2026-02-18 22:21:32.289762+07	41	u2@test.com	3		8	1
810	2026-02-18 22:21:32.289762+07	37	dszw7shijb5vphucvg98@example.com	3		8	1
811	2026-02-18 22:21:32.291287+07	36	jaxg841lrmidk14xkkh1@example.com	3		8	1
812	2026-02-18 22:21:32.291287+07	35	gq75m9spbinhje8j08md@example.com	3		8	1
813	2026-02-18 22:21:32.291287+07	34	sz8s0dxkivbkoilrlu7l@example.com	3		8	1
814	2026-02-18 22:21:32.292811+07	33	nkws7yg235hzyi0wce93@example.com	3		8	1
815	2026-02-18 22:21:32.292811+07	32	42mpcwhmgkve3mu4bsei@example.com	3		8	1
816	2026-02-18 22:21:32.292811+07	31	j8ypp0gya2s3tcekjdzp@example.com	3		8	1
817	2026-02-18 22:21:32.294342+07	30	becsze59sxae8x9z29n5@example.com	3		8	1
818	2026-02-18 22:21:32.294789+07	29	xzvvsimnxe6yh8f1o8n7@example.com	3		8	1
819	2026-02-18 22:21:32.294789+07	28	x78v65c758usdzyedbji@example.com	3		8	1
820	2026-02-18 22:21:32.295886+07	27	jf5hysfglpmii9cr33il@example.com	3		8	1
821	2026-02-18 22:21:32.295886+07	26	ni1izyqd8vx0fi0n65f1@example.com	3		8	1
822	2026-02-18 22:21:32.295886+07	25	d01j27yis8jf9yh2p7pz@example.com	3		8	1
823	2026-02-18 22:21:32.297388+07	24	5fi8heux3d3zyhgnxm02@example.com	3		8	1
824	2026-02-18 22:21:32.297388+07	23	h9f4bg6jnt16c0nbslb6@example.com	3		8	1
825	2026-02-18 22:21:32.297388+07	22	rw726uyc19fv1nto1bie@example.com	3		8	1
826	2026-02-18 22:21:32.298963+07	21	pi19c0osm5eqacjiuxd9@example.com	3		8	1
827	2026-02-18 22:21:32.298963+07	20	urrbpr80zcvjj02c1t7s@example.com	3		8	1
828	2026-02-18 22:21:32.298963+07	19	3l4edfmvm723x10ozgzi@example.com	3		8	1
829	2026-02-18 22:21:32.300492+07	18	soplgjduljsrgp7b7l56@example.com	3		8	1
830	2026-02-18 22:21:32.300492+07	17	ri41kj6l3upo9aybxtr7@example.com	3		8	1
831	2026-02-18 22:21:32.300492+07	16	jm0bhojymahirkm5rg0j@example.com	3		8	1
832	2026-02-18 22:21:32.300492+07	15	u6d95uowhwvn5eo0924p@example.com	3		8	1
833	2026-02-18 22:21:32.30202+07	14	cuniy3c6u7g46l4wd37l@example.com	3		8	1
834	2026-02-18 22:21:32.302536+07	13	xf8cghndrdy87shd1dp3@example.com	3		8	1
835	2026-02-18 22:21:32.302536+07	12	m3nyn8w5h28wuvtl7riz@example.com	3		8	1
836	2026-02-18 22:21:32.303552+07	11	87zri3smztadaprvorbn@example.com	3		8	1
837	2026-02-18 22:21:32.303552+07	10	a6ttv1124duaq5qbt41u@example.com	3		8	1
838	2026-02-18 22:21:32.304746+07	9	7ys0gub7vt3jlyu5eh5n@example.com	3		8	1
839	2026-02-18 22:21:32.304746+07	8	xx6oo1x5mh5nld73urmc@example.com	3		8	1
840	2026-02-18 22:21:32.304746+07	7	5i15tks11b@example.com	3		8	1
841	2026-02-18 22:21:32.306276+07	6	hc1bnzvf9q@example.com	3		8	1
842	2026-02-18 22:21:32.306276+07	5	1j4qltvtnj@example.com	3		8	1
843	2026-02-18 22:21:32.306276+07	4	8scuhtkknw@example.com	3		8	1
844	2026-02-18 22:21:32.307807+07	3	fkb8tiysht@example.com	3		8	1
845	2026-02-18 22:31:09.181742+07	16	ChatThread(user=105, closed=False)	2	[{"added": {"name": "support chat message", "object": "Msg(thread=16, sender=ADMIN, at=2026-02-18 15:31:09.181237+00:00)"}}]	33	1
846	2026-02-18 22:35:50.998471+07	3	AttendanceSettings(id=3, active=True)	2	[{"changed": {"fields": ["Reward type"]}}]	16	1
847	2026-02-18 23:03:11.691144+07	106	user_mls6ujlm_owhua3@example.com	2	[]	8	1
848	2026-02-18 23:11:44.168176+07	106	user_mls6ujlm_owhua3@example.com	2	[{"changed": {"fields": ["Balance"]}}]	8	1
849	2026-02-18 23:33:04.781675+07	43	+6289595959595 - 60000.00 (PENDING)	3		26	1
850	2026-02-18 23:33:04.784732+07	42	+6289595959595 - 60000.00 (PENDING)	3		26	1
851	2026-02-18 23:33:23.049349+07	1	WithdrawalSettings(active=False)	2	[{"changed": {"fields": ["Is active"]}}]	25	1
852	2026-02-18 23:34:20.127782+07	1	WithdrawalSettings(active=True)	2	[{"changed": {"fields": ["Is active"]}}]	25	1
853	2026-02-18 23:48:02.902904+07	127	user_mls9libq_2zurbk@example.com	2	[]	8	1
854	2026-02-18 23:48:21.434646+07	127	user_mls9libq_2zurbk@example.com	2	[{"changed": {"fields": ["Withdraw PIN (admin set/reset)"]}}]	8	1
855	2026-02-18 23:53:28.568529+07	128	user_mls9qnwc_umdmrr@example.com	2	[]	8	1
856	2026-02-19 01:19:53.694889+07	16	ChatThread(user=105, closed=False)	2	[{"added": {"name": "support chat message", "object": "Msg(thread=16, sender=ADMIN, at=2026-02-18 18:19:53.693337+00:00)"}}]	33	1
857	2026-02-19 01:29:02.31392+07	18	ChatThread(user=2, closed=False)	2	[{"added": {"name": "support chat message", "object": "Msg(thread=18, sender=ADMIN, at=2026-02-18 18:29:02.312879+00:00)"}}]	33	1
858	2026-02-19 01:30:49.961325+07	18	ChatThread(user=2, closed=False)	2	[{"added": {"name": "support chat message", "object": "Msg(thread=18, sender=ADMIN, at=2026-02-18 18:30:49.961325+00:00)"}}]	33	1
859	2026-02-19 01:47:41.659951+07	37	+6289595959595 - Mandiri 12345678	3		23	1
860	2026-02-19 01:49:16.352612+07	38	+6289595959595 - Bank Rakyat Indonesia 12345678	3		23	1
861	2026-02-19 10:21:25.763106+07	106	user_mls6ujlm_owhua3@example.com	2	[]	8	1
862	2026-02-19 10:53:33.886334+07	129	user_mlsxbpoo_o4b7y8@example.com	2	[]	8	1
863	2026-02-19 12:05:11.267111+07	8	auto (fixed)	2	[{"changed": {"fields": ["Is active", "Is daily claim"]}}]	18	1
864	2026-02-19 12:07:34.106574+07	8	auto (fixed)	2	[{"changed": {"fields": ["Amount"]}}]	18	1
865	2026-02-19 12:07:44.284562+07	8	auto (fixed)	2	[{"changed": {"fields": ["Is active", "Is daily claim"]}}]	18	1
866	2026-02-19 13:52:07.66838+07	18	ChatThread(user=2, closed=False)	2	[{"added": {"name": "support chat message", "object": "Msg(thread=18, sender=ADMIN, at=2026-02-19 06:52:07.666824+00:00)"}}]	33	1
867	2026-02-19 14:00:21.293954+07	18	ChatThread(user=2, closed=False)	2	[{"added": {"name": "support chat message", "object": "Msg(thread=18, sender=ADMIN, at=2026-02-19 07:00:21.292428+00:00)"}}]	33	1
868	2026-02-19 14:49:01.461901+07	19	Proyek Konservasi-Uji Coba Biota	2	[{"changed": {"fields": ["Qualify as active investment"]}}]	11	1
869	2026-02-19 14:49:23.163356+07	153	+6289797979797 - Proyek Konservasi-Uji Coba Biota (1x)	3		13	1
870	2026-02-19 14:56:16.504146+07	8	auto (fixed)	2	[{"changed": {"fields": ["Start at", "Expires at"]}}]	18	1
871	2026-02-19 15:11:13.957168+07	1	Telegram (telegram)	2	[{"changed": {"fields": ["Url", "Description"]}}]	30	1
872	2026-02-19 15:13:29.767939+07	1	Telegram (telegram)	2	[{"changed": {"fields": ["Url"]}}]	30	1
873	2026-02-19 15:26:40.347402+07	4	Layanan Ocerin (other)	1	[{"added": {}}]	30	1
874	2026-02-19 15:28:14.356194+07	18	ChatThread(user=2, closed=False)	3		33	1
875	2026-02-19 15:28:14.36329+07	20	ChatThread(user=131, closed=False)	3		33	1
876	2026-02-19 15:28:14.365358+07	19	ChatThread(user=130, closed=False)	3		33	1
877	2026-02-19 15:28:14.366374+07	16	ChatThread(user=105, closed=False)	3		33	1
878	2026-02-19 15:28:14.366374+07	17	ChatThread(user=106, closed=False)	3		33	1
879	2026-02-19 15:28:53.901876+07	21	ChatThread(user=106, closed=False)	2	[{"added": {"name": "support chat message", "object": "Msg(thread=21, sender=ADMIN, at=2026-02-19 08:28:53.901876+00:00)"}}]	33	1
880	2026-02-19 15:29:11.778361+07	21	ChatThread(user=106, closed=False)	2	[{"added": {"name": "support chat message", "object": "Msg(thread=21, sender=ADMIN, at=2026-02-19 08:29:11.776846+00:00)"}}]	33	1
881	2026-02-19 15:34:10.423466+07	1	WithdrawalSettings(active=True)	2	[]	25	1
882	2026-02-19 15:39:31.540104+07	134	user_mlt7kewo_qtangu@example.com	2	[]	8	1
883	2026-02-19 15:46:57.35944+07	41	+62812345678901 - OVO 038282828	3		23	1
884	2026-02-19 15:46:57.361016+07	40	+6281223456789 - OVO 136278282	3		23	1
885	2026-02-19 15:46:57.362542+07	39	+6289595959595 - OVO 12345678	3		23	1
886	2026-02-19 15:46:57.362542+07	36	+62812345678902 - Bank Negara Indonesia 123456789	3		23	1
887	2026-02-19 15:48:53.147145+07	42	+62812345678901 - Bank Rakyat Indonesia 7382828228	3		23	1
888	2026-02-19 16:24:42.245158+07	136	user_mlt961hs_14a8e0@example.com	2	[]	8	1
889	2026-02-19 16:28:39.124715+07	131	user_mlt0a1gv_947bxy@example.com	2	[]	8	1
890	2026-02-19 16:31:28.583758+07	135	user_mlt8zm7g_plrf65@example.com	2	[]	8	1
891	2026-02-19 16:38:38.641285+07	136	user_mlt961hs_14a8e0@example.com	2	[]	8	1
892	2026-02-19 16:38:53.95463+07	135	user_mlt8zm7g_plrf65@example.com	2	[]	8	1
893	2026-02-19 16:39:08.452463+07	131	user_mlt0a1gv_947bxy@example.com	2	[]	8	1
894	2026-02-19 22:03:36.575628+07	52	Mission 52 - active_downline: Kelas 1-3 Tambahkan 4 orang Hadiah peti harta karun 45000 Rp	2	[{"changed": {"fields": ["Deskripsi", "Ambang Progres"]}}]	20	1
895	2026-02-19 22:07:42.902749+07	137	user_mltldhik_d924fs@example.com	2	[{"changed": {"fields": ["Balance"]}}]	8	1
896	2026-02-19 22:15:21.888396+07	22	ChatThread(user=138, closed=False)	2	[{"added": {"name": "support chat message", "object": "Msg(thread=22, sender=ADMIN, at=2026-02-19 15:15:21.887387+00:00)"}}]	33	1
897	2026-02-19 22:17:02.86063+07	8	auto (fixed)	2	[]	18	1
898	2026-02-19 22:17:28.780691+07	8	auto (fixed)	2	[{"changed": {"fields": ["Amount"]}}]	18	1
899	2026-02-19 22:17:40.841341+07	8	auto (fixed)	2	[{"changed": {"fields": ["Is active", "Is daily claim"]}}]	18	1
900	2026-02-19 22:17:56.130773+07	8	auto (fixed)	2	[{"changed": {"fields": ["Is active", "Is daily claim", "Expires at"]}}]	18	1
901	2026-02-19 22:18:15.26215+07	8	auto (fixed)	2	[{"changed": {"fields": ["Expires at"]}}]	18	1
902	2026-02-19 22:32:36.741153+07	51	+6281808368210 - 35000.00 (CANCELLED)	2	[{"changed": {"fields": ["Status"]}}]	26	1
903	2026-02-19 22:32:46.619897+07	52	+6281808368210 - 35000.00 (PROCESSING)	2	[{"changed": {"fields": ["Status"]}}]	26	1
904	2026-02-19 22:33:09.756747+07	53	+6281808368210 - 35000.00 (COMPLETED)	2	[{"changed": {"fields": ["Status"]}}]	26	1
905	2026-03-03 00:25:04.964008+07	1	Referral Code: upper/7	2	[{"changed": {"fields": ["Require withdraw pin on register"]}}]	9	1
906	2026-03-03 02:02:21.397868+07	1	Referral Code: upper/7	2	[{"changed": {"fields": ["Require withdraw pin on purchase"]}}]	9	1
907	2026-03-05 11:28:37.398263+07	24	Proyek Konservasi-Padang Lamun	3		11	1
908	2026-03-05 11:28:37.424011+07	23	Proyek Konservasi-Terumbu Karang	3		11	1
909	2026-03-05 11:28:37.425524+07	22	Proyek Konservasi-Penyu Laut	3		11	1
910	2026-03-05 11:28:37.425524+07	21	Proyek Konservasi-Kerang Laut	3		11	1
911	2026-03-05 11:28:37.427066+07	20	Proyek Konservasi-Kuda Laut	3		11	1
912	2026-03-05 11:28:37.427066+07	19	Proyek Konservasi-Uji Coba Biota	3		11	1
913	2026-03-05 11:40:38.610056+07	25	Aset Standar I	1	[{"added": {}}]	11	1
914	2026-03-05 11:42:04.339331+07	26	Aset Standar II	1	[{"added": {}}]	11	1
915	2026-03-05 11:42:54.981429+07	27	Aset Standar III	1	[{"added": {}}]	11	1
916	2026-03-05 11:44:27.395032+07	28	Aset Standar IV	1	[{"added": {}}]	11	1
917	2026-03-05 11:45:11.414692+07	29	Aset Standar V	1	[{"added": {}}]	11	1
918	2026-03-05 11:56:31.034455+07	30	Aset Standar VI	1	[{"added": {}}]	11	1
919	2026-03-05 12:33:16.436964+07	31	Aset Standar VII	1	[{"added": {}}]	11	1
920	2026-03-05 12:35:12.404407+07	32	Prioritas I	1	[{"added": {}}]	11	1
921	2026-03-05 12:36:07.157034+07	33	Prioritas II	1	[{"added": {}}]	11	1
922	2026-03-05 12:37:06.837758+07	34	Prioritas III	1	[{"added": {}}]	11	1
923	2026-03-05 12:37:22.201389+07	32	Prioritas I	2	[{"changed": {"fields": ["Purchase limit", "Max purchase count"]}}]	11	1
924	2026-03-05 12:37:42.347281+07	33	Prioritas II	2	[{"changed": {"fields": ["Description", "Purchase limit", "Max purchase count"]}}]	11	1
925	2026-03-05 12:38:38.600003+07	34	Prioritas III	2	[]	11	1
926	2026-03-05 12:39:45.533899+07	35	Prioritas IV	1	[{"added": {}}]	11	1
927	2026-03-05 12:40:54.502337+07	36	Prioritas V	1	[{"added": {}}]	11	1
928	2026-03-05 12:51:37.729711+07	37	Prioritas VI	1	[{"added": {}}]	11	1
929	2026-03-05 12:53:47.098839+07	38	Kesejahteraan I	1	[{"added": {}}]	11	1
930	2026-03-05 12:53:58.625155+07	38	Kesejahteraan I	2	[]	11	1
931	2026-03-05 12:55:08.425279+07	39	Kesejahteraan II	1	[{"added": {}}]	11	1
932	2026-03-05 12:55:47.435478+07	40	Kesejahteraan III	1	[{"added": {}}]	11	1
933	2026-03-05 12:57:01.074198+07	41	Kesejahteraan IV	1	[{"added": {}}]	11	1
934	2026-03-05 12:57:34.136018+07	42	Kesejahteraan V	1	[{"added": {}}]	11	1
935	2026-03-05 12:58:12.320507+07	43	Kesejahteraan VI	1	[{"added": {}}]	11	1
936	2026-03-05 13:00:55.193445+07	44	Aset Pilihan I	1	[{"added": {}}]	11	1
937	2026-03-05 13:01:38.11926+07	45	Aset Pilihan II	1	[{"added": {}}]	11	1
938	2026-03-05 13:01:48.075546+07	45	Aset Pilihan II	2	[{"changed": {"fields": ["Profit rate"]}}]	11	1
939	2026-03-05 13:08:02.224583+07	46	Aset Pilihan III	1	[{"added": {}}]	11	1
940	2026-03-05 13:08:42.384031+07	47	Aset Pilihan IV	1	[{"added": {}}]	11	1
941	2026-03-05 13:09:44.738503+07	48	Aset Pilihan V	1	[{"added": {}}]	11	1
942	2026-03-05 13:12:12.290302+07	49	Aset Pilihan VI	1	[{"added": {}}]	11	1
943	2026-03-05 13:26:30.170517+07	1	Referral Code: mixed/9	2	[{"changed": {"fields": ["Referral code case", "Referral code length", "Referral code pattern", "Rank basis", "Rank use missions"]}}]	9	1
944	2026-03-05 13:27:33.927843+07	4	Rank 1 - VIP 0 (requires 0)	2	[{"changed": {"fields": ["Title"]}}]	10	1
945	2026-03-05 13:27:33.928851+07	5	Rank 2 - VIP 1 (requires 10000)	2	[{"changed": {"fields": ["Title", "Missions required total"]}}]	10	1
946	2026-03-05 13:27:33.929364+07	6	Rank 3 - VIP 2 (requires 20000)	2	[{"changed": {"fields": ["Title", "Missions required total"]}}]	10	1
947	2026-03-05 13:27:33.93037+07	7	Rank 4 - VIP 3 (requires 30000)	2	[{"changed": {"fields": ["Title", "Missions required total"]}}]	10	1
948	2026-03-05 13:27:33.930875+07	8	Rank 5 - VIP 4 (requires 40000)	2	[{"changed": {"fields": ["Title", "Missions required total"]}}]	10	1
949	2026-03-05 13:27:33.931912+07	9	Rank 6 - VIP 5 (requires 50000)	2	[{"changed": {"fields": ["Title", "Missions required total"]}}]	10	1
950	2026-03-05 13:27:33.932427+07	10	Rank 7 - VIP 6 (requires 60000)	2	[{"changed": {"fields": ["Title", "Missions required total"]}}]	10	1
951	2026-03-05 13:27:33.933433+07	11	Rank 8 - VIP 7 (requires 70000)	2	[{"changed": {"fields": ["Title", "Missions required total"]}}]	10	1
952	2026-03-05 13:27:33.933937+07	12	Rank 9 - VIP 8 (requires 80000)	2	[{"changed": {"fields": ["Title", "Missions required total"]}}]	10	1
953	2026-03-05 13:27:41.707369+07	13	Rank 10 - L10 (requires 90)	3		10	1
954	2026-03-05 14:06:39.76619+07	24	ChatThread(user=2, closed=False)	2	[{"added": {"name": "support chat message", "object": "Msg(thread=24, sender=ADMIN, at=2026-03-05 07:06:39.766190+00:00)"}}]	33	1
955	2026-03-05 14:14:54.616627+07	3	AttendanceSettings(id=3, active=True)	2	[{"changed": {"fields": ["Reward type", "Fixed amount", "Min amount", "Max amount"]}}]	16	1
956	2026-03-05 15:32:58.295667+07	5	Rank 2 - VIP 1 (requires 1)	2	[{"changed": {"fields": ["Missions required total"]}}]	10	1
957	2026-03-05 15:32:58.298734+07	6	Rank 3 - VIP 2 (requires 2)	2	[{"changed": {"fields": ["Missions required total"]}}]	10	1
958	2026-03-05 15:32:58.298734+07	7	Rank 4 - VIP 3 (requires 3)	2	[{"changed": {"fields": ["Missions required total"]}}]	10	1
959	2026-03-05 15:32:58.300348+07	8	Rank 5 - VIP 4 (requires 4)	2	[{"changed": {"fields": ["Missions required total"]}}]	10	1
960	2026-03-05 15:32:58.300348+07	9	Rank 6 - VIP 5 (requires 5)	2	[{"changed": {"fields": ["Missions required total"]}}]	10	1
961	2026-03-05 15:32:58.301882+07	10	Rank 7 - VIP 6 (requires 6)	2	[{"changed": {"fields": ["Missions required total"]}}]	10	1
962	2026-03-05 15:32:58.301882+07	11	Rank 8 - VIP 7 (requires 7)	2	[{"changed": {"fields": ["Missions required total"]}}]	10	1
963	2026-03-05 15:32:58.303409+07	12	Rank 9 - VIP 8 (requires 8)	2	[{"changed": {"fields": ["Missions required total"]}}]	10	1
964	2026-03-05 15:43:28.115266+07	46	+6289595959595 - Bank Central Asia 12345678	3		23	1
965	2026-03-05 15:43:28.123957+07	43	+62812345678901 - Bank Rakyat Indonesia 6372828228	3		23	1
966	2026-03-05 15:43:28.125506+07	45	+62812345678902 - Bank Rakyat Indonesia 12346474	3		23	1
967	2026-03-05 15:43:28.12652+07	44	+6281808368210 - Bank Rakyat Indonesia 124567754332	3		23	1
968	2026-03-05 15:43:50.757551+07	60	Mission 60 - active_downline: Kelas 1-3 Tambahkan 600 orang Hadiah peti harta karun 2500000 Rp	3		20	1
969	2026-03-05 15:43:50.760613+07	59	Mission 59 - active_downline: Kelas 1-3 Tambahkan 350 orang Hadiah peti harta karun 1000000 Rp	3		20	1
970	2026-03-05 15:43:50.76113+07	58	Mission 58 - active_downline: Kelas 1-3 Tambahkan 200 orang Hadiah peti harta karun 700000	3		20	1
971	2026-03-05 15:43:50.762193+07	57	Mission 57 - active_downline: Kelas 1-3 Tambahkan 140 orang Hadiah peti harta karun 450000 Rp	3		20	1
972	2026-03-05 15:43:50.762712+07	56	Mission 56 - active_downline: Kelas 1-3 Tambahkan 90 orang Hadiah peti harta karun 260000 Rp	3		20	1
973	2026-03-05 15:43:50.762712+07	55	Mission 55 - active_downline: Kelas 1-3 Tambahkan 60 orang Hadiah peti harta karun 180000 Rp	3		20	1
974	2026-03-05 15:43:50.764222+07	54	Mission 54 - active_downline: Kelas 1-3 Tambahkan 35 orang Hadiah peti harta karun 130000 Rp	3		20	1
975	2026-03-05 15:43:50.764222+07	53	Mission 53 - active_downline: Kelas 1-3 Tambahkan 25 orang Hadiah peti harta karun 80000 Rp	3		20	1
976	2026-03-05 15:43:50.765729+07	52	Mission 52 - active_downline: Kelas 1-3 Tambahkan 4 orang Hadiah peti harta karun 45000 Rp	3		20	1
977	2026-03-05 15:43:50.765729+07	51	Mission 51 - active_downline: Kelas 1-3 Tambahkan 3 orang Hadiah peti harta karun 20000 Rp	3		20	1
978	2026-03-05 16:04:00.968315+07	61	Mission 61 - deposit_self: Penuhi syarat minimal investasi Rp 50.000 untuk mencapai VIP 1	1	[{"added": {}}]	20	1
979	2026-03-05 16:21:55.508625+07	62	Mission 62 - deposit_self: Penuhi syarat minimal investasi Rp 150.000	1	[{"added": {}}]	20	1
980	2026-03-05 16:22:56.867551+07	63	Mission 63 - deposit_self: Penuhi syarat minimal investasi Rp 200.000 untuk mencapai VIP 3	1	[{"added": {}}]	20	1
981	2026-03-05 16:23:48.020378+07	64	Mission 64 - deposit_self: Penuhi syarat minimal investasi Rp 250.000 untuk mencapai VIP 4	1	[{"added": {}}]	20	1
982	2026-03-05 16:24:51.438862+07	65	Mission 65 - deposit_self: Penuhi syarat minimal investasi Rp 300.000	1	[{"added": {}}]	20	1
983	2026-03-05 16:25:38.386049+07	66	Mission 66 - deposit_self: Penuhi syarat minimal investasi Rp 350.000	1	[{"added": {}}]	20	1
984	2026-03-05 16:26:16.346821+07	67	Mission 67 - deposit_self: Penuhi syarat minimal investasi Rp 400.000	1	[{"added": {}}]	20	1
985	2026-03-05 16:26:52.678981+07	68	Mission 68 - deposit_self: Penuhi syarat minimal investasi Rp 450.000	1	[{"added": {}}]	20	1
986	2026-03-05 16:43:23.918424+07	68	Mission 68 - deposit_self: Penuhi syarat minimal investasi Rp 450.000	3		20	1
987	2026-03-05 16:43:23.929035+07	67	Mission 67 - deposit_self: Penuhi syarat minimal investasi Rp 400.000	3		20	1
988	2026-03-05 16:43:23.930551+07	66	Mission 66 - deposit_self: Penuhi syarat minimal investasi Rp 350.000	3		20	1
989	2026-03-05 16:43:23.930551+07	65	Mission 65 - deposit_self: Penuhi syarat minimal investasi Rp 300.000	3		20	1
990	2026-03-05 16:43:23.932068+07	64	Mission 64 - deposit_self: Penuhi syarat minimal investasi Rp 250.000 untuk mencapai VIP 4	3		20	1
991	2026-03-05 16:43:23.932068+07	63	Mission 63 - deposit_self: Penuhi syarat minimal investasi Rp 200.000 untuk mencapai VIP 3	3		20	1
992	2026-03-05 16:43:23.933074+07	62	Mission 62 - deposit_self: Penuhi syarat minimal investasi Rp 150.000	3		20	1
1062	2026-03-05 22:30:55.825445+07	31	Aset Standar VII	2	[{"changed": {"fields": ["Description"]}}]	11	1
993	2026-03-05 16:43:23.93358+07	61	Mission 61 - deposit_self: Penuhi syarat minimal investasi Rp 50.000 untuk mencapai VIP 1	3		20	1
994	2026-03-05 16:44:50.112455+07	69	Mission 69 - active_downline: Tingkatkan 5 anggota tingkat pertama yang aktif berinvestasi untuk mendapatkan bonus ini.	1	[{"added": {}}]	20	1
995	2026-03-05 16:45:27.222769+07	70	Mission 70 - active_downline: Tingkatkan 10 anggota tingkat pertama yang aktif berinvestasi untuk mendapatkan bonus ini.	1	[{"added": {}}]	20	1
996	2026-03-05 16:46:12.715544+07	5	Rank 2 - VIP 1 (requires 10000)	2	[{"changed": {"fields": ["Missions required total"]}}]	10	1
997	2026-03-05 16:46:12.725802+07	6	Rank 3 - VIP 2 (requires 20000)	2	[{"changed": {"fields": ["Missions required total"]}}]	10	1
998	2026-03-05 16:46:12.727324+07	7	Rank 4 - VIP 3 (requires 30000)	2	[{"changed": {"fields": ["Missions required total"]}}]	10	1
999	2026-03-05 16:46:12.727324+07	8	Rank 5 - VIP 4 (requires 40000)	2	[{"changed": {"fields": ["Missions required total"]}}]	10	1
1000	2026-03-05 16:46:12.727324+07	9	Rank 6 - VIP 5 (requires 50000)	2	[{"changed": {"fields": ["Missions required total"]}}]	10	1
1001	2026-03-05 16:46:12.72885+07	10	Rank 7 - VIP 6 (requires 60000)	2	[{"changed": {"fields": ["Missions required total"]}}]	10	1
1002	2026-03-05 16:46:12.72885+07	11	Rank 8 - VIP 7 (requires 70000)	2	[{"changed": {"fields": ["Missions required total"]}}]	10	1
1003	2026-03-05 16:46:12.730384+07	12	Rank 9 - VIP 8 (requires 80000)	2	[{"changed": {"fields": ["Missions required total"]}}]	10	1
1004	2026-03-05 17:25:37.976937+07	1	WithdrawalSettings(active=True)	2	[{"changed": {"fields": ["Require pin"]}}]	25	1
1005	2026-03-05 22:17:05.740942+07	47	+6289595959595 - Bank Rakyat Indonesia 123633	3		23	1
1006	2026-03-05 22:24:43.87234+07	1	Referral Code: mixed/9	2	[]	9	1
1007	2026-03-05 22:25:29.090755+07	142	user_mm9ipd8i_w5oeg2@example.com	3		8	1
1008	2026-03-05 22:25:29.096992+07	141	user_mltmo3nc_vxjjwd@example.com	3		8	1
1009	2026-03-05 22:25:29.09853+07	140	user_mltmlemb_mntlqn@example.com	3		8	1
1010	2026-03-05 22:25:29.09853+07	139	user_mltmi7fj_3wroez@example.com	3		8	1
1011	2026-03-05 22:25:29.100061+07	138	user_mltlpmjb_m4y1fg@example.com	3		8	1
1012	2026-03-05 22:25:29.100061+07	137	user_mltldhik_d924fs@example.com	3		8	1
1013	2026-03-05 22:25:29.100061+07	136	user_mlt961hs_14a8e0@example.com	3		8	1
1014	2026-03-05 22:25:29.100061+07	135	user_mlt8zm7g_plrf65@example.com	3		8	1
1015	2026-03-05 22:25:29.102102+07	134	user_mlt7kewo_qtangu@example.com	3		8	1
1016	2026-03-05 22:25:29.103117+07	133	user_mlt5nvul_1oqwjs@example.com	3		8	1
1017	2026-03-05 22:25:29.103632+07	132	user_mlt4t5s1_6dx8xs@example.com	3		8	1
1018	2026-03-05 22:25:29.103632+07	131	user_mlt0a1gv_947bxy@example.com	3		8	1
1019	2026-03-05 22:25:29.103632+07	130	user_mlt05taa_ou2pqh@example.com	3		8	1
1020	2026-03-05 22:25:29.104638+07	129	user_mlsxbpoo_o4b7y8@example.com	3		8	1
1021	2026-03-05 22:25:29.105142+07	128	user_mls9qnwc_umdmrr@example.com	3		8	1
1022	2026-03-05 22:25:29.105142+07	127	user_mls9libq_2zurbk@example.com	3		8	1
1023	2026-03-05 22:25:29.10615+07	126	user_mls9l0q7_ootrey@example.com	3		8	1
1024	2026-03-05 22:25:29.106657+07	125	user_mls9jqjg_xy9vx2@example.com	3		8	1
1025	2026-03-05 22:25:29.106657+07	124	user_mls9j8kc_bizc7u@example.com	3		8	1
1026	2026-03-05 22:25:29.106657+07	123	user_mls9hsxu_cebm86@example.com	3		8	1
1027	2026-03-05 22:25:29.107663+07	122	user_mls9dm3n_8i0jcq@example.com	3		8	1
1028	2026-03-05 22:25:29.108167+07	121	user_mls959f6_0uw51d@example.com	3		8	1
1029	2026-03-05 22:25:29.108167+07	120	user_mls94rht_v1xhc5@example.com	3		8	1
1030	2026-03-05 22:25:29.109173+07	119	user_mls946jj_y8tcfg@example.com	3		8	1
1031	2026-03-05 22:25:29.109173+07	118	user_mls937dn_e2dn4f@example.com	3		8	1
1032	2026-03-05 22:25:29.109677+07	117	user_mls91bdf_d7cvss@example.com	3		8	1
1033	2026-03-05 22:25:29.109677+07	116	user_mls90rxh_1jlppl@example.com	3		8	1
1034	2026-03-05 22:25:29.110684+07	115	user_mls8zsx9_v43xmb@example.com	3		8	1
1035	2026-03-05 22:25:29.111188+07	114	user_mls8zago_rfqiop@example.com	3		8	1
1036	2026-03-05 22:25:29.111188+07	113	user_mls8ypyx_fp5si1@example.com	3		8	1
1037	2026-03-05 22:25:29.111188+07	112	user_mls8y74h_e2wfno@example.com	3		8	1
1038	2026-03-05 22:25:29.112194+07	111	user_mls8xpc5_7mqyqr@example.com	3		8	1
1039	2026-03-05 22:25:29.112711+07	110	user_mls8x4be_azhd9r@example.com	3		8	1
1040	2026-03-05 22:25:29.112711+07	109	user_mls8wn6j_xkhq06@example.com	3		8	1
1041	2026-03-05 22:25:29.112711+07	108	user_mls8s5vb_hmyob4@example.com	3		8	1
1042	2026-03-05 22:25:29.113718+07	107	user_mls8ikml_untxx4@example.com	3		8	1
1043	2026-03-05 22:25:29.114222+07	106	user_mls6ujlm_owhua3@example.com	3		8	1
1044	2026-03-05 22:25:29.115229+07	105	user_mls6mile_n60nuf@example.com	3		8	1
1045	2026-03-05 22:25:29.115734+07	94	user_mlqelp1g_hxwesp@example.com	3		8	1
1046	2026-03-05 22:26:26.025173+07	1	Tarif biaya 13%-5 Jam Proses (5 jam, 13.00%)	3		38	1
1047	2026-03-05 22:26:26.028245+07	2	Tarif biaya 9%-24 Jam Proses (24 jam, 9.00%)	3		38	1
1048	2026-03-05 22:26:26.029835+07	3	Tarif biaya 5%-48 Jam Proses (48 jam, 5.00%)	3		38	1
1049	2026-03-05 22:26:48.488069+07	18	Bank Central Asia (BCA)	2	[{"changed": {"fields": ["Withdrawal fee"]}}]	22	1
1050	2026-03-05 22:26:54.587315+07	17	Bank Negara Indonesia (BNI)	2	[{"changed": {"fields": ["Withdrawal fee"]}}]	22	1
1051	2026-03-05 22:27:09.017431+07	15	Bank Rakyat Indonesia (BRI)	2	[{"changed": {"fields": ["Withdrawal fee"]}}]	22	1
1052	2026-03-05 22:27:17.033842+07	13	DANA (DANA)	2	[{"changed": {"fields": ["Withdrawal fee"]}}]	22	1
1053	2026-03-05 22:27:24.219676+07	14	GOPAY (GOPAY)	2	[{"changed": {"fields": ["Withdrawal fee"]}}]	22	1
1054	2026-03-05 22:27:30.19497+07	20	Mandiri (MANDIRI)	2	[{"changed": {"fields": ["Withdrawal fee"]}}]	22	1
1055	2026-03-05 22:27:35.924264+07	12	OVO (OVO)	2	[{"changed": {"fields": ["Withdrawal fee"]}}]	22	1
1056	2026-03-05 22:28:32.460468+07	63	SHOPEEPAY (SHOPEEPAY)	1	[{"added": {}}]	22	1
1057	2026-03-05 22:28:53.032182+07	48	+6289595959595 - Bank Rakyat Indonesia 1727272	3		23	1
1058	2026-03-05 22:29:36.267052+07	71	Mission 71 - active_downline: Tingkatkan 15 anggota tingkat pertama yang aktif berinvestasi untuk mendapatkan bonus ini.	1	[{"added": {}}]	20	1
1059	2026-03-05 22:29:48.587795+07	20	Ocerin Foundation Luncurkan Program Konservasi Laut Berkelanjutan	3		31	1
1060	2026-03-05 22:30:36.237626+07	29	Aset Standar V	2	[{"changed": {"fields": ["Description"]}}]	11	1
1061	2026-03-05 22:30:45.091154+07	30	Aset Standar VI	2	[{"changed": {"fields": ["Description"]}}]	11	1
1063	2026-03-05 22:31:06.443771+07	24	ChatThread(user=2, closed=False)	3		33	1
1064	2026-03-05 22:31:35.809214+07	4	Hubungi Halo ASFina (other)	2	[{"changed": {"fields": ["Title", "Url", "Description"]}}]	30	1
1065	2026-03-05 22:31:51.784766+07	1	Saluran Telegram Resmi (telegram)	2	[{"changed": {"fields": ["Title", "Url", "Description"]}}]	30	1
1066	2026-03-05 22:32:05.206589+07	8	auto (fixed)	2	[{"changed": {"fields": ["Is active", "Is daily claim"]}}]	18	1
1067	2026-03-05 22:32:21.757785+07	56	+6289595959595 - 50000.00 (PENDING)	3		26	1
1068	2026-03-05 22:32:21.765938+07	49	+6289595959595 - 50000.00 (PENDING)	3		26	1
1069	2026-03-05 22:32:21.767481+07	46	+6289595959595 - 90000.00 (PENDING)	3		26	1
1070	2026-03-05 22:33:04.99345+07	1	WithdrawalSettings(active=True)	2	[]	25	1
1071	2026-03-06 00:29:43.214788+07	49	Aset Pilihan VI	3		11	1
1072	2026-03-06 00:29:43.234418+07	48	Aset Pilihan V	3		11	1
1073	2026-03-06 00:29:43.234418+07	47	Aset Pilihan IV	3		11	1
1074	2026-03-06 00:29:43.235938+07	46	Aset Pilihan III	3		11	1
1075	2026-03-06 00:29:43.235938+07	45	Aset Pilihan II	3		11	1
1076	2026-03-06 00:29:43.235938+07	44	Aset Pilihan I	3		11	1
1077	2026-03-06 00:29:43.237458+07	43	Kesejahteraan VI	3		11	1
1078	2026-03-06 00:29:43.237458+07	42	Kesejahteraan V	3		11	1
1079	2026-03-06 00:29:43.237458+07	41	Kesejahteraan IV	3		11	1
1080	2026-03-06 00:29:43.239312+07	40	Kesejahteraan III	3		11	1
1081	2026-03-06 00:29:43.239312+07	39	Kesejahteraan II	3		11	1
1082	2026-03-06 00:29:43.239312+07	38	Kesejahteraan I	3		11	1
1083	2026-03-06 00:29:43.240837+07	37	Prioritas VI	3		11	1
1084	2026-03-06 00:29:43.240837+07	36	Prioritas V	3		11	1
1085	2026-03-06 00:29:43.240837+07	35	Prioritas IV	3		11	1
1086	2026-03-06 00:29:43.242367+07	34	Prioritas III	3		11	1
1087	2026-03-06 00:29:43.243896+07	33	Prioritas II	3		11	1
1088	2026-03-06 00:29:43.243896+07	32	Prioritas I	3		11	1
1089	2026-03-06 00:31:11.70368+07	50	Aset Standar VIII	1	[{"added": {}}]	11	1
1090	2026-03-06 00:32:08.689862+07	51	Aset Standar IX	1	[{"added": {}}]	11	1
1091	2026-03-06 00:32:57.964644+07	52	Aset Standar X	1	[{"added": {}}]	11	1
1092	2026-03-06 00:34:58.617559+07	53	Prioritas I	1	[{"added": {}}]	11	1
1093	2026-03-06 00:35:48.476506+07	54	Prioritas II	1	[{"added": {}}]	11	1
1094	2026-03-06 00:36:32.7868+07	55	Prioritas III	1	[{"added": {}}]	11	1
1095	2026-03-06 00:37:13.213222+07	56	Prioritas IV	1	[{"added": {}}]	11	1
1096	2026-03-06 00:37:48.100794+07	57	Prioritas V	1	[{"added": {}}]	11	1
1097	2026-03-06 00:41:44.895851+07	58	Prioritas VI	1	[{"added": {}}]	11	1
1098	2026-03-06 00:48:58.657563+07	59	Prioritas VII	1	[{"added": {}}]	11	1
1099	2026-03-06 00:50:18.206096+07	60	Kesejahteraan I	1	[{"added": {}}]	11	1
1100	2026-03-06 00:51:47.754881+07	61	Kesejahteraan II	1	[{"added": {}}]	11	1
1101	2026-03-06 00:53:07.949104+07	62	Kesejahteraan III	1	[{"added": {}}]	11	1
1102	2026-03-06 00:53:46.126349+07	63	Kesejahteraan IV	1	[{"added": {}}]	11	1
1103	2026-03-06 00:54:23.66539+07	64	Kesejahteraan V	1	[{"added": {}}]	11	1
1104	2026-03-06 00:55:07.266155+07	65	Kesejahteraan VI	1	[{"added": {}}]	11	1
1105	2026-03-06 00:56:06.070461+07	66	Aset Pilihan I	1	[{"added": {}}]	11	1
1106	2026-03-06 00:56:51.068619+07	67	Aset Pilihan II	1	[{"added": {}}]	11	1
1107	2026-03-06 00:58:50.178682+07	68	Aset Pilihan III	1	[{"added": {}}]	11	1
1108	2026-03-06 00:59:54.495006+07	69	Aset Pilihan IV	1	[{"added": {}}]	11	1
1109	2026-03-06 01:00:57.736654+07	70	Aset Pilihan V	1	[{"added": {}}]	11	1
1110	2026-03-06 14:16:46.089903+07	1	Referral Code: mixed/9	2	[{"changed": {"fields": ["Rank basis", "Rank use missions", "Rank use deposit self total"]}}]	9	1
1111	2026-03-06 15:50:16.565551+07	1	WithdrawalSettings(active=True)	2	[]	25	1
1112	2026-03-06 15:52:36.654271+07	49	+6287123456789 - SHOPEEPAY 82828282	3		23	1
1113	2026-03-06 15:52:55.172137+07	50	+6289595959595 - Bank Central Asia 1234567865	3		23	1
1114	2026-03-06 15:57:01.455678+07	1	Referral Code: mixed/9	2	[{"changed": {"fields": ["Rank count levels upto"]}}]	9	1
1115	2026-03-06 16:01:11.05784+07	53	Prioritas I	2	[{"changed": {"fields": ["Require min rank enabled", "Minimum Rank"]}}]	11	1
1116	2026-03-06 16:01:27.808159+07	54	Prioritas II	2	[{"changed": {"fields": ["Require min rank enabled", "Minimum Rank"]}}]	11	1
1117	2026-03-06 16:01:40.437108+07	55	Prioritas III	2	[{"changed": {"fields": ["Require min rank enabled", "Minimum Rank"]}}]	11	1
1118	2026-03-06 16:04:08.483884+07	1	WithdrawalSettings(active=True)	2	[{"changed": {"fields": ["Require withdraw service"]}}]	25	1
1119	2026-03-06 16:05:21.778041+07	56	Prioritas IV	2	[{"changed": {"fields": ["Require min rank enabled", "Minimum Rank"]}}]	11	1
1120	2026-03-06 16:05:43.406742+07	57	Prioritas V	2	[{"changed": {"fields": ["Require min rank enabled", "Minimum Rank"]}}]	11	1
1121	2026-03-06 16:05:54.368956+07	58	Prioritas VI	2	[{"changed": {"fields": ["Require min rank enabled", "Minimum Rank"]}}]	11	1
1122	2026-03-06 16:06:15.591088+07	58	Prioritas VI	2	[]	11	1
1123	2026-03-06 16:06:25.902619+07	58	Prioritas VI	2	[]	11	1
1124	2026-03-06 16:06:37.004935+07	59	Prioritas VII	2	[{"changed": {"fields": ["Require min rank enabled", "Minimum Rank"]}}]	11	1
1125	2026-03-07 00:19:18.442174+07	5	Rank 2 - VIP 1 (requires 35000)	2	[{"changed": {"fields": ["Missions required total"]}}]	10	1
1126	2026-03-07 00:19:18.459094+07	6	Rank 3 - VIP 2 (requires 50000)	2	[{"changed": {"fields": ["Missions required total"]}}]	10	1
1127	2026-03-07 00:19:18.460658+07	7	Rank 4 - VIP 3 (requires 70000)	2	[{"changed": {"fields": ["Missions required total"]}}]	10	1
1128	2026-03-07 00:19:18.46221+07	8	Rank 5 - VIP 4 (requires 100000)	2	[{"changed": {"fields": ["Missions required total"]}}]	10	1
1129	2026-03-07 00:19:18.465344+07	9	Rank 6 - VIP 5 (requires 120000)	2	[{"changed": {"fields": ["Missions required total"]}}]	10	1
1130	2026-03-07 00:19:18.4669+07	10	Rank 7 - VIP 6 (requires 150000)	2	[{"changed": {"fields": ["Missions required total"]}}]	10	1
1131	2026-03-07 00:19:18.470029+07	11	Rank 8 - VIP 7 (requires 200000)	2	[{"changed": {"fields": ["Missions required total"]}}]	10	1
1132	2026-03-07 00:19:18.471608+07	12	Rank 9 - VIP 8 (requires 250000)	2	[{"changed": {"fields": ["Missions required total"]}}]	10	1
1133	2026-03-07 00:19:48.613369+07	98	DEP-20260307001928-18F323 - JAYAPAY - 147	2	[{"changed": {"fields": ["Status"]}}]	29	1
1134	2026-03-07 01:48:47.071414+07	1	Referral Code: mixed/9	2	[{"changed": {"fields": ["Rank count levels upto"]}}]	9	1
1135	2026-03-07 01:51:40.979838+07	1	Referral Code: mixed/9	2	[{"changed": {"fields": ["Rank count levels upto"]}}]	9	1
1136	2026-03-07 03:10:35.404035+07	99	DEP-20260307031017-F1832C - JAYAPAY - 147	2	[{"changed": {"fields": ["Status"]}}]	29	1
1137	2026-03-07 03:57:22.384267+07	60	Kesejahteraan I	2	[{"changed": {"fields": ["Stock"]}}]	11	1
1138	2026-03-07 03:57:39.004895+07	60	Kesejahteraan I	2	[{"changed": {"fields": ["Stock"]}}]	11	1
1139	2026-03-07 03:57:59.535074+07	60	Kesejahteraan I	2	[{"changed": {"fields": ["Stock"]}}]	11	1
1140	2026-03-07 03:58:13.958025+07	66	Aset Pilihan I	2	[{"changed": {"fields": ["Stock"]}}]	11	1
1141	2026-03-07 04:03:40.148305+07	100	DEP-20260307040302-8B9655 - JAYAPAY - 148	2	[{"changed": {"fields": ["Status"]}}]	29	1
1142	2026-03-07 12:03:14.930888+07	5	Rank 2 - VIP 1 (requires 100000)	2	[{"changed": {"fields": ["Missions required total"]}}]	10	1
1143	2026-03-07 12:03:14.939632+07	6	Rank 3 - VIP 2 (requires 500000)	2	[{"changed": {"fields": ["Missions required total"]}}]	10	1
1144	2026-03-07 12:03:14.941188+07	7	Rank 4 - VIP 3 (requires 1000000)	2	[{"changed": {"fields": ["Missions required total"]}}]	10	1
1145	2026-03-07 12:03:14.943266+07	8	Rank 5 - VIP 4 (requires 3000000)	2	[{"changed": {"fields": ["Missions required total"]}}]	10	1
1146	2026-03-07 12:03:14.944884+07	9	Rank 6 - VIP 5 (requires 7000000)	2	[{"changed": {"fields": ["Missions required total"]}}]	10	1
1147	2026-03-07 12:03:14.945399+07	10	Rank 7 - VIP 6 (requires 10000000)	2	[{"changed": {"fields": ["Missions required total"]}}]	10	1
1148	2026-03-07 12:03:14.94694+07	11	Rank 8 - VIP 7 (requires 18000000)	2	[{"changed": {"fields": ["Missions required total"]}}]	10	1
1149	2026-03-07 12:03:14.947986+07	12	Rank 9 - VIP 8 (requires 45000000)	2	[{"changed": {"fields": ["Missions required total"]}}]	10	1
1150	2026-03-07 14:56:11.988484+07	69	Mission 69 - active_downline: Tingkatkan 6 anggota tingkat pertama yang aktif berinvestasi untuk mendapatkan bonus ini.	2	[{"changed": {"fields": ["Deskripsi", "Ambang Progres", "Nominal Hadiah"]}}]	20	1
1151	2026-03-07 14:56:39.006774+07	70	Mission 70 - active_downline: Tingkatkan 15 anggota tingkat pertama yang aktif berinvestasi untuk mendapatkan bonus ini.	2	[{"changed": {"fields": ["Deskripsi", "Ambang Progres"]}}]	20	1
1152	2026-03-07 14:59:22.440652+07	71	Mission 71 - active_downline: Tingkatkan 35 anggota tingkat pertama yang aktif berinvestasi untuk mendapatkan bonus ini.	2	[{"changed": {"fields": ["Deskripsi", "Ambang Progres", "Nominal Hadiah"]}}]	20	1
1153	2026-03-07 15:00:17.115635+07	72	Mission 72 - active_downline: Tingkatkan 60 anggota tingkat pertama yang aktif berinvestasi untuk mendapatkan bonus ini.	1	[{"added": {}}]	20	1
1154	2026-03-07 15:00:47.717279+07	73	Mission 73 - active_downline: Tingkatkan 150 anggota tingkat pertama yang aktif berinvestasi untuk mendapatkan bonus ini.	1	[{"added": {}}]	20	1
1155	2026-03-07 15:01:25.629694+07	74	Mission 74 - active_downline: Tingkatkan 300 anggota tingkat pertama yang aktif berinvestasi untuk mendapatkan bonus ini.	1	[{"added": {}}]	20	1
1156	2026-03-07 15:02:01.327109+07	75	Mission 75 - active_downline: Tingkatkan 500 anggota tingkat pertama yang aktif berinvestasi untuk mendapatkan bonus ini.	1	[{"added": {}}]	20	1
1157	2026-03-07 15:02:37.249109+07	76	Mission 76 - active_downline: Tingkatkan 1000 anggota tingkat pertama yang aktif berinvestasi untuk mendapatkan bonus ini.	1	[{"added": {}}]	20	1
1158	2026-03-07 15:02:42.061234+07	76	Mission 76 - active_downline: Tingkatkan 1000 anggota tingkat pertama yang aktif berinvestasi untuk mendapatkan bonus ini.	2	[{"changed": {"fields": ["Level downline yang dihitung"]}}]	20	1
1159	2026-03-07 15:03:23.27659+07	77	Mission 77 - active_downline: Tingkatkan 2000 anggota tingkat pertama yang aktif berinvestasi untuk mendapatkan bonus ini.	1	[{"added": {}}]	20	1
1160	2026-03-07 15:04:09.125438+07	78	Mission 78 - active_downline: Tingkatkan 5000 anggota tingkat pertama yang aktif berinvestasi untuk mendapatkan bonus ini.	1	[{"added": {}}]	20	1
1161	2026-03-07 15:13:02.705509+07	25	Aset Standar I	2	[{"changed": {"fields": ["Price", "Profit rate", "Duration (days)"]}}]	11	1
1162	2026-03-07 15:13:28.758162+07	26	Aset Standar II	2	[{"changed": {"fields": ["Price", "Profit rate", "Duration (days)"]}}]	11	1
1163	2026-03-07 15:14:51.401462+07	27	Aset Standar III	2	[{"changed": {"fields": ["Price", "Profit rate", "Duration (days)"]}}]	11	1
1164	2026-03-07 15:15:12.061497+07	28	Aset Standar IV	2	[{"changed": {"fields": ["Price", "Profit rate", "Duration (days)"]}}]	11	1
1165	2026-03-07 15:15:33.496737+07	29	Aset Standar V	2	[{"changed": {"fields": ["Price", "Profit rate", "Duration (days)"]}}]	11	1
1166	2026-03-07 15:15:58.083188+07	30	Aset Standar VI	2	[{"changed": {"fields": ["Price", "Profit rate", "Duration (days)"]}}]	11	1
1167	2026-03-07 15:16:23.178943+07	31	Aset Standar VII	2	[{"changed": {"fields": ["Price", "Profit rate", "Duration (days)"]}}]	11	1
1168	2026-03-07 15:16:45.215951+07	50	Aset Standar VIII	2	[{"changed": {"fields": ["Price", "Profit rate"]}}]	11	1
1169	2026-03-07 15:17:04.353254+07	51	Aset Standar IX	2	[{"changed": {"fields": ["Price", "Profit rate"]}}]	11	1
1170	2026-03-07 15:17:29.411351+07	52	Aset Standar X	2	[{"changed": {"fields": ["Price", "Profit rate"]}}]	11	1
1171	2026-03-07 15:18:53.016761+07	53	Prioritas I	2	[{"changed": {"fields": ["Price", "Profit type", "Profit rate", "Duration (days)"]}}]	11	1
1172	2026-03-07 15:20:10.224342+07	54	Prioritas II	2	[{"changed": {"fields": ["Price", "Profit type", "Profit rate", "Duration (days)"]}}]	11	1
1173	2026-03-07 15:20:47.392369+07	55	Prioritas III	2	[{"changed": {"fields": ["Price", "Profit type", "Profit rate", "Duration (days)"]}}]	11	1
1174	2026-03-07 15:22:09.279457+07	56	Prioritas IV	2	[{"changed": {"fields": ["Price", "Purchase limit", "Max purchase count", "Profit type", "Profit rate", "Duration (days)"]}}]	11	1
1175	2026-03-07 15:22:18.146308+07	53	Prioritas I	2	[{"changed": {"fields": ["Purchase limit", "Max purchase count"]}}]	11	1
1176	2026-03-07 15:23:10.303412+07	53	Prioritas I	2	[]	11	1
1177	2026-03-07 15:23:22.807376+07	54	Prioritas II	2	[{"changed": {"fields": ["Purchase limit", "Max purchase count"]}}]	11	1
1178	2026-03-07 15:23:31.083589+07	55	Prioritas III	2	[{"changed": {"fields": ["Purchase limit", "Max purchase count"]}}]	11	1
1179	2026-03-07 15:24:23.782265+07	57	Prioritas V	2	[{"changed": {"fields": ["Price", "Purchase limit", "Max purchase count", "Profit type", "Profit rate"]}}]	11	1
1180	2026-03-07 15:26:28.049695+07	58	Prioritas VI	2	[{"changed": {"fields": ["Price", "Purchase limit", "Max purchase count", "Profit type", "Profit rate", "Duration (days)"]}}]	11	1
1181	2026-03-07 15:26:38.42079+07	53	Prioritas I	2	[{"changed": {"fields": ["Purchase limit", "Max purchase count"]}}]	11	1
1182	2026-03-07 15:26:47.508049+07	54	Prioritas II	2	[{"changed": {"fields": ["Purchase limit", "Max purchase count"]}}]	11	1
1183	2026-03-07 15:26:56.498577+07	55	Prioritas III	2	[{"changed": {"fields": ["Purchase limit", "Max purchase count"]}}]	11	1
1184	2026-03-07 15:27:05.917448+07	56	Prioritas IV	2	[{"changed": {"fields": ["Purchase limit", "Max purchase count"]}}]	11	1
1185	2026-03-07 15:27:40.724571+07	57	Prioritas V	2	[{"changed": {"fields": ["Purchase limit", "Max purchase count"]}}]	11	1
1186	2026-03-07 15:27:48.233791+07	58	Prioritas VI	2	[]	11	1
1187	2026-03-07 15:29:55.680867+07	59	Prioritas VII	2	[{"changed": {"fields": ["Price", "Purchase limit", "Max purchase count", "Profit type", "Profit rate", "Duration (days)"]}}]	11	1
1188	2026-03-07 15:30:33.60784+07	60	Kesejahteraan I	2	[{"changed": {"fields": ["Price", "Profit rate", "Duration (days)"]}}]	11	1
1189	2026-03-07 15:31:07.222281+07	61	Kesejahteraan II	2	[{"changed": {"fields": ["Price", "Profit rate", "Duration (days)"]}}]	11	1
1190	2026-03-07 15:31:54.088826+07	62	Kesejahteraan III	2	[{"changed": {"fields": ["Price", "Profit rate", "Duration (days)"]}}]	11	1
1191	2026-03-07 15:33:19.632048+07	63	Kesejahteraan IV	2	[{"changed": {"fields": ["Price", "Purchase limit", "Max purchase count", "Profit rate", "Duration (days)"]}}]	11	1
1192	2026-03-07 15:34:13.976491+07	64	Kesejahteraan V	2	[{"changed": {"fields": ["Price", "Profit rate", "Duration (days)"]}}]	11	1
1193	2026-03-07 15:35:43.164163+07	65	Kesejahteraan VI	2	[{"changed": {"fields": ["Price", "Profit rate", "Duration (days)"]}}]	11	1
1194	2026-03-07 15:47:14.686739+07	66	Aset Pilihan I	2	[{"changed": {"fields": ["Price", "Profit rate", "Duration (days)"]}}]	11	1
1195	2026-03-07 15:47:47.284007+07	67	Aset Pilihan II	2	[{"changed": {"fields": ["Price", "Profit rate", "Duration (days)"]}}]	11	1
1196	2026-03-07 15:47:57.571785+07	66	Aset Pilihan I	2	[{"changed": {"fields": ["Duration (days)"]}}]	11	1
1197	2026-03-07 15:48:06.534994+07	66	Aset Pilihan I	2	[]	11	1
1198	2026-03-07 15:48:13.264863+07	67	Aset Pilihan II	2	[]	11	1
1199	2026-03-07 15:48:38.178567+07	68	Aset Pilihan III	2	[{"changed": {"fields": ["Price", "Profit rate", "Duration (days)"]}}]	11	1
1200	2026-03-07 15:49:05.622603+07	69	Aset Pilihan IV	2	[{"changed": {"fields": ["Price", "Profit rate", "Duration (days)"]}}]	11	1
1201	2026-03-07 15:49:35.916772+07	70	Aset Pilihan V	2	[{"changed": {"fields": ["Price", "Profit rate", "Duration (days)"]}}]	11	1
1202	2026-03-07 16:18:12.808025+07	27	ChatThread(user=149, closed=False)	2	[{"added": {"name": "support chat message", "object": "Msg(thread=27, sender=ADMIN, at=2026-03-07 09:18:12.804987+00:00)"}}]	33	1
1203	2026-03-07 17:39:24.805671+07	53	Prioritas I	2	[{"changed": {"fields": ["Profit type", "Profit rate"]}}]	11	1
1204	2026-03-07 17:39:34.333516+07	54	Prioritas II	2	[{"changed": {"fields": ["Profit type", "Profit rate"]}}]	11	1
1205	2026-03-07 17:39:42.793006+07	55	Prioritas III	2	[{"changed": {"fields": ["Profit type", "Profit rate"]}}]	11	1
1206	2026-03-07 17:39:53.678223+07	56	Prioritas IV	2	[{"changed": {"fields": ["Profit type", "Profit rate"]}}]	11	1
1207	2026-03-07 17:40:02.778876+07	57	Prioritas V	2	[{"changed": {"fields": ["Profit type", "Profit rate"]}}]	11	1
1208	2026-03-07 17:40:11.525881+07	58	Prioritas VI	2	[{"changed": {"fields": ["Profit type", "Profit rate"]}}]	11	1
1209	2026-03-07 17:40:20.767247+07	59	Prioritas VII	2	[{"changed": {"fields": ["Profit type", "Profit rate"]}}]	11	1
1210	2026-03-07 17:57:30.85347+07	54	Prioritas II	2	[{"changed": {"fields": ["Profit rate"]}}]	11	1
1211	2026-03-07 17:58:59.740189+07	55	Prioritas III	2	[{"changed": {"fields": ["Profit rate"]}}]	11	1
1212	2026-03-07 18:01:50.507299+07	56	Prioritas IV	2	[{"changed": {"fields": ["Profit rate"]}}]	11	1
1213	2026-03-07 18:03:53.860545+07	57	Prioritas V	2	[{"changed": {"fields": ["Profit rate"]}}]	11	1
1214	2026-03-07 18:18:23.828245+07	56	Prioritas IV	2	[{"changed": {"fields": ["Profit rate"]}}]	11	1
1215	2026-03-07 18:19:25.644073+07	54	Prioritas II	2	[{"changed": {"fields": ["Profit rate"]}}]	11	1
1216	2026-03-07 18:19:31.790753+07	55	Prioritas III	2	[]	11	1
1217	2026-03-07 18:19:41.119884+07	56	Prioritas IV	2	[{"changed": {"fields": ["Profit rate"]}}]	11	1
1218	2026-03-07 18:20:35.919279+07	57	Prioritas V	2	[{"changed": {"fields": ["Profit rate"]}}]	11	1
1219	2026-03-07 18:20:44.692471+07	58	Prioritas VI	2	[{"changed": {"fields": ["Profit rate"]}}]	11	1
1220	2026-03-07 18:20:55.407405+07	59	Prioritas VII	2	[{"changed": {"fields": ["Profit rate"]}}]	11	1
1221	2026-03-07 18:38:36.385964+07	101	DEP-20260307183815-769DE1 - JAYAPAY - 150	2	[{"changed": {"fields": ["Status"]}}]	29	1
1222	2026-03-07 23:26:03.504764+07	1	WithdrawalSettings(active=True)	2	[{"changed": {"fields": ["Require active investment", "Minimum product quantity"]}}]	25	1
1223	2026-03-07 23:53:16.080839+07	4	Hubungi Halo ASFina (other)	2	[{"changed": {"fields": ["Url"]}}]	30	1
1224	2026-03-07 23:53:47.157842+07	1	Saluran Telegram Resmi (telegram)	2	[{"changed": {"fields": ["Url"]}}]	30	1
1225	2026-03-08 00:01:44.630636+07	58	+6281123456789 - 35000.00 (PROCESSING)	2	[{"changed": {"fields": ["Status"]}}]	26	1
1226	2026-03-08 00:03:24.207655+07	58	+6281123456789 - 35000.00 (COMPLETED)	2	[{"changed": {"fields": ["Status"]}}]	26	1
1227	2026-03-08 00:04:19.102334+07	59	+6281123456789 - 38000.00 (REJECTED)	2	[{"changed": {"fields": ["Status"]}}]	26	1
1228	2026-03-08 00:13:14.722826+07	70	Mission 70 - active_downline: Tingkatkan 15 anggota tingkat pertama yang aktif berinvestasi untuk mendapatkan bonus ini.	2	[{"changed": {"fields": ["Ambang Progres"]}}]	20	1
1229	2026-03-08 00:13:44.378662+07	70	Mission 70 - active_downline: Tingkatkan 15 anggota tingkat pertama yang aktif berinvestasi untuk mendapatkan bonus ini.	2	[{"changed": {"fields": ["Ambang Progres"]}}]	20	1
1230	2026-03-08 00:17:30.297405+07	104	DEP-20260308001711-8FBAFE - JAYAPAY - 149	2	[{"changed": {"fields": ["Status"]}}]	29	1
1231	2026-03-08 00:18:36.965509+07	66	Aset Pilihan I	2	[{"changed": {"fields": ["Stock"]}}]	11	1
1232	2026-03-08 00:18:49.491338+07	60	Kesejahteraan I	2	[{"changed": {"fields": ["Stock"]}}]	11	1
1233	2026-03-08 09:45:57.667859+07	53	+6281123456789 - GOPAY 82822882	3		23	1
1234	2026-03-08 09:45:57.704557+07	52	+6289595959595 - Bank Central Asia 1111111111	3		23	1
1235	2026-03-08 09:45:57.707587+07	51	+6287123456789 - Mandiri 82828282	3		23	1
1236	2026-03-08 16:11:30.364377+07	25	Aset Standar I	2	[{"changed": {"fields": ["Duration (days)"]}}]	11	1
1237	2026-03-08 16:11:38.900176+07	26	Aset Standar II	2	[{"changed": {"fields": ["Duration (days)"]}}]	11	1
1238	2026-03-08 16:11:49.205519+07	27	Aset Standar III	2	[{"changed": {"fields": ["Duration (days)"]}}]	11	1
1239	2026-03-08 16:11:57.097597+07	27	Aset Standar III	2	[]	11	1
1240	2026-03-08 16:12:05.670356+07	28	Aset Standar IV	2	[{"changed": {"fields": ["Duration (days)"]}}]	11	1
1241	2026-03-08 16:12:14.953588+07	29	Aset Standar V	2	[{"changed": {"fields": ["Duration (days)"]}}]	11	1
1242	2026-03-08 16:12:28.313605+07	30	Aset Standar VI	2	[{"changed": {"fields": ["Duration (days)"]}}]	11	1
1243	2026-03-08 16:12:36.636246+07	29	Aset Standar V	2	[]	11	1
1244	2026-03-08 16:12:44.806834+07	31	Aset Standar VII	2	[{"changed": {"fields": ["Duration (days)"]}}]	11	1
1375	2026-03-27 22:35:57.795252+07	57	Prioritas V	3		11	1
1245	2026-03-08 16:12:55.257205+07	50	Aset Standar VIII	2	[{"changed": {"fields": ["Duration (days)"]}}]	11	1
1246	2026-03-08 16:13:05.455337+07	51	Aset Standar IX	2	[{"changed": {"fields": ["Duration (days)"]}}]	11	1
1247	2026-03-08 16:13:18.663299+07	52	Aset Standar X	2	[{"changed": {"fields": ["Duration (days)"]}}]	11	1
1248	2026-03-08 16:37:58.914419+07	25	Aset Standar I	2	[{"changed": {"fields": ["Profit method"]}}]	11	1
1249	2026-03-08 16:38:45.855862+07	26	Aset Standar II	2	[{"changed": {"fields": ["Profit method"]}}]	11	1
1250	2026-03-08 16:39:16.340832+07	26	Aset Standar II	2	[]	11	1
1251	2026-03-08 16:39:27.386029+07	27	Aset Standar III	2	[{"changed": {"fields": ["Profit method"]}}]	11	1
1252	2026-03-08 16:39:49.736021+07	28	Aset Standar IV	2	[{"changed": {"fields": ["Profit method"]}}]	11	1
1253	2026-03-08 16:41:35.926083+07	28	Aset Standar IV	2	[]	11	1
1254	2026-03-08 16:41:48.260668+07	29	Aset Standar V	2	[{"changed": {"fields": ["Profit method"]}}]	11	1
1255	2026-03-08 16:41:58.972396+07	30	Aset Standar VI	2	[{"changed": {"fields": ["Profit method"]}}]	11	1
1256	2026-03-08 16:42:07.459943+07	30	Aset Standar VI	2	[]	11	1
1257	2026-03-08 16:42:17.977314+07	31	Aset Standar VII	2	[{"changed": {"fields": ["Profit method"]}}]	11	1
1258	2026-03-08 16:42:26.148325+07	31	Aset Standar VII	2	[]	11	1
1259	2026-03-08 16:42:36.030607+07	50	Aset Standar VIII	2	[{"changed": {"fields": ["Profit method"]}}]	11	1
1260	2026-03-08 16:42:48.264327+07	51	Aset Standar IX	2	[{"changed": {"fields": ["Profit method"]}}]	11	1
1261	2026-03-08 16:43:05.765656+07	51	Aset Standar IX	2	[]	11	1
1262	2026-03-08 16:43:24.008076+07	52	Aset Standar X	2	[{"changed": {"fields": ["Profit method"]}}]	11	1
1263	2026-03-08 16:43:33.098708+07	53	Prioritas I	2	[]	11	1
1264	2026-03-08 16:43:47.368972+07	60	Kesejahteraan I	2	[{"changed": {"fields": ["Profit method"]}}]	11	1
1265	2026-03-08 16:44:03.2279+07	61	Kesejahteraan II	2	[{"changed": {"fields": ["Profit method"]}}]	11	1
1266	2026-03-08 16:44:11.284872+07	61	Kesejahteraan II	2	[]	11	1
1267	2026-03-08 16:44:21.688845+07	62	Kesejahteraan III	2	[{"changed": {"fields": ["Profit method"]}}]	11	1
1268	2026-03-08 16:44:35.86131+07	63	Kesejahteraan IV	2	[{"changed": {"fields": ["Profit method"]}}]	11	1
1269	2026-03-08 16:44:46.126109+07	64	Kesejahteraan V	2	[{"changed": {"fields": ["Profit method"]}}]	11	1
1270	2026-03-08 16:44:58.975945+07	65	Kesejahteraan VI	2	[{"changed": {"fields": ["Profit method"]}}]	11	1
1271	2026-03-08 16:45:06.921497+07	65	Kesejahteraan VI	2	[]	11	1
1272	2026-03-08 16:45:20.407025+07	66	Aset Pilihan I	2	[{"changed": {"fields": ["Profit method"]}}]	11	1
1273	2026-03-08 16:45:27.640536+07	66	Aset Pilihan I	2	[]	11	1
1274	2026-03-08 16:45:36.197812+07	67	Aset Pilihan II	2	[{"changed": {"fields": ["Profit method"]}}]	11	1
1275	2026-03-08 16:45:46.144865+07	68	Aset Pilihan III	2	[{"changed": {"fields": ["Profit method"]}}]	11	1
1276	2026-03-08 16:46:03.069238+07	69	Aset Pilihan IV	2	[{"changed": {"fields": ["Profit method"]}}]	11	1
1277	2026-03-08 16:46:17.604968+07	70	Aset Pilihan V	2	[{"changed": {"fields": ["Profit method"]}}]	11	1
1278	2026-03-08 17:04:56.143462+07	25	Aset Standar I	2	[]	11	1
1279	2026-03-08 17:05:20.941893+07	218	+6281123456789 - Aset Standar I (1x)	2	[]	13	1
1280	2026-03-08 17:07:22.158+07	60	Kesejahteraan I	2	[{"changed": {"fields": ["Stock"]}}]	11	1
1281	2026-03-08 17:07:38.44512+07	66	Aset Pilihan I	2	[{"changed": {"fields": ["Stock"]}}]	11	1
1282	2026-03-08 17:08:47.257123+07	105	DEP-20260308170819-BC1614 - JAYAPAY - 159	2	[{"changed": {"fields": ["Status"]}}]	29	1
1283	2026-03-08 17:10:57.726841+07	221	+6281123456789 - Aset Pilihan I (1x)	2	[{"changed": {"fields": ["Profit method"]}}]	13	1
1284	2026-03-08 17:11:13.337818+07	220	+6281123456789 - Kesejahteraan I (1x)	2	[{"changed": {"fields": ["Profit method"]}}]	13	1
1285	2026-03-08 17:11:46.758392+07	218	+6281123456789 - Aset Standar I (1x)	2	[{"changed": {"fields": ["Profit method"]}}]	13	1
1286	2026-03-09 01:20:20.348019+07	1	Referral Code: mixed/9	2	[{"changed": {"fields": ["Frontend url"]}}]	9	1
1287	2026-03-09 01:37:45.422188+07	1	Referral Code: mixed/9	2	[{"changed": {"fields": ["Frontend url"]}}]	9	1
1288	2026-03-27 21:44:12.510752+07	1	Referral Code: mixed/8	2	[{"changed": {"fields": ["Referral code length", "Referral code pattern", "Rank use downlines active", "Rank count levels upto"]}}]	9	1
1289	2026-03-27 21:49:36.21794+07	3	AttendanceSettings(id=3, active=True)	2	[{"changed": {"fields": ["Daily cycle days", "Day 1 Reward", "Day 2 Reward", "Day 3 Reward", "Day 4 Reward", "Day 5 Reward", "Day 6 Reward", "Day 7 Reward", "Consecutive bonus enabled", "Bonus 7 days"]}}]	16	1
1290	2026-03-27 21:51:13.877817+07	54	+6281123456789 - GOPAY 7372727	3		23	1
1291	2026-03-27 21:51:34.138682+07	18	Bank Central Asia (BCA)	3		22	1
1292	2026-03-27 21:51:34.141743+07	17	Bank Negara Indonesia (BNI)	3		22	1
1293	2026-03-27 21:51:34.14327+07	15	Bank Rakyat Indonesia (BRI)	3		22	1
1294	2026-03-27 21:51:34.14327+07	13	DANA (DANA)	3		22	1
1295	2026-03-27 21:51:34.144798+07	14	GOPAY (GOPAY)	3		22	1
1296	2026-03-27 21:51:34.144798+07	20	Mandiri (MANDIRI)	3		22	1
1297	2026-03-27 21:51:34.149498+07	12	OVO (OVO)	3		22	1
1298	2026-03-27 21:51:34.150003+07	63	SHOPEEPAY (SHOPEEPAY)	3		22	1
1299	2026-03-27 21:53:01.559887+07	64	Anglomas Internasional Bank (AGL)	1	[{"added": {}}]	22	1
1300	2026-03-27 21:53:17.06806+07	65	Bank Agris (AGR)	1	[{"added": {}}]	22	1
1301	2026-03-27 21:53:57.373737+07	66	Bank Alfindo (Bank National Nobu) (ALFN)	1	[{"added": {}}]	22	1
1302	2026-03-27 21:54:17.038821+07	67	Bank ANZ Indonesia (ANZ)	1	[{"added": {}}]	22	1
1303	2026-03-27 21:54:48.835604+07	68	Bank Artha Niaga (ART)	1	[{"added": {}}]	22	1
1304	2026-03-27 21:55:09.981764+07	69	Bank Artha Graha Internasional (ARGI)	1	[{"added": {}}]	22	1
1305	2026-03-27 21:55:22.667796+07	70	Bank Artos IND (ARTS)	1	[{"added": {}}]	22	1
1306	2026-03-27 21:55:45.003778+07	71	Bank BCA (BCA)	1	[{"added": {}}]	22	1
1307	2026-03-27 21:56:06.365112+07	72	Bank BCA Syariah (BCAS)	1	[{"added": {}}]	22	1
1308	2026-03-27 21:56:26.963118+07	73	Bank BJB Syariah (BJB)	1	[{"added": {}}]	22	1
1309	2026-03-27 21:56:36.417222+07	74	Bank BNI (BNI)	1	[{"added": {}}]	22	1
1310	2026-03-27 21:56:49.862034+07	75	Bank BNI Syariah (BNIS)	1	[{"added": {}}]	22	1
1311	2026-03-27 21:57:10.872032+07	76	Bank BNP Paribas Indonesia (BNPI)	1	[{"added": {}}]	22	1
1312	2026-03-27 21:57:24.397782+07	77	Bank BRI (BRI)	1	[{"added": {}}]	22	1
1313	2026-03-27 21:57:37.866244+07	78	Bank Bukopin (BKP)	1	[{"added": {}}]	22	1
1314	2026-03-27 21:57:52.997887+07	79	Bank CIMB Niaga (CIMB)	1	[{"added": {}}]	22	1
1315	2026-03-27 21:58:12.322562+07	80	Bank Danamon (DNM)	1	[{"added": {}}]	22	1
1316	2026-03-27 21:58:29.44682+07	81	Bank DBS Indonesia (DBS)	1	[{"added": {}}]	22	1
1317	2026-03-27 21:58:58.155272+07	82	Bank DKI (DKI)	1	[{"added": {}}]	22	1
1318	2026-03-27 21:59:25.106975+07	83	Bank Jatim (JTM)	1	[{"added": {}}]	22	1
1319	2026-03-27 21:59:42.740553+07	84	Bank Mandiri (MDR)	1	[{"added": {}}]	22	1
1320	2026-03-27 22:00:05.279389+07	85	Bank Maybank Indocorp (MYB)	1	[{"added": {}}]	22	1
1321	2026-03-27 22:00:19.055567+07	86	Bank Mayora Indonesia (MYR)	1	[{"added": {}}]	22	1
1322	2026-03-27 22:00:32.416395+07	87	Bank Mega (MGA)	1	[{"added": {}}]	22	1
1323	2026-03-27 22:00:46.610065+07	88	Bank OCBC NISP (OCBC)	1	[{"added": {}}]	22	1
1324	2026-03-27 22:01:01.643248+07	89	Bank Sinarmas (SNM)	1	[{"added": {}}]	22	1
1325	2026-03-27 22:01:21.46396+07	90	Bank Tabungan Negara (BTN)	1	[{"added": {}}]	22	1
1326	2026-03-27 22:01:42.63986+07	91	Bank Tabungan Pensiunan Nasional (BTPN)	1	[{"added": {}}]	22	1
1327	2026-03-27 22:01:57.372946+07	92	Bank UOB Indonesia (UOB)	1	[{"added": {}}]	22	1
1328	2026-03-27 22:02:12.403111+07	93	DANA (DANA)	1	[{"added": {}}]	22	1
1329	2026-03-27 22:02:28.006048+07	94	GOPAY (GOPAY)	1	[{"added": {}}]	22	1
1330	2026-03-27 22:02:41.915336+07	95	LINKAJA (LINKAJA)	1	[{"added": {}}]	22	1
1331	2026-03-27 22:02:52.65274+07	96	OVO (OVO)	1	[{"added": {}}]	22	1
1332	2026-03-27 22:03:16.766345+07	97	Permata Bank (PRM)	1	[{"added": {}}]	22	1
1333	2026-03-27 22:03:30.08617+07	98	SHOPEEPAY (SHP)	1	[{"added": {}}]	22	1
1334	2026-03-27 22:12:52.884113+07	69	Mission 69 - purchase_self: Pesan 1 drone untuk mendapatkan	2	[{"changed": {"fields": ["Judul Misi", "Deskripsi", "Jenis Misi", "Ambang Progres", "Nominal Hadiah", "Level downline yang dihitung"]}}]	20	1
1335	2026-03-27 22:13:09.172191+07	69	Mission 69 - purchase_self: Pesan 1 drone untuk mendapatkan	2	[{"changed": {"fields": ["Judul Misi"]}}]	20	1
1336	2026-03-27 22:13:41.658492+07	70	Mission 70 - purchase_self: Pesan 2 drone untuk mendapatkan	2	[{"changed": {"fields": ["Judul Misi", "Deskripsi", "Jenis Misi", "Ambang Progres", "Nominal Hadiah", "Level downline yang dihitung"]}}]	20	1
1337	2026-03-27 22:14:15.33832+07	71	Mission 71 - purchase_self: Pesan 3 drone untuk mendapatkan	2	[{"changed": {"fields": ["Judul Misi", "Deskripsi", "Jenis Misi", "Ambang Progres", "Nominal Hadiah", "Level downline yang dihitung"]}}]	20	1
1338	2026-03-27 22:14:38.395328+07	72	Mission 72 - purchase_self: Pesan 4 drone untuk mendapatkan	2	[{"changed": {"fields": ["Judul Misi", "Deskripsi", "Jenis Misi", "Ambang Progres", "Nominal Hadiah", "Level downline yang dihitung"]}}]	20	1
1339	2026-03-27 22:15:01.52587+07	73	Mission 73 - purchase_self: Pesan 5 drone untuk mendapatkan	2	[{"changed": {"fields": ["Judul Misi", "Deskripsi", "Jenis Misi", "Ambang Progres", "Nominal Hadiah", "Level downline yang dihitung"]}}]	20	1
1340	2026-03-27 22:15:26.031643+07	74	Mission 74 - purchase_self: Pesan 6 drone untuk mendapatkan	2	[{"changed": {"fields": ["Judul Misi", "Deskripsi", "Jenis Misi", "Ambang Progres", "Nominal Hadiah", "Level downline yang dihitung"]}}]	20	1
1341	2026-03-27 22:15:51.591386+07	75	Mission 75 - purchase_self: Pesan 7 drone untuk mendapatkan	2	[{"changed": {"fields": ["Judul Misi", "Deskripsi", "Jenis Misi", "Ambang Progres", "Nominal Hadiah", "Level downline yang dihitung"]}}]	20	1
1342	2026-03-27 22:16:17.816438+07	76	Mission 76 - purchase_self: Pesan 8 drone untuk mendapatkan	2	[{"changed": {"fields": ["Judul Misi", "Deskripsi", "Jenis Misi", "Ambang Progres", "Nominal Hadiah", "Level downline yang dihitung"]}}]	20	1
1343	2026-03-27 22:16:44.691274+07	77	Mission 77 - purchase_self: Pesan 9 drone untuk mendapatkan	2	[{"changed": {"fields": ["Judul Misi", "Deskripsi", "Jenis Misi", "Ambang Progres", "Nominal Hadiah", "Level downline yang dihitung"]}}]	20	1
1344	2026-03-27 22:17:13.583637+07	78	Mission 78 - purchase_self: Pesan 10 drone untuk mendapatkan	2	[{"changed": {"fields": ["Judul Misi", "Deskripsi", "Jenis Misi", "Ambang Progres", "Nominal Hadiah", "Level downline yang dihitung"]}}]	20	1
1345	2026-03-27 22:19:42.695328+07	79	Mission 79 - purchase_self: Pesan 11 drone untuk mendapatkan	1	[{"added": {}}]	20	1
1346	2026-03-27 22:20:07.29616+07	80	Mission 80 - purchase_self: Pesan 12 drone untuk mendapatkan	1	[{"added": {}}]	20	1
1347	2026-03-27 22:21:59.865818+07	81	Mission 81 - deposit: Teman isi ulang Rp 100000 saya dapat,	1	[{"added": {}}]	20	1
1348	2026-03-27 22:22:23.434288+07	82	Mission 82 - deposit: Teman isi ulang Rp 200000 saya dapat,	1	[{"added": {}}]	20	1
1349	2026-03-27 22:23:11.923835+07	83	Mission 83 - deposit: Teman isi ulang Rp 300000 saya dapat,	1	[{"added": {}}]	20	1
1350	2026-03-27 22:23:40.121953+07	84	Mission 84 - deposit: Teman isi ulang Rp 400000 saya dapat,	1	[{"added": {}}]	20	1
1351	2026-03-27 22:25:26.451464+07	85	Mission 85 - deposit: Teman isi ulang Rp 500000 saya dapat,	1	[{"added": {}}]	20	1
1352	2026-03-27 22:25:49.603097+07	86	Mission 86 - deposit: Teman isi ulang Rp 600000 saya dapat,	1	[{"added": {}}]	20	1
1353	2026-03-27 22:26:42.1236+07	87	Mission 87 - deposit: Teman isi ulang Rp 700000 saya dapat,	1	[{"added": {}}]	20	1
1354	2026-03-27 22:27:05.985412+07	88	Mission 88 - deposit: Teman isi ulang Rp 800000 saya dapat,	1	[{"added": {}}]	20	1
1355	2026-03-27 22:27:40.481332+07	89	Mission 89 - deposit: Teman isi ulang Rp 800000 saya dapat,	1	[{"added": {}}]	20	1
1356	2026-03-27 22:28:02.070902+07	89	Mission 89 - deposit: Teman isi ulang Rp 900000 saya dapat,	2	[{"changed": {"fields": ["Deskripsi", "Ambang Progres", "Nominal Hadiah"]}}]	20	1
1357	2026-03-27 22:28:53.204435+07	90	Mission 90 - deposit: Teman isi ulang Rp 1000000 saya dapat,	1	[{"added": {}}]	20	1
1358	2026-03-27 22:29:19.113571+07	91	Mission 91 - deposit: Teman isi ulang Rp 1100000 saya dapat,	1	[{"added": {}}]	20	1
1359	2026-03-27 22:29:49.644641+07	92	Mission 92 - deposit: Teman isi ulang Rp 1200000 saya dapat,	1	[{"added": {}}]	20	1
1360	2026-03-27 22:31:13.137956+07	21	Berita satu	1	[{"added": {}}]	31	1
1361	2026-03-27 22:31:54.238137+07	22	Berita Dua	1	[{"added": {}}]	31	1
1362	2026-03-27 22:35:57.780105+07	70	Aset Pilihan V	3		11	1
1363	2026-03-27 22:35:57.789191+07	69	Aset Pilihan IV	3		11	1
1364	2026-03-27 22:35:57.790698+07	68	Aset Pilihan III	3		11	1
1365	2026-03-27 22:35:57.790698+07	67	Aset Pilihan II	3		11	1
1366	2026-03-27 22:35:57.791702+07	66	Aset Pilihan I	3		11	1
1367	2026-03-27 22:35:57.792205+07	65	Kesejahteraan VI	3		11	1
1368	2026-03-27 22:35:57.792205+07	64	Kesejahteraan V	3		11	1
1369	2026-03-27 22:35:57.793211+07	63	Kesejahteraan IV	3		11	1
1370	2026-03-27 22:35:57.793714+07	62	Kesejahteraan III	3		11	1
1371	2026-03-27 22:35:57.793714+07	61	Kesejahteraan II	3		11	1
1372	2026-03-27 22:35:57.793714+07	60	Kesejahteraan I	3		11	1
1373	2026-03-27 22:35:57.794739+07	59	Prioritas VII	3		11	1
1374	2026-03-27 22:35:57.795252+07	58	Prioritas VI	3		11	1
1376	2026-03-27 22:35:57.796259+07	56	Prioritas IV	3		11	1
1377	2026-03-27 22:35:57.796765+07	55	Prioritas III	3		11	1
1378	2026-03-27 22:35:57.796765+07	54	Prioritas II	3		11	1
1379	2026-03-27 22:35:57.79778+07	53	Prioritas I	3		11	1
1380	2026-03-27 22:35:57.798293+07	52	Aset Standar X	3		11	1
1381	2026-03-27 22:35:57.798293+07	51	Aset Standar IX	3		11	1
1382	2026-03-27 22:35:57.798293+07	50	Aset Standar VIII	3		11	1
1383	2026-03-27 22:35:57.7993+07	31	Aset Standar VII	3		11	1
1384	2026-03-27 22:35:57.799806+07	30	Aset Standar VI	3		11	1
1385	2026-03-27 22:46:07.835084+07	25	Produk 1 (U8S03O)	2	[{"changed": {"fields": ["Name", "Description", "Price", "Specifications", "Purchase limit", "Max purchase count", "Stock", "Profit type", "Profit rate", "Profit random min", "Profit random max", "Profit method", "Duration (days)", "Require upline ownership for commissions", "Purchase rebate level 1", "Purchase rebate level 2", "Purchase rebate level 3", "Profit rebate level 1", "Profit rebate level 2", "Profit rebate level 3"]}}]	11	1
1386	2026-03-27 22:48:24.17051+07	26	Produk 2 (U78DFDF)	2	[{"changed": {"fields": ["Name", "Description", "Price", "Specifications", "Purchase limit", "Max purchase count", "Stock", "Profit type", "Profit rate", "Profit random min", "Profit random max", "Profit method", "Duration (days)", "Require upline ownership for commissions", "Purchase rebate level 1", "Purchase rebate level 2", "Purchase rebate level 3", "Profit rebate level 1", "Profit rebate level 2", "Profit rebate level 3"]}}]	11	1
1387	2026-03-27 22:48:33.573096+07	25	Produk 1 (U8S03O)	2	[{"changed": {"fields": ["Specifications"]}}]	11	1
1388	2026-03-27 22:50:27.960114+07	27	Produk 3 (SOSFMW)	2	[{"changed": {"fields": ["Name", "Description", "Price", "Specifications", "Purchase limit", "Max purchase count", "Stock", "Profit type", "Profit rate", "Profit random min", "Profit random max", "Profit method", "Duration (days)", "Require upline ownership for commissions", "Purchase rebate level 1", "Purchase rebate level 3", "Profit rebate level 1", "Profit rebate level 2", "Profit rebate level 3"]}}]	11	1
1389	2026-03-27 22:50:39.606904+07	27	Produk 3 (SOSFMW)	2	[{"changed": {"fields": ["Purchase rebate level 2"]}}]	11	1
1390	2026-03-27 22:52:02.358527+07	28	Produk 4 (8SSDMSF)	2	[{"changed": {"fields": ["Name", "Description", "Price", "Specifications", "Purchase limit", "Max purchase count", "Profit type", "Profit rate", "Profit random min", "Profit random max", "Profit method", "Duration (days)", "Require upline ownership for commissions", "Purchase rebate level 1", "Purchase rebate level 2", "Purchase rebate level 3", "Profit rebate level 1", "Profit rebate level 2", "Profit rebate level 3"]}}]	11	1
1391	2026-03-27 22:53:16.456701+07	29	Produk 5 (US89SF)	2	[{"changed": {"fields": ["Name", "Description", "Price", "Specifications", "Purchase limit", "Max purchase count", "Profit type", "Profit rate", "Profit random min", "Profit random max", "Profit method", "Duration (days)", "Require upline ownership for commissions", "Purchase rebate level 1", "Purchase rebate level 2", "Purchase rebate level 3", "Profit rebate level 1", "Profit rebate level 2", "Profit rebate level 3"]}}]	11	1
1392	2026-03-27 22:58:08.483638+07	71	Produk 6 (USIFOSL)	1	[{"added": {}}]	11	1
1393	2026-03-27 23:03:13.338201+07	72	Dummy A2 (MIDUF0)	1	[{"added": {}}]	11	1
1394	2026-03-27 23:04:23.073123+07	73	Dummy A2 (MSKALF)	1	[{"added": {}}]	11	1
1395	2026-03-27 23:04:37.545877+07	72	Dummy A2 (MIDUF0)	2	[{"changed": {"fields": ["Profit rebate level 2"]}}]	11	1
1396	2026-03-27 23:06:59.594388+07	74	Dummy A2 (MSOSFNS)	1	[{"added": {}}]	11	1
1397	2026-03-27 23:09:22.427372+07	75	Dummy A2 (MSOF3IE)	1	[{"added": {}}]	11	1
1398	2026-03-27 23:11:35.816982+07	72	Produk 7 (USJC9SD)	2	[{"changed": {"fields": ["Name", "Description", "Price", "Specifications", "Duration (days)"]}}]	11	1
1399	2026-03-27 23:14:24.137835+07	76	Dummy A2 (MS89484)	1	[{"added": {}}]	11	1
1400	2026-03-27 23:16:28.823755+07	77	Dummy A2 (M8DFNDF)	1	[{"added": {}}]	11	1
1401	2026-03-27 23:17:23.680954+07	78	Dummy A2 (MSKDKS)	1	[{"added": {}}]	11	1
1402	2026-03-27 23:18:24.566428+07	79	Dummy A2 (MSKJFASJ)	1	[{"added": {}}]	11	1
1403	2026-03-27 23:20:19.543889+07	80	Dummy A3 (K8SFMSF)	1	[{"added": {}}]	11	1
1404	2026-03-27 23:21:43.382273+07	81	Dummy A3 (KISFHS)	1	[{"added": {}}]	11	1
1405	2026-03-27 23:22:52.831498+07	82	Dummy A3 (KSIFNSMF)	1	[{"added": {}}]	11	1
1406	2026-03-27 23:24:17.483532+07	83	Dummy A3 (KSIIEMF)	1	[{"added": {}}]	11	1
1407	2026-03-27 23:26:17.161606+07	84	Dummy A3 (KADMDMA)	1	[{"added": {}}]	11	1
1408	2026-03-27 23:27:42.908551+07	85	Dummy A3 (KSSEMF)	1	[{"added": {}}]	11	1
1409	2026-03-27 23:34:34.163413+07	1	WithdrawalSettings(active=True)	2	[{"changed": {"fields": ["Require active investment", "Minimum product quantity"]}}]	25	1
1410	2026-03-27 23:39:08.956366+07	8	auto (fixed)	3		18	1
1411	2026-03-27 23:40:11.036407+07	15	TEST123 (fixed)	1	[{"added": {}}]	18	1
1412	2026-03-29 22:31:15.152569+07	1	Referral Code: numbers_only/8	2	[{"changed": {"fields": ["Referral code case"]}}]	9	1
1413	2026-03-30 12:04:44.477885+07	85	Dummy A3 (KSSEMF)	2	[{"changed": {"fields": ["Golongan"]}}]	11	1
1414	2026-03-30 12:04:54.646022+07	84	Dummy A3 (KADMDMA)	2	[{"changed": {"fields": ["Golongan"]}}]	11	1
1415	2026-03-30 12:05:02.19999+07	83	Dummy A3 (KSIIEMF)	2	[{"changed": {"fields": ["Golongan"]}}]	11	1
1416	2026-03-30 12:05:11.197047+07	82	Dummy A3 (KSIFNSMF)	2	[{"changed": {"fields": ["Golongan"]}}]	11	1
1417	2026-03-30 12:05:18.638241+07	81	Dummy A3 (KISFHS)	2	[{"changed": {"fields": ["Golongan"]}}]	11	1
1418	2026-03-30 12:05:26.92155+07	80	Dummy A3 (K8SFMSF)	2	[{"changed": {"fields": ["Golongan"]}}]	11	1
1419	2026-03-30 12:05:37.774977+07	79	Dummy A2 (MSKJFASJ)	2	[{"changed": {"fields": ["Golongan"]}}]	11	1
1420	2026-03-30 12:05:46.673469+07	78	Dummy A2 (MSKDKS)	2	[{"changed": {"fields": ["Golongan"]}}]	11	1
1421	2026-03-30 12:05:59.614353+07	77	Dummy A2 (M8DFNDF)	2	[{"changed": {"fields": ["Golongan"]}}]	11	1
1422	2026-03-30 12:06:09.178157+07	76	Dummy A2 (MS89484)	2	[{"changed": {"fields": ["Golongan"]}}]	11	1
1423	2026-03-30 12:06:19.305936+07	75	Dummy A2 (MSOF3IE)	2	[{"changed": {"fields": ["Golongan"]}}]	11	1
1424	2026-03-30 12:06:29.322664+07	74	Dummy A2 (MSOSFNS)	2	[{"changed": {"fields": ["Golongan"]}}]	11	1
1425	2026-03-30 12:06:40.567591+07	73	Dummy A2 (MSKALF)	2	[{"changed": {"fields": ["Golongan"]}}]	11	1
1426	2026-03-30 12:06:51.773326+07	72	Produk 7 (USJC9SD)	2	[{"changed": {"fields": ["Golongan"]}}]	11	1
1427	2026-03-30 12:07:03.252506+07	71	Produk 6 (USIFOSL)	2	[{"changed": {"fields": ["Golongan"]}}]	11	1
1428	2026-03-30 12:07:21.119871+07	29	Produk 5 (US89SF)	2	[{"changed": {"fields": ["Golongan"]}}]	11	1
1429	2026-03-30 12:07:41.295583+07	28	Produk 4 (8SSDMSF)	2	[{"changed": {"fields": ["Golongan"]}}]	11	1
1430	2026-03-30 12:07:53.03918+07	27	Produk 3 (SOSFMW)	2	[{"changed": {"fields": ["Golongan"]}}]	11	1
1431	2026-03-30 12:08:04.452226+07	26	Produk 2 (U78DFDF)	2	[{"changed": {"fields": ["Golongan"]}}]	11	1
1432	2026-03-30 12:08:12.99071+07	25	Produk 1 (U8S03O)	2	[{"changed": {"fields": ["Golongan"]}}]	11	1
1433	2026-03-30 22:44:40.951101+07	72	Produk 7 (USJC9SD)	2	[{"changed": {"fields": ["Stock"]}}]	11	1
1434	2026-03-30 22:44:53.005722+07	71	Produk 6 (USIFOSL)	2	[{"changed": {"fields": ["Stock"]}}]	11	1
1435	2026-03-31 00:17:57.370437+07	1	Referral Code: numbers_only/8	2	[{"changed": {"fields": ["Rank count levels upto"]}}]	9	1
1436	2026-03-31 00:24:33.570679+07	14	Rank 10 - VIP 9 (requires 16040000)	1	[{"added": {}}]	10	1
1437	2026-03-31 00:26:28.701922+07	5	Rank 2 - VIP 1 (requires 130000)	2	[{"changed": {"fields": ["Missions required total"]}}]	10	1
1438	2026-03-31 00:26:28.703462+07	6	Rank 3 - VIP 2 (requires 130000)	2	[{"changed": {"fields": ["Missions required total"]}}]	10	1
1439	2026-03-31 00:26:28.704987+07	7	Rank 4 - VIP 3 (requires 590000)	2	[{"changed": {"fields": ["Missions required total"]}}]	10	1
1440	2026-03-31 00:26:28.704987+07	8	Rank 5 - VIP 4 (requires 1540000)	2	[{"changed": {"fields": ["Missions required total"]}}]	10	1
1441	2026-03-31 00:26:28.704987+07	9	Rank 6 - VIP 5 (requires 3690000)	2	[{"changed": {"fields": ["Missions required total"]}}]	10	1
1442	2026-03-31 00:26:28.706595+07	10	Rank 7 - VIP 6 (requires 3690000)	2	[{"changed": {"fields": ["Missions required total"]}}]	10	1
1443	2026-03-31 00:26:28.706595+07	11	Rank 8 - VIP 7 (requires 8240000)	2	[{"changed": {"fields": ["Missions required total"]}}]	10	1
1444	2026-03-31 00:26:28.708126+07	12	Rank 9 - VIP 8 (requires 15760000)	2	[{"changed": {"fields": ["Missions required total"]}}]	10	1
1445	2026-03-31 00:28:53.918551+07	3	AttendanceSettings(id=3, active=True)	2	[{"changed": {"fields": ["Reward type", "Fixed amount"]}}]	16	1
1446	2026-03-31 00:29:02.896783+07	57	+628111222444 - Bank Maybank Indocorp 31313122	3		23	1
1447	2026-03-31 00:29:02.903163+07	56	+628111222333 - Anglomas Internasional Bank 72828282	3		23	1
1448	2026-03-31 00:29:02.904703+07	55	+6289595959595 - Bank Artha Graha Internasional 2345678	3		23	1
1449	2026-03-31 00:31:47.897592+07	69	Mission 69 - purchase_self: Pesan 1 drone untuk mendapatkan	2	[{"changed": {"fields": ["Nominal Hadiah"]}}]	20	1
1450	2026-03-31 00:32:01.607075+07	70	Mission 70 - purchase_self: Pesan 3 drone untuk mendapatkan	2	[{"changed": {"fields": ["Deskripsi", "Ambang Progres", "Nominal Hadiah"]}}]	20	1
1451	2026-03-31 00:32:17.930561+07	71	Mission 71 - purchase_self: Pesan 5 drone untuk mendapatkan	2	[{"changed": {"fields": ["Deskripsi", "Ambang Progres", "Nominal Hadiah"]}}]	20	1
1452	2026-03-31 00:32:35.345532+07	72	Mission 72 - purchase_self: Pesan 8 drone untuk mendapatkan	2	[{"changed": {"fields": ["Deskripsi", "Ambang Progres", "Nominal Hadiah"]}}]	20	1
1453	2026-03-31 00:32:52.499659+07	73	Mission 73 - purchase_self: Pesan 12 drone untuk mendapatkan	2	[{"changed": {"fields": ["Deskripsi", "Ambang Progres", "Nominal Hadiah"]}}]	20	1
1454	2026-03-31 00:33:06.892826+07	74	Mission 74 - purchase_self: Pesan 18 drone untuk mendapatkan	2	[{"changed": {"fields": ["Deskripsi", "Ambang Progres", "Nominal Hadiah"]}}]	20	1
1455	2026-03-31 00:33:26.931253+07	73	Mission 73 - purchase_self: Pesan 25 drone untuk mendapatkan	2	[{"changed": {"fields": ["Deskripsi", "Ambang Progres"]}}]	20	1
1456	2026-03-31 00:33:41.203063+07	74	Mission 74 - purchase_self: Pesan 30 drone untuk mendapatkan	2	[{"changed": {"fields": ["Deskripsi", "Ambang Progres"]}}]	20	1
1457	2026-03-31 00:34:01.904+07	75	Mission 75 - purchase_self: Pesan 40 drone untuk mendapatkan	2	[{"changed": {"fields": ["Deskripsi", "Ambang Progres", "Nominal Hadiah"]}}]	20	1
1458	2026-03-31 00:34:18.844987+07	76	Mission 76 - purchase_self: Pesan 45 drone untuk mendapatkan	2	[{"changed": {"fields": ["Deskripsi", "Ambang Progres", "Nominal Hadiah"]}}]	20	1
1459	2026-03-31 00:34:29.06106+07	77	Mission 77 - purchase_self: Pesan 9 drone untuk mendapatkan	2	[{"changed": {"fields": ["Aktif"]}}]	20	1
1460	2026-03-31 00:34:35.833133+07	78	Mission 78 - purchase_self: Pesan 10 drone untuk mendapatkan	2	[{"changed": {"fields": ["Aktif"]}}]	20	1
1461	2026-03-31 00:35:07.642548+07	81	Mission 81 - deposit: Teman isi ulang Rp 1300000 saya dapat,	2	[{"changed": {"fields": ["Deskripsi", "Ambang Progres", "Nominal Hadiah", "Level downline yang dihitung"]}}]	20	1
1462	2026-03-31 00:35:26.897573+07	82	Mission 82 - deposit: Teman isi ulang Rp 3500000 saya dapat,	2	[{"changed": {"fields": ["Deskripsi", "Ambang Progres", "Nominal Hadiah", "Level downline yang dihitung"]}}]	20	1
1463	2026-03-31 00:35:46.37481+07	83	Mission 83 - deposit: Teman isi ulang Rp 6000000 saya dapat,	2	[{"changed": {"fields": ["Deskripsi", "Ambang Progres", "Nominal Hadiah", "Level downline yang dihitung"]}}]	20	1
1464	2026-03-31 00:36:25.981386+07	84	Mission 84 - deposit: Teman isi ulang Rp 13000000 saya dapat,	2	[{"changed": {"fields": ["Deskripsi", "Ambang Progres", "Nominal Hadiah", "Level downline yang dihitung"]}}]	20	1
1465	2026-03-31 00:36:43.203328+07	85	Mission 85 - deposit: Teman isi ulang Rp 18000000 saya dapat,	2	[{"changed": {"fields": ["Deskripsi", "Ambang Progres", "Nominal Hadiah", "Level downline yang dihitung"]}}]	20	1
1466	2026-03-31 00:37:02.91444+07	86	Mission 86 - deposit: Teman isi ulang Rp 26000000 saya dapat,	2	[{"changed": {"fields": ["Deskripsi", "Ambang Progres", "Nominal Hadiah", "Level downline yang dihitung"]}}]	20	1
1467	2026-03-31 00:37:22.103337+07	87	Mission 87 - deposit: Teman isi ulang Rp 35000000 saya dapat,	2	[{"changed": {"fields": ["Deskripsi", "Ambang Progres", "Nominal Hadiah", "Level downline yang dihitung"]}}]	20	1
1468	2026-03-31 00:37:41.756451+07	88	Mission 88 - deposit: Teman isi ulang Rp 42000000 saya dapat,	2	[{"changed": {"fields": ["Deskripsi", "Ambang Progres", "Nominal Hadiah", "Level downline yang dihitung"]}}]	20	1
1469	2026-03-31 00:38:00.444968+07	89	Mission 89 - deposit: Teman isi ulang Rp 50000000 saya dapat,	2	[{"changed": {"fields": ["Deskripsi", "Ambang Progres", "Nominal Hadiah", "Level downline yang dihitung"]}}]	20	1
1470	2026-03-31 00:38:20.15425+07	90	Mission 90 - deposit: Teman isi ulang Rp 70000000 saya dapat,	2	[{"changed": {"fields": ["Deskripsi", "Ambang Progres", "Nominal Hadiah", "Level downline yang dihitung"]}}]	20	1
1471	2026-03-31 00:38:45.903923+07	91	Mission 91 - deposit: Teman isi ulang Rp 85000000 saya dapat,	2	[{"changed": {"fields": ["Deskripsi", "Aktif", "Ambang Progres", "Nominal Hadiah", "Level downline yang dihitung"]}}]	20	1
1472	2026-03-31 00:44:58.044377+07	21	Pemberitahuan Resmi Keamanan Layanan SENT	2	[{"changed": {"fields": ["Title", "Slug", "Body"]}}]	31	1
1473	2026-03-31 00:51:28.736539+07	22	Selamat Bergabung di SENT	2	[{"changed": {"fields": ["Title", "Slug", "Body"]}}]	31	1
1474	2026-03-31 20:11:12.60027+07	3	AttendanceSettings(id=3, active=True)	2	[{"changed": {"fields": ["Daily cycle days"]}}]	16	1
1475	2026-03-31 20:11:28.960969+07	3	AttendanceSettings(id=3, active=True)	2	[{"changed": {"fields": ["Daily cycle days"]}}]	16	1
1476	2026-03-31 20:25:02.668174+07	3	AttendanceSettings(id=3, active=True)	2	[{"changed": {"fields": ["Day 8 Reward", "Day 9 Reward", "Day 10 Reward", "Day 11 Reward", "Day 12 Reward", "Day 13 Reward", "Day 14 Reward"]}}]	16	1
1477	2026-03-31 20:34:55.415888+07	3	AttendanceSettings(id=3, active=True)	2	[{"changed": {"fields": ["Bonus claim separate enabled"]}}]	16	1
1478	2026-03-31 21:04:56.041337+07	15	Rank 12 - Rank (requires 1000)	1	[{"added": {}}]	10	1
1479	2026-03-31 21:05:09.805637+07	15	Rank 12 - tambah  aja manual udah bisa (requires 1000)	2	[{"changed": {"fields": ["Title"]}}]	10	1
1480	2026-03-31 21:21:23.756582+07	25	Drone Arundala (U7S9DFF)	2	[{"changed": {"fields": ["Name", "Price", "Image", "Specifications", "Stock", "Profit random min", "Profit random max", "Duration (days)"]}}]	11	1
1481	2026-03-31 21:22:29.283093+07	26	Drone Amythis (U9SODWK)	2	[{"changed": {"fields": ["Name", "Price", "Image", "Specifications", "Stock", "Profit random min", "Profit random max", "Duration (days)"]}}]	11	1
1482	2026-03-31 21:26:14.708594+07	27	Drone Aqriac (U1IS3MD)	2	[{"changed": {"fields": ["Name", "Price", "Image", "Specifications", "Stock", "Profit random min", "Profit random max", "Duration (days)"]}}]	11	1
1483	2026-03-31 21:27:10.34167+07	28	Drone Alouz (U0M3KDX)	2	[{"changed": {"fields": ["Name", "Price", "Specifications", "Stock", "Profit random min", "Profit random max", "Duration (days)"]}}]	11	1
1484	2026-03-31 21:28:02.562203+07	29	Drone Avurpa (U3MLZTY)	2	[{"changed": {"fields": ["Name", "Price", "Specifications", "Profit random min", "Profit random max", "Duration (days)"]}}]	11	1
1485	2026-03-31 21:29:03.924925+07	71	Drone Aterio (U5MLSKI)	2	[{"changed": {"fields": ["Name", "Price", "Specifications", "Stock", "Profit random min", "Profit random max", "Duration (days)"]}}]	11	1
1486	2026-03-31 21:29:12.709222+07	72	Produk 7 (USJC9SD)	2	[{"changed": {"fields": ["Status"]}}]	11	1
1487	2026-03-31 21:29:39.250541+07	28	Drone Alouz (U0M3KDX)	2	[{"changed": {"fields": ["Image"]}}]	11	1
1488	2026-03-31 21:29:52.043878+07	29	Drone Avurpa (U3MLZTY)	2	[{"changed": {"fields": ["Image"]}}]	11	1
1489	2026-03-31 21:30:07.754706+07	71	Drone Aterio (U5MLSKI)	2	[{"changed": {"fields": ["Image"]}}]	11	1
1490	2026-03-31 21:30:22.682708+07	72	A1 7 (USJC9SD)	2	[{"changed": {"fields": ["Name", "Stock"]}}]	11	1
1491	2026-03-31 21:35:40.015553+07	28	Drone Alouz (U0M3KDX)	2	[{"changed": {"fields": ["Image"]}}]	11	1
1492	2026-03-31 21:36:07.053834+07	29	Drone Avurpa (U3MLZTY)	2	[{"changed": {"fields": ["Image"]}}]	11	1
1493	2026-03-31 21:36:34.74274+07	71	Drone Aterio (U5MLSKI)	2	[{"changed": {"fields": ["Image"]}}]	11	1
1494	2026-03-31 21:40:12.369702+07	73	Drone Czorto (MU7PL6A)	2	[{"changed": {"fields": ["Name", "Price", "Image", "Specifications", "Profit random min", "Profit random max", "Duration (days)"]}}]	11	1
1495	2026-03-31 21:41:04.859887+07	74	Drone Couva (M6SD7QK)	2	[{"changed": {"fields": ["Name", "Price", "Specifications", "Profit random min", "Profit random max", "Duration (days)"]}}]	11	1
1496	2026-03-31 21:41:18.66802+07	74	Drone Couva (M6SD7QK)	2	[{"changed": {"fields": ["Image"]}}]	11	1
1497	2026-03-31 21:42:21.421613+07	75	Drone Cayutz (MR03PDL)	2	[{"changed": {"fields": ["Name", "Price", "Specifications", "Profit random min", "Profit random max", "Duration (days)"]}}]	11	1
1498	2026-03-31 21:45:25.335074+07	76	Drone Cobalt (MS89484)	2	[{"changed": {"fields": ["Name", "Price", "Specifications", "Profit random min", "Profit random max", "Duration (days)"]}}]	11	1
1499	2026-03-31 21:46:34.692559+07	77	Drone Cichao (MOLS57N)	2	[{"changed": {"fields": ["Name", "Price", "Image", "Specifications", "Profit random min", "Profit random max", "Duration (days)"]}}]	11	1
1500	2026-03-31 21:47:05.750187+07	78	Dummy A2 (MSKDKS)	2	[{"changed": {"fields": ["Status"]}}]	11	1
1501	2026-03-31 21:47:16.620989+07	79	Dummy A2 (MSKJFASJ)	2	[{"changed": {"fields": ["Status"]}}]	11	1
1502	2026-03-31 21:47:41.957522+07	75	Drone Cayutz (MR03PDL)	2	[{"changed": {"fields": ["Image"]}}]	11	1
1503	2026-03-31 21:47:53.246953+07	76	Drone Cobalt (MS89484)	2	[{"changed": {"fields": ["Image"]}}]	11	1
1504	2026-03-31 21:49:36.915611+07	80	Drone Meleza (K80SDML)	2	[{"changed": {"fields": ["Name", "Price", "Image", "Specifications", "Profit random min", "Profit random max", "Duration (days)"]}}]	11	1
1505	2026-03-31 21:52:05.168849+07	81	Dummy A3 (KI55S63)	2	[{"changed": {"fields": ["Name", "Image", "Specifications", "Profit random min", "Profit random max", "Duration (days)"]}}]	11	1
1506	2026-03-31 21:52:27.213846+07	81	Drone Mouqou (KI55S63)	2	[{"changed": {"fields": ["Name"]}}]	11	1
1507	2026-03-31 21:54:06.075726+07	82	Drone Mophelia (K5S0M4S)	2	[{"changed": {"fields": ["Name", "Price", "Image", "Specifications", "Profit random min", "Profit random max", "Duration (days)"]}}]	11	1
1508	2026-03-31 21:54:57.73897+07	83	Drone Youdou (KSIIEMF)	2	[{"changed": {"fields": ["Name", "Price", "Image", "Specifications", "Profit random min", "Profit random max", "Duration (days)"]}}]	11	1
1509	2026-03-31 21:56:23.194597+07	84	Drone Yachie (K84MLA3)	2	[{"changed": {"fields": ["Name", "Price", "Image", "Specifications", "Profit random min", "Profit random max", "Duration (days)"]}}]	11	1
1510	2026-03-31 22:06:52.316388+07	85	Drone Yavier (KS96F30)	2	[{"changed": {"fields": ["Name", "Price", "Image", "Specifications", "Profit random min", "Profit random max", "Duration (days)"]}}]	11	1
1511	2026-03-31 22:13:51.300394+07	1	Referral Code: numbers_only/8	2	[{"changed": {"fields": ["Frontend url"]}}]	9	1
1512	2026-03-31 22:22:32.450949+07	1	Referral Code: numbers_only/8	2	[]	9	1
1513	2026-03-31 22:55:57.124444+07	15	Rank 12 - VIP 10 (requires 17895000)	2	[{"changed": {"fields": ["Title", "Missions required total"]}}]	10	1
1514	2026-03-31 22:59:41.533267+07	5	Rank 2 - VIP 1 (requires 0)	2	[{"changed": {"fields": ["Missions required total", "Downlines active required", "Deposit self total required"]}}]	10	1
1515	2026-03-31 22:59:41.53639+07	6	Rank 3 - VIP 2 (requires 0)	2	[{"changed": {"fields": ["Missions required total", "Downlines active required", "Deposit self total required"]}}]	10	1
1516	2026-03-31 22:59:41.537402+07	7	Rank 4 - VIP 3 (requires 0)	2	[{"changed": {"fields": ["Missions required total", "Downlines active required", "Deposit self total required"]}}]	10	1
1517	2026-03-31 22:59:41.537912+07	8	Rank 5 - VIP 4 (requires 0)	2	[{"changed": {"fields": ["Missions required total", "Downlines active required", "Deposit self total required"]}}]	10	1
1518	2026-03-31 22:59:41.537912+07	9	Rank 6 - VIP 5 (requires 0)	2	[{"changed": {"fields": ["Missions required total", "Downlines active required", "Deposit self total required"]}}]	10	1
1519	2026-03-31 22:59:41.539437+07	10	Rank 7 - VIP 6 (requires 0)	2	[{"changed": {"fields": ["Missions required total", "Downlines active required", "Deposit self total required"]}}]	10	1
1520	2026-03-31 22:59:41.539437+07	11	Rank 8 - VIP 7 (requires 0)	2	[{"changed": {"fields": ["Missions required total", "Downlines active required", "Deposit self total required"]}}]	10	1
1576	2026-04-01 19:20:49.70623+07	164	yuupi@gmail.com	2	[{"changed": {"fields": ["password"]}}]	8	1
1521	2026-03-31 22:59:41.54096+07	12	Rank 9 - VIP 8 (requires 0)	2	[{"changed": {"fields": ["Missions required total", "Downlines active required", "Deposit self total required"]}}]	10	1
1522	2026-03-31 22:59:41.54096+07	14	Rank 10 - VIP 9 (requires 0)	2	[{"changed": {"fields": ["Missions required total", "Downlines active required", "Deposit self total required"]}}]	10	1
1523	2026-03-31 22:59:41.542507+07	15	Rank 12 - VIP 10 (requires 0)	2	[{"changed": {"fields": ["Missions required total", "Downlines active required", "Deposit self total required"]}}]	10	1
1524	2026-03-31 23:00:06.624957+07	15	Rank 11 - VIP 10 (requires 0)	2	[{"changed": {"fields": ["Rank"]}}]	10	1
1525	2026-03-31 23:01:11.352754+07	16	Rank 12 - VIP 11 (requires 0)	1	[{"added": {}}]	10	1
1526	2026-03-31 23:02:04.999252+07	17	Rank 13 - VIP 12 (requires 0)	1	[{"added": {}}]	10	1
1527	2026-03-31 23:02:39.727097+07	18	Rank 14 - VIP 13 (requires 0)	1	[{"added": {}}]	10	1
1528	2026-03-31 23:03:33.54939+07	19	Rank 15 - VIP 14 (requires 0)	1	[{"added": {}}]	10	1
1529	2026-03-31 23:04:06.228113+07	20	Rank 16 - VIP 15 (requires 0)	1	[{"added": {}}]	10	1
1530	2026-03-31 23:09:12.256867+07	1	Referral Code: numbers_only/8	2	[]	9	1
1531	2026-03-31 23:14:40.136333+07	3	AttendanceSettings(id=3, active=True)	2	[{"changed": {"fields": ["Day 10 Reward", "Day 11 Reward", "Day 12 Reward", "Day 13 Reward", "Day 14 Reward"]}}]	16	1
1532	2026-03-31 23:15:41.724542+07	64	Anglomas Internasional Bank (AGL)	2	[{"changed": {"fields": ["Withdrawal fee", "Withdrawal fee fixed"]}}]	22	1
1533	2026-03-31 23:15:53.969161+07	65	Bank Agris (AGR)	2	[{"changed": {"fields": ["Withdrawal fee", "Withdrawal fee fixed"]}}]	22	1
1534	2026-03-31 23:16:54.166308+07	66	Bank Alfindo (Bank National Nobu) (ALFN)	2	[{"changed": {"fields": ["Withdrawal fee", "Withdrawal fee fixed"]}}]	22	1
1535	2026-03-31 23:17:01.865925+07	67	Bank ANZ Indonesia (ANZ)	2	[{"changed": {"fields": ["Withdrawal fee", "Withdrawal fee fixed"]}}]	22	1
1536	2026-03-31 23:28:57.779701+07	67	Bank ANZ Indonesia (ANZ)	2	[]	22	1
1537	2026-03-31 23:29:13.178179+07	69	Bank Artha Graha Internasional (ARGI)	2	[{"changed": {"fields": ["Withdrawal fee", "Withdrawal fee fixed"]}}]	22	1
1538	2026-03-31 23:29:21.95945+07	68	Bank Artha Niaga (ART)	2	[{"changed": {"fields": ["Withdrawal fee", "Withdrawal fee fixed"]}}]	22	1
1539	2026-03-31 23:29:29.614013+07	70	Bank Artos IND (ARTS)	2	[{"changed": {"fields": ["Withdrawal fee", "Withdrawal fee fixed"]}}]	22	1
1540	2026-03-31 23:29:38.614169+07	71	Bank BCA (BCA)	2	[{"changed": {"fields": ["Withdrawal fee", "Withdrawal fee fixed"]}}]	22	1
1541	2026-03-31 23:29:46.709663+07	72	Bank BCA Syariah (BCAS)	2	[{"changed": {"fields": ["Withdrawal fee", "Withdrawal fee fixed"]}}]	22	1
1542	2026-03-31 23:29:55.495918+07	73	Bank BJB Syariah (BJB)	2	[{"changed": {"fields": ["Withdrawal fee", "Withdrawal fee fixed"]}}]	22	1
1543	2026-03-31 23:30:04.053232+07	74	Bank BNI (BNI)	2	[{"changed": {"fields": ["Withdrawal fee", "Withdrawal fee fixed"]}}]	22	1
1544	2026-03-31 23:30:11.982391+07	75	Bank BNI Syariah (BNIS)	2	[{"changed": {"fields": ["Withdrawal fee", "Withdrawal fee fixed"]}}]	22	1
1545	2026-03-31 23:30:19.689329+07	76	Bank BNP Paribas Indonesia (BNPI)	2	[{"changed": {"fields": ["Withdrawal fee", "Withdrawal fee fixed"]}}]	22	1
1546	2026-03-31 23:30:33.113922+07	77	Bank BRI (BRI)	2	[{"changed": {"fields": ["Withdrawal fee", "Withdrawal fee fixed"]}}]	22	1
1547	2026-03-31 23:30:40.510746+07	78	Bank Bukopin (BKP)	2	[{"changed": {"fields": ["Withdrawal fee", "Withdrawal fee fixed"]}}]	22	1
1548	2026-03-31 23:30:47.912233+07	79	Bank CIMB Niaga (CIMB)	2	[{"changed": {"fields": ["Withdrawal fee", "Withdrawal fee fixed"]}}]	22	1
1549	2026-03-31 23:30:55.427935+07	80	Bank Danamon (DNM)	2	[{"changed": {"fields": ["Withdrawal fee", "Withdrawal fee fixed"]}}]	22	1
1550	2026-03-31 23:31:07.32246+07	81	Bank DBS Indonesia (DBS)	2	[{"changed": {"fields": ["Withdrawal fee", "Withdrawal fee fixed"]}}]	22	1
1551	2026-03-31 23:31:15.527249+07	82	Bank DKI (DKI)	2	[{"changed": {"fields": ["Withdrawal fee", "Withdrawal fee fixed"]}}]	22	1
1552	2026-03-31 23:31:23.711475+07	83	Bank Jatim (JTM)	2	[{"changed": {"fields": ["Withdrawal fee", "Withdrawal fee fixed"]}}]	22	1
1553	2026-03-31 23:31:32.441417+07	84	Bank Mandiri (MDR)	2	[{"changed": {"fields": ["Withdrawal fee", "Withdrawal fee fixed"]}}]	22	1
1554	2026-03-31 23:31:41.218867+07	85	Bank Maybank Indocorp (MYB)	2	[{"changed": {"fields": ["Withdrawal fee", "Withdrawal fee fixed"]}}]	22	1
1555	2026-03-31 23:31:49.37628+07	86	Bank Mayora Indonesia (MYR)	2	[{"changed": {"fields": ["Withdrawal fee", "Withdrawal fee fixed"]}}]	22	1
1556	2026-03-31 23:31:57.859267+07	87	Bank Mega (MGA)	2	[{"changed": {"fields": ["Withdrawal fee", "Withdrawal fee fixed"]}}]	22	1
1557	2026-03-31 23:32:05.839095+07	88	Bank OCBC NISP (OCBC)	2	[{"changed": {"fields": ["Withdrawal fee", "Withdrawal fee fixed"]}}]	22	1
1558	2026-03-31 23:32:14.478438+07	89	Bank Sinarmas (SNM)	2	[{"changed": {"fields": ["Withdrawal fee", "Withdrawal fee fixed"]}}]	22	1
1559	2026-03-31 23:32:22.371616+07	90	Bank Tabungan Negara (BTN)	2	[{"changed": {"fields": ["Withdrawal fee", "Withdrawal fee fixed"]}}]	22	1
1560	2026-03-31 23:32:29.949332+07	91	Bank Tabungan Pensiunan Nasional (BTPN)	2	[{"changed": {"fields": ["Withdrawal fee", "Withdrawal fee fixed"]}}]	22	1
1561	2026-03-31 23:32:38.181403+07	92	Bank UOB Indonesia (UOB)	2	[{"changed": {"fields": ["Withdrawal fee", "Withdrawal fee fixed"]}}]	22	1
1562	2026-03-31 23:32:46.025686+07	93	DANA (DANA)	2	[{"changed": {"fields": ["Withdrawal fee", "Withdrawal fee fixed"]}}]	22	1
1563	2026-03-31 23:32:52.682168+07	94	GOPAY (GOPAY)	2	[{"changed": {"fields": ["Withdrawal fee", "Withdrawal fee fixed"]}}]	22	1
1564	2026-03-31 23:33:02.622729+07	95	LINKAJA (LINKAJA)	2	[{"changed": {"fields": ["Withdrawal fee", "Withdrawal fee fixed"]}}]	22	1
1565	2026-03-31 23:33:10.283266+07	96	OVO (OVO)	2	[{"changed": {"fields": ["Withdrawal fee", "Withdrawal fee fixed"]}}]	22	1
1566	2026-03-31 23:33:18.450197+07	97	Permata Bank (PRM)	2	[{"changed": {"fields": ["Withdrawal fee", "Withdrawal fee fixed"]}}]	22	1
1567	2026-03-31 23:33:28.718604+07	98	SHOPEEPAY (SHP)	2	[{"changed": {"fields": ["Withdrawal fee", "Withdrawal fee fixed"]}}]	22	1
1568	2026-04-01 00:48:24.4612+07	59	+6281212121212 - DANA 123456	3		23	1
1569	2026-04-01 01:09:57.310427+07	73	Drone Czorto (MU7PL6A)	2	[{"changed": {"fields": ["Stock"]}}]	11	1
1570	2026-04-01 01:10:10.047786+07	73	Drone Czorto (MU7PL6A)	2	[{"changed": {"fields": ["Stock"]}}]	11	1
1571	2026-04-01 15:27:42.366709+07	1	2 (10)	2	[{"changed": {"fields": ["Balance"]}}]	42	1
1572	2026-04-01 15:41:39.673276+07	7	10000 (BALANCE)	2	[{"changed": {"fields": ["Name", "Prize type"]}}]	40	1
1573	2026-04-01 15:59:20.273005+07	1	2 (1000)	2	[{"changed": {"fields": ["Balance"]}}]	42	1
1574	2026-04-01 17:59:51.526331+07	1	RouletteSettings(active=True)	2	[]	41	1
1575	2026-04-01 19:20:25.401257+07	164	yuupi@gmail.com	2	[{"changed": {"fields": ["password"]}}]	8	1
1577	2026-04-01 22:14:12.147576+07	1	ProfitHolidaySettings(active=True)	1	[{"added": {}}]	45	1
1578	2026-04-02 18:09:05.763307+07	1	Referral Code: numbers_only/8	2	[]	9	1
1579	2026-04-02 18:13:34.782967+07	3	AttendanceSettings(id=3, active=True)	2	[]	16	1
1580	2026-04-02 18:50:03.658327+07	6	Empty (NONE)	2	[{"changed": {"fields": ["Name", "Description"]}}]	40	1
1581	2026-04-02 18:50:30.708171+07	8	Oops! (NONE)	2	[{"changed": {"fields": ["Name"]}}]	40	1
1582	2026-04-02 18:50:49.491523+07	9	1000 (BALANCE)	2	[{"changed": {"fields": ["Name"]}}]	40	1
1583	2026-04-02 18:51:00.313436+07	9	100000 (BALANCE)	2	[{"changed": {"fields": ["Name"]}}]	40	1
1584	2026-04-02 18:51:13.954414+07	7	5000 (BALANCE)	2	[{"changed": {"fields": ["Name", "Amount"]}}]	40	1
1585	2026-04-02 18:51:49.747543+07	9	10000 (BALANCE)	2	[{"changed": {"fields": ["Name", "Description", "Amount"]}}]	40	1
1586	2026-04-02 18:56:08.506937+07	10	2000 (BALANCE)	2	[{"changed": {"fields": ["Name"]}}]	40	1
1587	2026-04-02 18:56:22.986824+07	11	3000 (BALANCE)	2	[{"changed": {"fields": ["Name"]}}]	40	1
1588	2026-04-02 18:56:37.447383+07	12	5000 (BALANCE)	2	[{"changed": {"fields": ["Name"]}}]	40	1
1589	2026-04-02 18:57:16.961267+07	13	15000 (BALANCE)	2	[{"changed": {"fields": ["Name", "Description", "Amount"]}}]	40	1
1590	2026-04-02 18:57:51.88416+07	14	20000 (BALANCE)	2	[{"changed": {"fields": ["Name"]}}]	40	1
1591	2026-04-02 18:58:28.78821+07	15	50000 (BALANCE)	2	[{"changed": {"fields": ["Name"]}}]	40	1
1592	2026-04-02 18:58:49.005219+07	16	100000 (BALANCE)	2	[{"changed": {"fields": ["Name"]}}]	40	1
1593	2026-04-02 19:00:54.736258+07	10	2000 (BALANCE)	2	[{"changed": {"fields": ["Weight"]}}]	40	1
1594	2026-04-02 19:01:07.242432+07	16	100000 (BALANCE)	2	[{"changed": {"fields": ["Weight"]}}]	40	1
1595	2026-04-02 19:02:43.010933+07	17	150000 (BALANCE)	2	[{"changed": {"fields": ["Name", "Description", "Amount", "Weight"]}}]	40	1
1596	2026-04-02 19:02:54.221285+07	6	Empty (NONE)	2	[{"changed": {"fields": ["Weight"]}}]	40	1
1597	2026-04-02 19:03:06.648492+07	16	100000 (BALANCE)	2	[{"changed": {"fields": ["Weight"]}}]	40	1
1598	2026-04-02 19:03:13.482322+07	6	Empty (NONE)	2	[{"changed": {"fields": ["Weight"]}}]	40	1
1599	2026-04-02 19:18:36.796453+07	6	Sorry! (NONE)	2	[{"changed": {"fields": ["Name"]}}]	40	1
1600	2026-04-02 19:19:31.763181+07	15	50000 (BALANCE)	2	[{"changed": {"fields": ["Weight"]}}]	40	1
1601	2026-04-02 19:19:39.511081+07	6	Sorry! (NONE)	2	[{"changed": {"fields": ["Weight"]}}]	40	1
1602	2026-04-02 19:21:30.086522+07	1	RouletteSettings(active=True)	2	[]	41	1
1603	2026-04-02 19:46:59.976306+07	170	kaya@gmail.com	3		8	1
1604	2026-04-02 20:41:11.211417+07	15	TEST123 (fixed)	2	[{"changed": {"fields": ["Usage limit"]}}]	18	1
1605	2026-04-02 20:58:07.406929+07	159	user_mmhl3ozz_8h2f1p@example.com	3		8	1
1606	2026-04-03 08:51:04.559885+07	16	TEST (fixed)	1	[{"added": {}}]	18	1
1607	2026-04-03 08:51:46.628199+07	16	TEST (random)	2	[{"changed": {"fields": ["Type"]}}]	18	1
1608	2026-04-03 08:54:46.312331+07	63	+6289191919191 - Bank Artos IND 33232323232	3		23	1
1609	2026-04-03 08:54:46.319965+07	62	+6281808368210 - Bank Tabungan Pensiunan Nasional 43346464640	3		23	1
1610	2026-04-03 08:54:46.320479+07	61	+6280123456789 - Bank Artha Graha Internasional 98374983749874	3		23	1
1611	2026-04-03 08:54:46.320479+07	60	+6281212121212 - Anglomas Internasional Bank 121231231	3		23	1
1612	2026-04-03 08:54:46.320479+07	58	+6289595959595 - Bank Agris 423423	3		23	1
1613	2026-04-03 09:13:42.090986+07	73	Drone Czorto (MU7PL6A)	2	[{"changed": {"fields": ["Stock"]}}]	11	1
1614	2026-04-03 09:15:18.176093+07	80	Drone Meleza (K80SDML)	2	[{"changed": {"fields": ["Stock"]}}]	11	1
1615	2026-04-03 09:15:50.251841+07	80	Drone Meleza (K80SDML)	2	[]	11	1
1616	2026-04-03 09:17:15.494027+07	25	Drone Arundala (U7S9DFF)	2	[]	11	1
1617	2026-04-03 09:17:41.911392+07	73	Drone Czorto (MU7PL6A)	2	[{"changed": {"fields": ["Stock"]}}]	11	1
1618	2026-04-03 09:30:50.419927+07	169	test@gmail.com	2	[{"changed": {"fields": ["Rank"]}}]	8	1
1619	2026-04-03 09:31:12.059801+07	169	test@gmail.com	2	[{"changed": {"fields": ["Rank"]}}]	8	1
1620	2026-04-03 09:31:26.41284+07	169	test@gmail.com	2	[{"changed": {"fields": ["Rank"]}}]	8	1
1621	2026-04-03 09:33:32.896064+07	169	test@gmail.com	2	[{"changed": {"fields": ["Rank"]}}]	8	1
1622	2026-04-03 09:53:42.647982+07	172	testt@gmail.com	2	[{"changed": {"fields": ["Balance deposit"]}}]	8	1
1623	2026-04-03 09:56:00.601563+07	169	test@gmail.com	2	[{"changed": {"fields": ["Rank"]}}]	8	1
1624	2026-04-03 09:57:01.600128+07	172	testt@gmail.com	2	[{"changed": {"fields": ["Balance deposit"]}}]	8	1
1625	2026-04-03 10:12:43.003408+07	174	testttt@gmail.com	2	[{"changed": {"fields": ["Balance deposit"]}}]	8	1
1626	2026-04-03 10:13:56.169964+07	174	testttt@gmail.com	2	[{"changed": {"fields": ["Balance deposit"]}}]	8	1
1627	2026-04-03 10:18:31.446644+07	175	testtttttt@gmail.com	2	[{"changed": {"fields": ["Balance deposit"]}}]	8	1
1628	2026-04-03 10:23:11.880086+07	176	testtt@gmail.com	2	[{"changed": {"fields": ["Balance deposit"]}}]	8	1
1629	2026-04-03 10:30:59.337743+07	1	Referral Code: numbers_only/8	2	[{"changed": {"fields": ["Frontend url"]}}]	9	1
1630	2026-04-03 10:33:52.285111+07	25	Drone Arundala (U7S9DFF)	2	[{"changed": {"fields": ["Purchase rebate level 2"]}}]	11	1
1631	2026-04-03 10:34:00.48879+07	26	Drone Amythis (U9SODWK)	2	[{"changed": {"fields": ["Purchase rebate level 2"]}}]	11	1
1632	2026-04-03 10:34:08.361586+07	27	Drone Aqriac (U1IS3MD)	2	[{"changed": {"fields": ["Purchase rebate level 2"]}}]	11	1
1633	2026-04-03 10:34:15.975878+07	27	Drone Aqriac (U1IS3MD)	2	[]	11	1
1634	2026-04-03 10:34:24.812387+07	27	Drone Aqriac (U1IS3MD)	2	[]	11	1
1635	2026-04-03 10:34:31.343492+07	25	Drone Arundala (U7S9DFF)	2	[]	11	1
1636	2026-04-03 10:34:36.956528+07	26	Drone Amythis (U9SODWK)	2	[]	11	1
1637	2026-04-03 10:34:42.26878+07	27	Drone Aqriac (U1IS3MD)	2	[]	11	1
1638	2026-04-03 10:34:51.114854+07	28	Drone Alouz (U0M3KDX)	2	[{"changed": {"fields": ["Purchase rebate level 2"]}}]	11	1
1639	2026-04-03 10:35:03.499541+07	29	Drone Avurpa (U3MLZTY)	2	[{"changed": {"fields": ["Purchase rebate level 2"]}}]	11	1
1640	2026-04-03 10:35:10.929821+07	29	Drone Avurpa (U3MLZTY)	2	[]	11	1
1641	2026-04-03 10:35:21.690756+07	71	Drone Aterio (U5MLSKI)	2	[{"changed": {"fields": ["Purchase rebate level 2"]}}]	11	1
1642	2026-04-03 10:37:37.851553+07	1	ProfitHolidaySettings(active=False)	2	[{"changed": {"fields": ["Is active", "Extend duration on holidays"]}}]	45	1
1643	2026-04-03 10:38:00.003836+07	1	ProfitHolidaySettings(active=True)	2	[{"changed": {"fields": ["Is active"]}}]	45	1
1644	2026-04-03 10:50:15.640144+07	178	testbersih@gmail.com	2	[{"changed": {"fields": ["Balance deposit"]}}]	8	1
1645	2026-04-03 11:08:00.120242+07	178	testbersih@gmail.com	2	[{"changed": {"fields": ["Balance deposit"]}}]	8	1
1646	2026-04-03 11:08:32.926281+07	178	testbersih@gmail.com	2	[{"changed": {"fields": ["Balance deposit"]}}]	8	1
1647	2026-04-03 11:08:52.99779+07	80	Drone Meleza (K80SDML)	2	[{"changed": {"fields": ["Stock"]}}]	11	1
1648	2026-04-03 11:11:58.722333+07	169	test@gmail.com	2	[{"changed": {"fields": ["Rank"]}}]	8	1
1649	2026-04-03 14:54:41.512146+07	107	DEP-20260403145421-EACE65 - JAYAPAY - 178	2	[{"changed": {"fields": ["Status"]}}]	29	1
1650	2026-04-03 14:57:19.792152+07	178	testbersih@gmail.com	2	[{"changed": {"fields": ["Rank"]}}]	8	1
1651	2026-04-03 15:04:17.540894+07	178	testbersih@gmail.com	2	[{"changed": {"fields": ["Rank"]}}]	8	1
1652	2026-04-03 15:06:16.212595+07	178	testbersih@gmail.com	2	[{"changed": {"fields": ["Rank"]}}]	8	1
1653	2026-04-03 15:11:40.286666+07	32	ChatThread(user=178, closed=False)	2	[{"added": {"name": "support chat message", "object": "Msg(thread=32, sender=ADMIN, at=2026-04-03 08:11:40.285142+00:00)"}}]	33	1
1654	2026-04-03 15:20:52.851651+07	179	testbersih2@gmail.com	2	[{"changed": {"fields": ["Balance deposit"]}}]	8	1
1655	2026-04-03 15:22:42.120451+07	179	testbersih2@gmail.com	2	[{"changed": {"fields": ["Balance deposit"]}}]	8	1
1656	2026-04-03 16:39:39.844693+07	1	Referral Code: numbers_only/8	2	[{"changed": {"fields": ["Referral daily invite limit"]}}]	9	1
1657	2026-04-03 19:30:44.29109+07	32	ChatThread(user=178, closed=False)	3		33	1
1658	2026-04-03 19:30:44.319434+07	31	ChatThread(user=153, closed=False)	3		33	1
1659	2026-04-03 19:30:44.319434+07	30	ChatThread(user=153, closed=False)	3		33	1
1660	2026-04-03 19:30:44.320992+07	29	ChatThread(user=2, closed=False)	3		33	1
1661	2026-04-03 19:30:44.320992+07	28	ChatThread(user=2, closed=True)	3		33	1
1662	2026-04-03 19:30:44.322526+07	27	ChatThread(user=149, closed=False)	3		33	1
1663	2026-04-03 19:30:44.322526+07	26	ChatThread(user=148, closed=False)	3		33	1
1664	2026-04-03 19:30:44.324121+07	25	ChatThread(user=148, closed=False)	3		33	1
1665	2026-04-03 19:31:32.010379+07	33	ChatThread(user=178, closed=False)	2	[{"added": {"name": "support chat message", "object": "Msg(thread=33, sender=ADMIN, at=2026-04-03 12:31:32.008853+00:00)"}}]	33	1
1666	2026-04-03 20:56:08.893544+07	34	ChatThread(user=173, closed=False)	2	[{"added": {"name": "support chat message", "object": "Msg(thread=34, sender=ADMIN, at=2026-04-03 13:56:08.891975+00:00)"}}]	33	1
1667	2026-04-03 21:00:17.538597+07	34	ChatThread(user=173, closed=False)	2	[{"added": {"name": "support chat message", "object": "Msg(thread=34, sender=ADMIN, at=2026-04-03 14:00:17.537044+00:00)"}}]	33	1
1668	2026-04-03 21:54:14.006332+07	33	ChatThread(user=178, closed=False)	2	[{"added": {"name": "support chat message", "object": "Msg(thread=33, sender=ADMIN, at=2026-04-03 14:54:14.004787+00:00)"}}]	33	1
1669	2026-04-03 22:23:48.032436+07	180	tesref1@gmail.com	2	[{"changed": {"fields": ["Balance deposit"]}}]	8	1
1670	2026-04-03 22:25:58.155245+07	108	DEP-20260403222537-1CCFF4 - JAYAPAY - 180	2	[{"changed": {"fields": ["Status"]}}]	29	1
1671	2026-04-03 22:26:25.028+07	180	tesref1@gmail.com	2	[{"changed": {"fields": ["Balance deposit"]}}]	8	1
1672	2026-04-03 22:29:23.115615+07	109	DEP-20260403222855-43D00E - JAYAPAY - 180	2	[{"changed": {"fields": ["Status"]}}]	29	1
1673	2026-04-03 22:34:24.538517+07	181	tesref2@gmail.com	2	[{"changed": {"fields": ["Balance deposit"]}}]	8	1
1674	2026-04-03 22:38:13.585784+07	178	testbersih@gmail.com	2	[{"changed": {"fields": ["Rank"]}}]	8	1
1675	2026-04-03 22:43:06.21129+07	61	+62895403400600 - 25000.00 (REJECTED)	2	[{"changed": {"fields": ["Status"]}}]	27	1
1676	2026-04-03 22:44:24.123169+07	64	+62895403400600 - 25000.00 (PROCESSING)	2	[{"changed": {"fields": ["Status"]}}]	27	1
1677	2026-04-03 22:44:39.788371+07	64	+62895403400600 - 25000.00 (COMPLETED)	2	[{"changed": {"fields": ["Status"]}}]	27	1
1678	2026-04-03 22:49:48.189678+07	111	DEP-20260403224919-048BBD - JAYAPAY - 178	2	[{"changed": {"fields": ["Status"]}}]	29	1
1679	2026-04-04 08:56:15.240544+07	1	Referral Code: upper/6	2	[{"changed": {"fields": ["Referral code case", "Referral code length", "Referral code pattern", "Referral daily invite limit"]}}]	9	1
1680	2026-04-04 08:58:35.63626+07	3	AttendanceSettings(id=3, active=True)	2	[]	16	1
1681	2026-04-04 09:00:26.008202+07	22	Selamat Bergabung di SENT	2	[]	31	1
1682	2026-04-04 09:00:34.251474+07	21	Pemberitahuan Resmi Keamanan Layanan SENT	2	[]	31	1
1683	2026-04-04 09:27:12.463087+07	13	15000 (BALANCE)	2	[{"changed": {"fields": ["Weight"]}}]	40	1
1684	2026-04-04 09:27:18.68707+07	6	Sorry! (NONE)	2	[{"changed": {"fields": ["Weight"]}}]	40	1
1685	2026-04-04 09:27:35.666011+07	11	3000 (BALANCE)	2	[{"changed": {"fields": ["Weight"]}}]	40	1
1686	2026-04-04 09:27:44.188232+07	6	Sorry! (NONE)	2	[{"changed": {"fields": ["Weight"]}}]	40	1
1687	2026-04-04 09:28:12.238135+07	10	2000 (BALANCE)	2	[{"changed": {"fields": ["Weight"]}}]	40	1
1688	2026-04-04 09:28:23.531746+07	8	Oops! (NONE)	2	[{"changed": {"fields": ["Weight"]}}]	40	1
1689	2026-04-04 09:28:42.360986+07	12	500 (BALANCE)	2	[{"changed": {"fields": ["Name", "Description", "Amount"]}}]	40	1
1690	2026-04-04 10:15:51.419648+07	65	+6281808368210 - 25000.00 (PENDING)	3		27	1
1691	2026-04-04 10:15:51.427287+07	63	+6289191919191 - 89000.00 (PENDING)	3		27	1
1692	2026-04-04 10:15:51.428818+07	62	+6289191919191 - 98111.00 (PENDING)	3		27	1
1693	2026-04-04 10:15:51.428818+07	60	+6281123456789 - 259120.00 (PENDING)	3		27	1
1694	2026-04-04 10:15:51.430335+07	57	+6289595959595 - 100000.00 (PENDING)	3		27	1
1695	2026-04-04 10:16:13.113801+07	112	DEP-20260404101228-F9E39F - JAYAPAY - 191	2	[{"changed": {"fields": ["Status"]}}]	29	1
1696	2026-04-04 10:16:35.456922+07	191	a1@gmail.com	2	[{"changed": {"fields": ["Balance deposit"]}}]	8	1
1697	2026-04-04 10:29:07.155551+07	73	Drone Czorto (MU7PL6A)	2	[{"changed": {"fields": ["Stock"]}}]	11	1
1698	2026-04-04 10:30:37.073402+07	80	Drone Meleza (K80SDML)	2	[{"changed": {"fields": ["Stock"]}}]	11	1
1699	2026-04-04 10:31:24.692258+07	114	DEP-20260404103102-5C3377 - JAYAPAY - 191	2	[{"changed": {"fields": ["Status"]}}]	29	1
1700	2026-04-04 10:31:38.048707+07	115	DEP-20260404103108-0AE169 - JAYAPAY - 191	2	[{"changed": {"fields": ["Status"]}}]	29	1
1701	2026-04-04 10:40:46.314183+07	191	a1@gmail.com	2	[{"changed": {"fields": ["Balance deposit"]}}]	8	1
1702	2026-04-04 11:05:33.751643+07	191	a1@gmail.com	2	[{"changed": {"fields": ["Rank"]}}]	8	1
1703	2026-04-04 11:06:05.343442+07	191	a1@gmail.com	2	[{"changed": {"fields": ["Rank"]}}]	8	1
1704	2026-04-04 11:09:24.125204+07	192	a2@gmail.com	2	[{"changed": {"fields": ["Balance deposit"]}}]	8	1
1705	2026-04-04 11:11:41.598347+07	117	DEP-20260404110836-BB007D - JAYAPAY - 192	2	[{"changed": {"fields": ["Status"]}}]	29	1
1706	2026-04-04 11:24:59.500026+07	118	DEP-20260404112345-BB199A - JAYAPAY - 193	2	[{"changed": {"fields": ["Status"]}}]	29	1
1707	2026-04-04 11:25:45.99831+07	193	a3@gmail.com	2	[{"changed": {"fields": ["Balance deposit"]}}]	8	1
1708	2026-04-04 11:31:23.704728+07	119	DEP-20260404113108-5BD722 - JAYAPAY - 194	2	[{"changed": {"fields": ["Status"]}}]	29	1
1709	2026-04-04 11:31:39.093451+07	194	a4@gmail.com	2	[{"changed": {"fields": ["Balance deposit"]}}]	8	1
1710	2026-04-04 11:37:13.05466+07	120	DEP-20260404113651-01F832 - JAYAPAY - 195	2	[{"changed": {"fields": ["Status"]}}]	29	1
1711	2026-04-04 11:37:24.427106+07	195	a5@gmail.com	2	[{"changed": {"fields": ["Balance deposit"]}}]	8	1
1712	2026-04-04 11:37:53.586298+07	121	DEP-20260404113734-9B5023 - JAYAPAY - 191	2	[{"changed": {"fields": ["Status"]}}]	29	1
1713	2026-04-04 11:38:18.473623+07	191	a1@gmail.com	2	[{"changed": {"fields": ["Balance deposit"]}}]	8	1
1714	2026-04-04 11:47:49.770751+07	198	a8@gmail.com	2	[{"changed": {"fields": ["Balance deposit"]}}]	8	1
1715	2026-04-04 11:48:31.529977+07	122	DEP-20260404114815-285B34 - JAYAPAY - 198	2	[{"changed": {"fields": ["Status"]}}]	29	1
1716	2026-04-04 11:51:58.713694+07	199	a9@gmail.com	2	[{"changed": {"fields": ["Balance deposit"]}}]	8	1
1717	2026-04-04 11:52:51.247369+07	123	DEP-20260404115241-256674 - JAYAPAY - 199	2	[{"changed": {"fields": ["Status"]}}]	29	1
1718	2026-04-04 12:04:09.107173+07	66	+6282122425470 - 25000.00 (COMPLETED)	2	[{"changed": {"fields": ["Status"]}}]	26	1
1719	2026-04-04 12:04:18.060999+07	67	+6282122425470 - 70000.00 (REJECTED)	2	[{"changed": {"fields": ["Status"]}}]	26	1
1720	2026-04-04 12:04:27.011148+07	68	+6282122425470 - 35000.00 (PROCESSING)	2	[{"changed": {"fields": ["Status"]}}]	26	1
1721	2026-04-04 12:06:48.011566+07	68	+6282122425470 - 35000.00 (REJECTED)	2	[{"changed": {"fields": ["Status"]}}]	26	1
1722	2026-04-04 14:04:03.841351+07	1	Gateway Settings (default=BALANCE_DEPOSIT)	2	[{"changed": {"fields": ["Min deposit amount", "Max deposit amount"]}}]	28	1
1723	2026-04-04 14:51:55.200262+07	35	ChatThread(user=191, closed=False)	2	[{"added": {"name": "support chat message", "object": "Msg(thread=35, sender=ADMIN, at=2026-04-04 07:51:55.200262+00:00)"}}]	33	1
1724	2026-04-04 14:54:07.316898+07	191	a1@gmail.com	2	[{"changed": {"fields": ["Balance deposit"]}}]	8	1
1725	2026-04-04 14:54:51.746193+07	124	DEP-20260404145333-0BD737 - JAYAPAY - 191	2	[{"changed": {"fields": ["Status"]}}]	29	1
1726	2026-04-04 14:56:58.13832+07	125	DEP-20260404145638-141CC5 - JAYAPAY - 191	2	[{"changed": {"fields": ["Status"]}}]	29	1
1727	2026-04-04 15:00:44.989602+07	17	TEST111 (fixed)	1	[{"added": {}}]	18	1
1728	2026-04-04 15:01:38.60616+07	18	TEST12 (fixed)	1	[{"added": {}}]	18	1
1729	2026-04-04 15:04:52.632348+07	192	a2@gmail.com	2	[{"changed": {"fields": ["Balance deposit"]}}]	8	1
1730	2026-04-04 15:56:00.673078+07	1	Gateway Settings (default=BALANCE_DEPOSIT)	2	[{"changed": {"fields": ["Min deposit amount"]}}]	28	1
1731	2026-04-04 15:59:24.912427+07	3212	DEP-20260404145638-141CC5 - +6282122425470	2	[{"changed": {"fields": ["Status"]}}]	12	1
1732	2026-04-05 12:07:06.728116+07	128	DEP-20260405120645-6EEB03 - JAYAPAY - 203	2	[{"changed": {"fields": ["Status"]}}]	29	1
1733	2026-04-05 12:11:14.250982+07	191	a1@gmail.com	2	[{"changed": {"fields": ["Balance deposit"]}}]	8	1
1734	2026-04-05 13:15:58.166022+07	191	a1@gmail.com	2	[{"changed": {"fields": ["Balance deposit"]}}]	8	1
\.


--
-- Data for Name: django_content_type; Type: TABLE DATA; Schema: public; Owner: postgres
--

COPY public.django_content_type (id, app_label, model) FROM stdin;
1	admin	logentry
2	auth	permission
3	auth	group
4	contenttypes	contenttype
5	sessions	session
6	authtoken	token
7	authtoken	tokenproxy
8	accounts	user
9	accounts	generalsetting
10	accounts	ranklevel
11	products	product
12	products	transaction
13	products	investment
14	products	claimhistory
15	products	userproductpurchase
16	attendance	attendancesettings
17	attendance	attendancelog
18	vouchers	voucher
19	vouchers	voucherusage
20	missions	mission
21	missions	missionuserstate
22	banks	bank
23	banks	userbank
24	banks	banksettings
25	withdrawal	withdrawalsettings
26	withdrawal	withdrawal
27	withdrawal	withdrawaljayapay
28	deposits	gatewaysettings
29	deposits	deposit
30	support	supportlink
31	news	news
32	withdrawal	jayapaywithdrawal
33	support	supportchatthread
34	support	supportchatmessage
35	accounts	useraddress
36	accounts	phoneotp
37	accounts	admindecodetool
38	withdrawal	withdrawalservice
39	attendance	attendancebonusclaim
40	roulette	rouletteprize
41	roulette	roulettesettings
42	roulette	rouletteticketwallet
43	roulette	rouletteticketledger
44	roulette	roulettespin
45	products	profitholidaysettings
\.


--
-- Data for Name: django_migrations; Type: TABLE DATA; Schema: public; Owner: postgres
--

COPY public.django_migrations (id, app, name, applied) FROM stdin;
1	contenttypes	0001_initial	2025-11-09 22:40:00.921016+07
2	contenttypes	0002_remove_content_type_name	2025-11-09 22:40:00.926634+07
3	auth	0001_initial	2025-11-09 22:40:00.961557+07
4	auth	0002_alter_permission_name_max_length	2025-11-09 22:40:00.96615+07
5	auth	0003_alter_user_email_max_length	2025-11-09 22:40:00.970816+07
6	auth	0004_alter_user_username_opts	2025-11-09 22:40:00.976004+07
7	auth	0005_alter_user_last_login_null	2025-11-09 22:40:00.981478+07
8	auth	0006_require_contenttypes_0002	2025-11-09 22:40:00.983696+07
9	auth	0007_alter_validators_add_error_messages	2025-11-09 22:40:00.988256+07
10	auth	0008_alter_user_username_max_length	2025-11-09 22:40:00.993113+07
11	auth	0009_alter_user_last_name_max_length	2025-11-09 22:40:00.997935+07
12	auth	0010_alter_group_name_max_length	2025-11-09 22:40:01.003784+07
13	auth	0011_update_proxy_permissions	2025-11-09 22:40:01.010734+07
14	auth	0012_alter_user_first_name_max_length	2025-11-09 22:40:01.016136+07
15	accounts	0001_initial	2025-11-09 22:40:01.068423+07
16	accounts	0002_alter_user_rank	2025-11-09 22:40:01.098872+07
17	accounts	0003_generalsetting	2025-11-09 22:40:01.10812+07
18	accounts	0004_generalsetting_referral_code_pattern	2025-11-09 22:40:01.112465+07
19	accounts	0005_ranklevel	2025-11-09 22:40:01.121559+07
20	admin	0001_initial	2025-11-09 22:40:01.14111+07
21	admin	0002_logentry_remove_auto_add	2025-11-09 22:40:01.147723+07
22	admin	0003_logentry_add_action_flag_choices	2025-11-09 22:40:01.155352+07
23	attendance	0001_initial	2025-11-09 22:40:01.164201+07
24	attendance	0002_attendancelog_and_more	2025-11-09 22:40:01.187498+07
25	attendance	0003_attendancesettings_rank_rewards_and_more	2025-11-09 22:40:01.198398+07
26	authtoken	0001_initial	2025-11-09 22:40:01.214907+07
27	authtoken	0002_auto_20160226_1747	2025-11-09 22:40:01.235777+07
28	authtoken	0003_tokenproxy	2025-11-09 22:40:01.239694+07
29	authtoken	0004_alter_tokenproxy_options	2025-11-09 22:40:01.246228+07
30	banks	0001_initial	2025-11-09 22:40:01.284033+07
31	banks	0002_alter_userbank_unique_together_and_more	2025-11-09 22:40:01.30631+07
32	banks	0003_banksettings_remove_userbank_unique_user_bank_and_more	2025-11-09 22:40:01.391395+07
33	products	0001_initial	2025-11-09 22:40:01.45463+07
34	products	0002_investment	2025-11-09 22:40:01.483187+07
35	deposits	0001_initial	2025-11-09 22:40:01.592607+07
36	deposits	0002_gateway_extra_fields	2025-11-09 22:40:01.615379+07
37	missions	0001_initial	2025-11-09 22:40:01.684381+07
38	missions	0002_mission_title	2025-11-09 22:40:01.695329+07
39	news	0001_initial	2025-11-09 22:40:01.719823+07
40	news	0002_news_image	2025-11-09 22:40:01.728004+07
41	products	0003_remove_product_max_investment_and_more	2025-11-09 22:40:01.745533+07
42	products	0004_add_purchase_commission_type	2025-11-09 22:40:01.767686+07
43	products	0005_alter_transaction_type	2025-11-09 22:40:01.787178+07
44	products	0006_alter_transaction_status	2025-11-09 22:40:01.802476+07
45	products	0007_add_earned_transaction_type	2025-11-09 22:40:01.820975+07
46	products	0008_remove_earned_transaction_type	2025-11-09 22:40:01.861708+07
47	products	0009_investment_claims_count_investment_claims_remaining_and_more	2025-11-09 22:40:02.006374+07
48	products	0010_product_cashback_enabled_product_cashback_percentage	2025-11-09 22:40:02.027012+07
49	products	0011_alter_transaction_type	2025-11-09 22:40:02.050567+07
50	products	0012_product_custom_field_10_content_and_more	2025-11-09 22:40:02.160539+07
51	products	0013_change_image_field_to_imagefield	2025-11-09 22:40:02.165451+07
52	products	0014_product_max_purchase_count_userproductpurchase	2025-11-09 22:40:02.216473+07
53	products	0015_remove_product_custom_fields_and_more	2025-11-09 22:40:02.226186+07
54	sessions	0001_initial	2025-11-09 22:40:02.246605+07
55	support	0001_initial	2025-11-09 22:40:02.260534+07
56	vouchers	0001_initial	2025-11-09 22:40:02.31953+07
57	vouchers	0002_voucher_min_amount_voucher_rank_rewards_and_more	2025-11-09 22:40:02.344225+07
58	withdrawal	0001_initial	2025-11-09 22:40:02.403217+07
59	withdrawal	0002_withdrawalsettings_balance_source	2025-11-09 22:40:02.41567+07
60	withdrawal	0003_withdrawal_transaction	2025-11-09 22:40:02.438281+07
61	withdrawal	0004_withdrawaljayapay	2025-11-09 22:40:02.444165+07
62	products	0016_remove_product_custom_fields_and_more	2025-11-10 00:29:12.063448+07
63	withdrawal	0005_jayapaywithdrawal	2025-11-10 13:43:56.710776+07
64	accounts	0006_user_withdraw_pin	2025-11-26 20:46:09.817625+07
65	accounts	0007_generalsetting_auto_login_on_register	2025-11-26 20:46:09.974738+07
66	accounts	0008_generalsetting_rank_policy	2025-11-26 20:46:10.184847+07
67	accounts	0009_generalsetting_rank_basis_flags	2025-11-26 20:46:10.461921+07
68	news	0003_fix_sequence_news_id	2025-11-26 20:46:10.585988+07
69	products	0017_product_require_upline_ownership_for_commissions	2025-11-26 20:46:10.967674+07
70	products	0018_investment_profit_random_max_and_more	2025-11-26 20:46:11.214645+07
71	support	0002_supportchatthread_supportchatmessage	2025-11-26 20:46:11.605109+07
72	support	0003_supportlink_icon	2025-11-26 20:46:11.693711+07
73	withdrawal	0006_withdrawalsettings_require_pin	2025-11-26 20:46:11.843505+07
74	accounts	0010_generalsetting_registration_bonus_amount_and_more	2025-12-01 13:49:43.658689+07
75	products	0019_add_transaction_indexes	2025-12-08 01:08:27.124044+07
76	products	0020_alter_product_price_alter_product_profit_random_max_and_more	2025-12-08 10:40:21.214402+07
77	products	0021_alter_investment_profit_random_max_and_more	2025-12-08 10:42:55.646964+07
78	withdrawal	0007_withdrawalsettings_require_active_investment	2026-01-07 19:12:11.123684+07
79	accounts	0011_useraddress	2026-01-09 03:06:53.181498+07
80	products	0022_alter_investment_claim_reset_mode_and_more	2026-01-11 19:33:24.710739+07
81	accounts	0012_alter_ranklevel_rank	2026-01-11 20:50:07.735374+07
82	attendance	0004_attendancesettings_daily_cycle_days_and_more	2026-01-12 00:48:49.815343+07
83	accounts	0013_user_last_login_ip	2026-01-12 20:04:33.264466+07
84	accounts	0014_phoneotp_generalsetting_otp_enabled_and_more	2026-01-13 13:41:27.9432+07
85	accounts	0015_generalsetting_whatsapp_check	2026-01-13 17:29:01.584738+07
86	accounts	0016_phoneotp_verification_id_alter_phoneotp_otp_code	2026-01-14 00:23:30.972408+07
87	accounts	0017_generalsetting_verifynow_api_key_and_more	2026-01-14 00:28:01.152585+07
88	vouchers	0003_voucher_start_at	2026-02-12 15:23:57.733437+07
89	vouchers	0004_voucher_claim_mode	2026-02-12 15:44:12.245018+07
90	accounts	0018_admindecodetool	2026-02-12 18:48:05.181317+07
91	missions	0003_alter_mission_created_at_alter_mission_description_and_more	2026-02-12 18:48:05.218302+07
92	vouchers	0005_voucher_is_daily_claim	2026-02-12 18:48:05.244734+07
93	accounts	0012_generalsetting_require_withdraw_pin_on_register	2026-02-16 01:02:17.177531+07
94	accounts	0019_merge_20260216_0102	2026-02-16 01:02:17.182101+07
95	accounts	0020_generalsetting_require_withdraw_pin_on_purchase	2026-02-16 01:54:42.27465+07
96	withdrawal	0008_withdrawalservice_withdrawal_withdrawal_service	2026-02-16 14:31:35.056626+07
97	withdrawal	0009_seed_default_withdrawal_services	2026-02-16 14:37:54.444434+07
98	products	0023_investment_principal_returned_and_more	2026-02-18 02:05:24.96472+07
99	products	0024_alter_transaction_type	2026-02-18 02:10:26.605818+07
100	products	0025_product_qualify_as_active_investment	2026-02-18 20:39:25.073088+07
101	accounts	0020_generalsetting_rank_use_deposit_self_total	2026-03-06 14:11:33.21713+07
102	accounts	0021_merge_20260306_1412	2026-03-06 14:11:33.235346+07
103	products	0026_product_rank_requirements	2026-03-06 14:24:43.238794+07
104	accounts	0022_user_balance_hold	2026-03-06 14:47:56.374796+07
105	accounts	0023_alter_generalsetting_rank_basis	2026-03-06 14:47:56.38254+07
106	products	0027_alter_product_profit_method_alter_transaction_type_and_more	2026-03-06 14:47:56.442844+07
107	withdrawal	0010_withdrawalsettings_require_withdraw_service	2026-03-06 16:03:07.013048+07
108	accounts	0024_generalsetting_frontend_url	2026-03-09 01:17:01.349181+07
109	deposits	0003_gatewaysettings_min_deposit_amount	2026-03-30 12:00:44.388405+07
110	products	0028_product_golongan	2026-03-30 12:00:44.465215+07
111	attendance	0005_attendancebonusclaim_attendancesettings_bonus_claim_separate_enabled	2026-03-31 20:32:36.856597+07
112	accounts	0025_alter_user_rank_alter_ranklevel_rank	2026-03-31 21:03:41.566099+07
113	accounts	0026_ranklevel_multi_requirements	2026-03-31 21:10:22.523964+07
114	banks	0004_bank_withdrawal_fee_fixed	2026-03-31 21:18:40.461422+07
115	withdrawal	0011_withdrawalservice_fee_fixed	2026-03-31 21:18:52.234769+07
116	roulette	0001_initial	2026-04-01 14:53:03.048122+07
117	roulette	0002_seed_default_roulette_data	2026-04-01 14:56:54.895688+07
118	roulette	0003_seed_12_prizes_default_weights	2026-04-01 15:11:23.215163+07
119	products	0029_profit_holiday_settings_and_alter_investment_profit_method	2026-04-01 18:50:24.483322+07
120	roulette	0004_alter_rouletteprize_options_and_more	2026-04-01 18:51:42.214294+07
121	accounts	0027_generalsetting_referral_daily_invite_limit	2026-04-01 19:36:40.461097+07
122	products	0030_profit_holiday_extend_duration_flag	2026-04-03 10:33:47.285113+07
123	deposits	0004_gatewaysettings_max_deposit_amount	2026-04-04 14:03:37.348932+07
\.


--
-- Data for Name: django_session; Type: TABLE DATA; Schema: public; Owner: postgres
--

COPY public.django_session (session_key, session_data, expire_date) FROM stdin;
49afzixx4klt7p5a3lt9n716r8imhilr	.eJxVizEOAiEQRe9CbTYOMKxr6QXWxpoMzBCMkU2WpTLeXTax0OYX_733Up7aln2rsvo7q7MCdfj9AsWHlB1QjEsrWx12OFzzUmReb90p9JTLV_trM9XcQ2QexZ6YSJPVk8W-gDIKMkZntUuQ2ImAEUgxJA6IkzkaYEoAJqr3B9-oNvI:1vI7uZ:DfQmWpqrX_5eHgDK2QJT7D2UFsuNiSZiH1Hvw1m1Uxo	2025-11-23 23:05:03.515206+07
ewbg9lavn6gxal7f8xkgfdo3ovru0ahv	.eJxVjMEOwiAQRP-FsyEusNR69N5vIAu7SNXQpLQn47_bJj3oZQ7z3sxbBVqXEtYmcxhZXRWo028XKT2l7oAfVO-TTlNd5jHqXdEHbXqYWF63w_07KNTKtkbmTtyFiQw50zvcElA6QcbknfEZMnsRsAI5xcwRsbdnC0wZwCb1-QL32TiD:1vI7uy:EAIRsMHyLhizmV7I94XboAktqL9xgFh5ouyewDqeEOA	2025-11-23 23:05:28.331352+07
rze0v4m3frodykkhi4bvqdo0ea4q9kfj	.eJxVjMEOwiAQRP-FsyEusNR69N5vIAu7SNXQpLQn47_bJj3oZQ7z3sxbBVqXEtYmcxhZXRWo028XKT2l7oAfVO-TTlNd5jHqXdEHbXqYWF63w_07KNTKtkbmTtyFiQw50zvcElA6QcbknfEZMnsRsAI5xcwRsbdnC0wZwCb1-QL32TiD:1vI9UD:Mq0HBCogY5BGpKuRdOor64S5HvCG1_zguXeDjt0ih_4	2025-11-24 00:45:57.831374+07
0ak1nkxqh4m5j2u976hfmvwsifdkue4m	.eJxVjMEOwiAQRP-FsyEusNR69N5vIAu7SNXQpLQn47_bJj3oZQ7z3sxbBVqXEtYmcxhZXRWo028XKT2l7oAfVO-TTlNd5jHqXdEHbXqYWF63w_07KNTKtkbmTtyFiQw50zvcElA6QcbknfEZMnsRsAI5xcwRsbdnC0wZwCb1-QL32TiD:1vIACN:M9BhAglAvxxILC97EZJe4WfZ0qojj38ze0LmB54cW7Q	2025-11-24 01:31:35.497349+07
q4uzctj6w4wxdwhsxhl4l75agb4tptw4	.eJxVjMEOwiAQRP-FsyEusNR69N5vIAu7SNXQpLQn47_bJj3oZQ7z3sxbBVqXEtYmcxhZXRWo028XKT2l7oAfVO-TTlNd5jHqXdEHbXqYWF63w_07KNTKtkbmTtyFiQw50zvcElA6QcbknfEZMnsRsAI5xcwRsbdnC0wZwCb1-QL32TiD:1vIHBb:QQFM7wzam6PFb6YCqH-lbX5RozkUTla4LMdJ2aq31vA	2025-11-24 08:59:15.386009+07
4utrfznzxt1zvhrezqg0omipgah18d2h	.eJxVi70OwiAQgN-F2TRQhANHX0AXZ3K9O4Ix0qSUyfjutomDrt_PSyXsa0m9yZLurE7KqMMvm5AeUneBRHOvaxt2OVzLXOWy3Lam4lPO3-zvLdjKNoYRNUU0DrQDCgFCnsDb6MFkIdES2ZDXbEdE5_hos8sWOEQjLOhFvT-9JzaI:1vPggw:TfTy30by4XpXESzLLGK_mDTU9LJw9niiLf2wGpdx_1Y	2025-12-14 19:38:14.99951+07
zfspztpm6etih8jgc8459q56w8msc4o2	.eJxVi70OwiAQgN-F2TRQhANHX0AXZ3K9O4Ix0qSUyfjutomDrt_PSyXsa0m9yZLurE7KqMMvm5AeUneBRHOvaxt2OVzLXOWy3Lam4lPO3-zvLdjKNoYRNUU0DrQDCgFCnsDb6MFkIdES2ZDXbEdE5_hos8sWOEQjLOhFvT-9JzaI:1vPyQi:AGfFE4tVG3pGJ-q3Ymulqv11AlXBsu7H19XFFkJlepk	2025-12-15 14:34:40.781498+07
zs8m4fkx5g6x4wrz0kn2y2qkapgciyjb	.eJxVi70OwiAQgN-F2TRQhANHX0AXZ3K9O4Ix0qSUyfjutomDrt_PSyXsa0m9yZLurE7KqMMvm5AeUneBRHOvaxt2OVzLXOWy3Lam4lPO3-zvLdjKNoYRNUU0DrQDCgFCnsDb6MFkIdES2ZDXbEdE5_hos8sWOEQjLOhFvT-9JzaI:1vQLLS:uxzEciTC6_FoMVr4SwbfKVzV7r3JQUF4ZVHFcjkO1PQ	2025-12-16 15:02:46.85899+07
nipea7ftx677ruszwwcwzwncys4reeer	.eJxVi70OwiAQgN-F2TRQhANHX0AXZ3K9O4Ix0qSUyfjutomDrt_PSyXsa0m9yZLurE7KqMMvm5AeUneBRHOvaxt2OVzLXOWy3Lam4lPO3-zvLdjKNoYRNUU0DrQDCgFCnsDb6MFkIdES2ZDXbEdE5_hos8sWOEQjLOhFvT-9JzaI:1vQMCF:SigYF01gwX4rxiBSEjTEpjIwEx68Ykg4gJNJGQBBebg	2025-12-16 15:57:19.693622+07
hc8hsbuq7wifam6e65ev8i43baxcnby1	.eJxVi70OwiAQgN-F2TRQhANHX0AXZ3K9O4Ix0qSUyfjutomDrt_PSyXsa0m9yZLurE7KqMMvm5AeUneBRHOvaxt2OVzLXOWy3Lam4lPO3-zvLdjKNoYRNUU0DrQDCgFCnsDb6MFkIdES2ZDXbEdE5_hos8sWOEQjLOhFvT-9JzaI:1vRUzK:1-36sCqr654PM64V0GupXOIQ8h5joIzyoZIF0ZPEkYw	2025-12-19 19:32:42.676001+07
j2orwau0ydzm7covwodv2l08v3ptppue	.eJxVi70OwiAQgN-F2TRQhANHX0AXZ3K9O4Ix0qSUyfjutomDrt_PSyXsa0m9yZLurE7KqMMvm5AeUneBRHOvaxt2OVzLXOWy3Lam4lPO3-zvLdjKNoYRNUU0DrQDCgFCnsDb6MFkIdES2ZDXbEdE5_hos8sWOEQjLOhFvT-9JzaI:1vScUN:QBNqbRhtnuoUXzFnsodyFnC-xJ_FVlpSvuTXRUh77FA	2025-12-22 21:45:23.743382+07
gidok7fp4r0f3fetirk0x8lpjo7mdh8v	.eJxVi70OwiAQgN-F2TRQhANHX0AXZ3K9O4Ix0qSUyfjutomDrt_PSyXsa0m9yZLurE7KqMMvm5AeUneBRHOvaxt2OVzLXOWy3Lam4lPO3-zvLdjKNoYRNUU0DrQDCgFCnsDb6MFkIdES2ZDXbEdE5_hos8sWOEQjLOhFvT-9JzaI:1vSkAv:UXrSlLrw0qW7gYx3U5flfMPLrXmEr3U7NNNWk6RJu1k	2025-12-23 05:57:49.461453+07
y7i4l1cugzbk83runj9olos8erebfow3	.eJxVi70OwiAQgN-F2TRQhANHX0AXZ3K9O4Ix0qSUyfjutomDrt_PSyXsa0m9yZLurE7KqMMvm5AeUneBRHOvaxt2OVzLXOWy3Lam4lPO3-zvLdjKNoYRNUU0DrQDCgFCnsDb6MFkIdES2ZDXbEdE5_hos8sWOEQjLOhFvT-9JzaI:1vdTVF:DRFxyRLHw5XWb0BkFA_mRGYTHXK_phDlOH9VHrPpamk	2026-01-21 20:23:09.468345+07
4a7pwmf955l2raathvxn5kxt2p6rstvz	.eJxVi70OwiAQgN-F2TRQhANHX0AXZ3K9O4Ix0qSUyfjutomDrt_PSyXsa0m9yZLurE7KqMMvm5AeUneBRHOvaxt2OVzLXOWy3Lam4lPO3-zvLdjKNoYRNUU0DrQDCgFCnsDb6MFkIdES2ZDXbEdE5_hos8sWOEQjLOhFvT-9JzaI:1vemC2:e7fhMfFZ6II7bV7J9v8TcmUJFxCdy1a7n-ezaJXWoRg	2026-01-25 10:32:42.121992+07
ps4brkiz4t4oyuf3x2pe4g7y5xoqq89i	.eJxVi70OwiAQgN-F2TRQhANHX0AXZ3K9O4Ix0qSUyfjutomDrt_PSyXsa0m9yZLurE7KqMMvm5AeUneBRHOvaxt2OVzLXOWy3Lam4lPO3-zvLdjKNoYRNUU0DrQDCgFCnsDb6MFkIdES2ZDXbEdE5_hos8sWOEQjLOhFvT-9JzaI:1vex3g:T1EU5FuiTfyloi2p-r6jBexJt3zYqUqcjrsLKFEU0Kk	2026-01-25 22:08:48.656298+07
36ozyh853zvj3j7bi5rvxbh5igi0jblf	.eJxVi70OwiAQgN-F2TRQhANHX0AXZ3K9O4Ix0qSUyfjutomDrt_PSyXsa0m9yZLurE7KqMMvm5AeUneBRHOvaxt2OVzLXOWy3Lam4lPO3-zvLdjKNoYRNUU0DrQDCgFCnsDb6MFkIdES2ZDXbEdE5_hos8sWOEQjLOhFvT-9JzaI:1vfudw:2ExbNHYkG9jYV_bU5NrNc8CyC7nIluPcntJDxkBn7cY	2026-01-28 13:46:12.219773+07
ycwgfwp6if3ll605unxn4nfwa3d91vlz	.eJxVjEEOwiAQRe_C2hAowoBL9z0DGZhBqoYmpV0Z765NutDtf-_9l4i4rTVunZc4kbgILU6_W8L84LYDumO7zTLPbV2mJHdFHrTLcSZ-Xg_376Bir9_aD6hyQG1BWcjegy8JnAkOdOHMigPp7BSZAdFaOptiiwHyQTMxOhbvD9VYOBk:1vjLMD:LEli8l8xoNIkRYcXben4s2MxPJ4FYmIKlNmRw_hzZa0	2026-02-07 00:54:05.320935+07
wk8b6c61vd6lz5ikrbvj6y1ftden6zxt	.eJxVjEEOwiAQRe_C2hAowoBL9z0DGZhBqoYmpV0Z765NutDtf-_9l4i4rTVunZc4kbgILU6_W8L84LYDumO7zTLPbV2mJHdFHrTLcSZ-Xg_376Bir9_aD6hyQG1BWcjegy8JnAkOdOHMigPp7BSZAdFaOptiiwHyQTMxOhbvD9VYOBk:1vjZ2s:Vf3b744ZIlIB0ZLsYwkyYG-wcrUGU1k6k7e8EMmYvlc	2026-02-07 15:31:02.849721+07
6y3zj1d4qp7tmexbaqoop53p9277k15s	.eJxVjEEOwiAQRe_C2hAowoBL9z0DGZhBqoYmpV0Z765NutDtf-_9l4i4rTVunZc4kbgILU6_W8L84LYDumO7zTLPbV2mJHdFHrTLcSZ-Xg_376Bir9_aD6hyQG1BWcjegy8JnAkOdOHMigPp7BSZAdFaOptiiwHyQTMxOhbvD9VYOBk:1vjfn4:LA3LYm8AM0l-DCMzteMIqYvbEw5gF6-H0MLewj4A_Fg	2026-02-07 22:43:10.546932+07
slpulf5qzwa2f9kegg3c89a58jjhelym	.eJxVjEEOwiAQRe_C2hAowoBL9z0DGZhBqoYmpV0Z765NutDtf-_9l4i4rTVunZc4kbgILU6_W8L84LYDumO7zTLPbV2mJHdFHrTLcSZ-Xg_376Bir9_aD6hyQG1BWcjegy8JnAkOdOHMigPp7BSZAdFaOptiiwHyQTMxOhbvD9VYOBk:1vqRuF:mAzgCwOm-MKh0cZ9koPkInM-ld5WZBi__7dVDoi8lmQ	2026-02-26 15:18:35.004654+07
gzpqlqz2k1zqi3obemamhx9tie4iul29	.eJxVjEEOwiAQRe_C2hAowoBL9z0DGZhBqoYmpV0Z765NutDtf-_9l4i4rTVunZc4kbgILU6_W8L84LYDumO7zTLPbV2mJHdFHrTLcSZ-Xg_376Bir9_aD6hyQG1BWcjegy8JnAkOdOHMigPp7BSZAdFaOptiiwHyQTMxOhbvD9VYOBk:1vrWAD:2i8aCLwWQQ8SdE_RGnv3FffKkeFknAMR5NYP5O3wS2Y	2026-03-01 14:03:29.659533+07
b3l39c16jsnz8nluonyq5hcz4vm186t1	.eJxVjEEOwiAQRe_C2hAowoBL9z0DGZhBqoYmpV0Z765NutDtf-_9l4i4rTVunZc4kbgILU6_W8L84LYDumO7zTLPbV2mJHdFHrTLcSZ-Xg_376Bir9_aD6hyQG1BWcjegy8JnAkOdOHMigPp7BSZAdFaOptiiwHyQTMxOhbvD9VYOBk:1vsK8F:gMcuGG9U_yZoe5Ipiu-EXcU-y8SjcGJmHaCdpli1edo	2026-03-03 19:24:47.039591+07
h3ajch2qgr88h7syznyb8gshiwpf4h8k	.eJxVjEEOwiAQRe_C2hAowoBL9z0DGZhBqoYmpV0Z765NutDtf-_9l4i4rTVunZc4kbgILU6_W8L84LYDumO7zTLPbV2mJHdFHrTLcSZ-Xg_376Bir9_aD6hyQG1BWcjegy8JnAkOdOHMigPp7BSZAdFaOptiiwHyQTMxOhbvD9VYOBk:1vsZT7:1vbTGDzNm-VKQ1zKJfLtwjZWjKGNLChn6IdhbgEy-vs	2026-03-04 11:47:21.81458+07
ents55z3jba4h8zy4jpsed9w0n7f87sk	.eJxVjEEOwiAQRe_C2hAowoBL9z0DGZhBqoYmpV0Z765NutDtf-_9l4i4rTVunZc4kbgILU6_W8L84LYDumO7zTLPbV2mJHdFHrTLcSZ-Xg_376Bir9_aD6hyQG1BWcjegy8JnAkOdOHMigPp7BSZAdFaOptiiwHyQTMxOhbvD9VYOBk:1vx70N:deLZu9IR2H-wc9mw4yrQW_dXW6wmleDW8oibYxms3jc	2026-03-17 00:24:27.497658+07
fixfo9sn2v4o21ud1p8953y9g7bhmfpc	.eJxVjEEOwiAQRe_C2hAowoBL9z0DGZhBqoYmpV0Z765NutDtf-_9l4i4rTVunZc4kbgILU6_W8L84LYDumO7zTLPbV2mJHdFHrTLcSZ-Xg_376Bir9_aD6hyQG1BWcjegy8JnAkOdOHMigPp7BSZAdFaOptiiwHyQTMxOhbvD9VYOBk:1vxgoV:XxzAi4kXWLciGOt3LXt22R_QQqG66xzy5K3GZ1jRlXk	2026-03-18 14:38:35.306686+07
pdf2n4hkbtmofwb74vejaptkcmp2by2j	.eJxVjEEOwiAQRe_C2hAowoBL9z0DGZhBqoYmpV0Z765NutDtf-_9l4i4rTVunZc4kbgILU6_W8L84LYDumO7zTLPbV2mJHdFHrTLcSZ-Xg_376Bir9_aD6hyQG1BWcjegy8JnAkOdOHMigPp7BSZAdFaOptiiwHyQTMxOhbvD9VYOBk:1vxzoI:XoTw3cGLMONRs820wVxstkfdXXuMpTi2fRnKwng6H7k	2026-03-19 10:55:38.741042+07
tixbh6w5i4capy2715zcxdmucml7xvyt	.eJxVjEEOwiAQRe_C2hAowoBL9z0DGZhBqoYmpV0Z765NutDtf-_9l4i4rTVunZc4kbgILU6_W8L84LYDumO7zTLPbV2mJHdFHrTLcSZ-Xg_376Bir9_aD6hyQG1BWcjegy8JnAkOdOHMigPp7BSZAdFaOptiiwHyQTMxOhbvD9VYOBk:1vy2mx:j9pMvsc-c_EsLDBgJIWauY0Ch4Mibzl3_G981xJeVbY	2026-03-19 14:06:27.832036+07
1nh2kun2hatd3hximooivfwynntnd238	.eJxVjEEOwiAQRe_C2hAowoBL9z0DGZhBqoYmpV0Z765NutDtf-_9l4i4rTVunZc4kbgILU6_W8L84LYDumO7zTLPbV2mJHdFHrTLcSZ-Xg_376Bir9_aD6hyQG1BWcjegy8JnAkOdOHMigPp7BSZAdFaOptiiwHyQTMxOhbvD9VYOBk:1w6Wiy:ijZQmpbAQeG_gJmdCN4tYyKLYFXltogPHtfJqBAD-cA	2026-04-11 23:41:24.202401+07
zdgda04dpqbuiekp3t2zafj55yvg7z4a	.eJxVjEEOwiAQRe_C2hAowoBL9z0DGZhBqoYmpV0Z765NutDtf-_9l4i4rTVunZc4kbgILU6_W8L84LYDumO7zTLPbV2mJHdFHrTLcSZ-Xg_376Bir9_aD6hyQG1BWcjegy8JnAkOdOHMigPp7BSZAdFaOptiiwHyQTMxOhbvD9VYOBk:1w6rhJ:6kTg9hf2_L7LIl0ayPxdQ5HpqB2nPwqRC_8k1ypXuMg	2026-04-12 22:05:05.227507+07
96x1qnxj679vyn0h9pi7gmbzgq7t7syc	.eJxVjEEOwiAQRe_C2hAowoBL9z0DGZhBqoYmpV0Z765NutDtf-_9l4i4rTVunZc4kbgILU6_W8L84LYDumO7zTLPbV2mJHdFHrTLcSZ-Xg_376Bir9_aD6hyQG1BWcjegy8JnAkOdOHMigPp7BSZAdFaOptiiwHyQTMxOhbvD9VYOBk:1w7uYz:tiMRH4ETQDg5IffvM4opVYOakPPHmM4oxe9PuoKwOP8	2026-04-15 19:20:49.710826+07
\.


--
-- Data for Name: investments; Type: TABLE DATA; Schema: public; Owner: postgres
--

COPY public.investments (id, quantity, total_amount, profit_type, profit_rate, profit_method, claim_reset_mode, duration_days, remaining_days, expires_at, last_claim_time, next_claim_time, total_claimed_profit, status, created_at, updated_at, product_id, transaction_id, user_id, claims_count, claims_remaining, first_claim_time, last_claim_amount, total_claimed_amount, profit_random_max, profit_random_min, principal_returned) FROM stdin;
196	1	10000.00	percentage	5.00	auto	after_purchase	40	13	2026-04-16 00:17:30.094086+07	2026-04-07 08:52:19.633836+07	2026-04-08 08:52:19.633836+07	7000.00	ACTIVE	2026-03-07 00:17:30.094086+07	2026-04-07 08:52:19.668638+07	25	2196	147	14	26	2026-03-08 16:44:45.865166+07	500.00	7000.00	0.00	0.00	f
212	1	58000.00	percentage	30.00	auto	after_purchase	55	29	2026-05-01 18:51:19.111121+07	2026-04-07 08:52:19.194842+07	2026-04-08 08:52:19.194842+07	243600.00	ACTIVE	2026-03-07 18:51:19.111121+07	2026-04-07 08:52:19.224454+07	25	2275	153	14	41	2026-03-08 18:52:20.726208+07	17400.00	243600.00	0.00	0.00	f
195	1	10000.00	percentage	5.00	auto	after_purchase	40	13	2026-04-15 16:44:13.845157+07	2026-04-07 08:52:19.694821+07	2026-04-08 08:52:19.694821+07	7000.00	ACTIVE	2026-03-06 16:44:13.845157+07	2026-04-07 08:52:19.72868+07	25	2189	145	14	26	2026-03-08 16:44:45.888741+07	500.00	7000.00	0.00	0.00	f
211	1	58000.00	percentage	30.00	auto	after_purchase	55	29	2026-05-01 18:49:03.614005+07	2026-04-07 08:52:19.25406+07	2026-04-08 08:52:19.25406+07	243600.00	ACTIVE	2026-03-07 18:49:03.614005+07	2026-04-07 08:52:19.284261+07	25	2270	152	14	41	2026-03-08 18:52:20.764519+07	17400.00	243600.00	0.00	0.00	f
218	1	58000.00	percentage	30.00	hold	after_purchase	55	29	2026-05-02 00:16:59.244108+07	2026-04-07 08:52:18.825106+07	2026-04-08 08:52:18.825106+07	243600.00	ACTIVE	2026-03-08 00:16:59.244632+07	2026-04-07 08:52:18.855609+07	25	2314	149	14	41	2026-03-09 00:18:32.393113+07	17400.00	243600.00	0.00	0.00	f
194	1	10000.00	percentage	5.00	auto	after_purchase	40	13	2026-04-15 15:50:23.834049+07	2026-04-07 08:52:19.751025+07	2026-04-08 08:52:19.751025+07	7000.00	ACTIVE	2026-03-06 15:50:23.835599+07	2026-04-07 08:52:19.787867+07	25	2183	143	14	26	2026-03-08 16:44:45.904085+07	500.00	7000.00	0.00	0.00	f
192	1	10000.00	percentage	5.00	auto	after_purchase	40	12	2026-04-15 02:31:00.247725+07	2026-04-07 08:52:19.807446+07	2026-04-08 08:52:19.807446+07	7000.00	ACTIVE	2026-03-06 02:31:00.24825+07	2026-04-07 08:52:19.84246+07	25	2177	143	14	26	2026-03-08 16:44:45.934215+07	500.00	7000.00	0.00	0.00	f
217	1	58000.00	percentage	30.00	auto	after_purchase	55	29	2026-05-02 00:12:43.853157+07	2026-04-07 08:52:18.888607+07	2026-04-08 08:52:18.888607+07	243600.00	ACTIVE	2026-03-08 00:12:43.853157+07	2026-04-07 08:52:18.921317+07	25	2308	158	14	41	2026-03-09 00:13:32.204885+07	17400.00	243600.00	0.00	0.00	f
210	1	58000.00	percentage	30.00	auto	after_purchase	55	29	2026-05-01 18:46:37.154404+07	2026-04-07 08:52:19.317688+07	2026-04-08 08:52:19.317688+07	243600.00	ACTIVE	2026-03-07 18:46:37.154404+07	2026-04-07 08:52:19.350252+07	25	2265	151	14	41	2026-03-08 18:47:20.48013+07	17400.00	243600.00	0.00	0.00	f
216	1	58000.00	percentage	30.00	auto	after_purchase	55	29	2026-05-01 19:11:16.258619+07	2026-04-07 08:52:18.949749+07	2026-04-08 08:52:18.949749+07	243600.00	ACTIVE	2026-03-07 19:11:16.259125+07	2026-04-07 08:52:18.980998+07	25	2295	157	14	41	2026-03-08 19:12:21.910227+07	17400.00	243600.00	0.00	0.00	f
207	1	58000.00	percentage	30.00	auto	after_purchase	55	29	2026-05-01 16:04:26.965327+07	2026-04-07 08:52:19.440079+07	2026-04-08 08:52:19.440079+07	243600.00	ACTIVE	2026-03-07 16:04:26.965327+07	2026-04-07 08:52:19.475026+07	25	2248	148	14	41	2026-03-08 16:44:45.599532+07	17400.00	243600.00	0.00	0.00	f
191	1	10000.00	percentage	5.00	auto	after_purchase	40	12	2026-04-14 22:22:27.280129+07	2026-04-07 08:52:19.857453+07	2026-04-08 08:52:19.857453+07	7000.00	ACTIVE	2026-03-05 22:22:27.280129+07	2026-04-07 08:52:19.894196+07	25	2173	2	14	26	2026-03-08 16:44:45.948866+07	500.00	7000.00	0.00	0.00	f
204	1	10000.00	percentage	5.00	auto	after_purchase	40	13	2026-04-16 04:04:31.239876+07	2026-04-07 08:52:19.503652+07	2026-04-08 08:52:19.503652+07	7000.00	ACTIVE	2026-03-07 04:04:31.239876+07	2026-04-07 08:52:19.53951+07	25	2236	148	14	26	2026-03-08 16:44:45.697198+07	500.00	7000.00	0.00	0.00	f
215	1	58000.00	percentage	30.00	auto	after_purchase	55	29	2026-05-01 18:59:06.750445+07	2026-04-07 08:52:19.013937+07	2026-04-08 08:52:19.013937+07	243600.00	ACTIVE	2026-03-07 18:59:06.752006+07	2026-04-07 08:52:19.045183+07	25	2290	156	14	41	2026-03-08 19:02:21.441315+07	17400.00	243600.00	0.00	0.00	f
190	1	20000.00	percentage	5.00	auto	after_purchase	40	12	2026-04-14 16:57:14.937725+07	2026-04-07 08:52:19.909134+07	2026-04-08 08:52:19.909134+07	14000.00	ACTIVE	2026-03-05 16:57:14.939263+07	2026-04-07 08:52:19.944789+07	26	2168	2	14	26	2026-03-08 16:44:45.965531+07	1000.00	14000.00	0.00	0.00	f
198	1	10000.00	percentage	5.00	auto	after_purchase	40	13	2026-04-16 02:03:01.734029+07	2026-04-07 08:52:19.56911+07	2026-04-08 08:52:19.56911+07	7000.00	ACTIVE	2026-03-07 02:03:01.735586+07	2026-04-07 08:52:19.602126+07	25	2206	147	14	26	2026-03-08 16:44:45.82626+07	500.00	7000.00	0.00	0.00	f
263	1	950000.00	random	0.00	auto	after_purchase	43	41	2026-05-17 15:04:58.697913+07	2026-04-07 16:18:13.370513+07	2026-04-08 16:18:13.370513+07	70693.69	ACTIVE	2026-04-04 15:04:58.697913+07	2026-04-07 16:18:13.374723+07	27	3214	192	2	41	2026-04-06 16:15:10.94368+07	34946.06	70693.69	36100.00	34200.00	f
214	1	58000.00	percentage	30.00	auto	after_purchase	55	29	2026-05-01 18:54:27.473352+07	2026-04-07 08:52:19.075419+07	2026-04-08 08:52:19.075419+07	243600.00	ACTIVE	2026-03-07 18:54:27.473352+07	2026-04-07 08:52:19.103737+07	25	2285	155	14	41	2026-03-08 18:57:21.103694+07	17400.00	243600.00	0.00	0.00	f
213	1	58000.00	percentage	30.00	auto	after_purchase	55	29	2026-05-01 18:52:26.293634+07	2026-04-07 08:52:19.131858+07	2026-04-08 08:52:19.131858+07	243600.00	ACTIVE	2026-03-07 18:52:26.294645+07	2026-04-07 08:52:19.163584+07	25	2280	154	14	41	2026-03-08 18:57:21.141098+07	17400.00	243600.00	0.00	0.00	f
253	1	460000.00	random	0.00	auto	after_purchase	44	42	2026-05-18 11:17:36.272739+07	2026-04-07 16:18:13.586813+07	2026-04-08 16:18:13.586813+07	32982.05	ACTIVE	2026-04-04 11:17:36.272739+07	2026-04-07 16:18:13.591484+07	26	3177	192	2	42	2026-04-06 16:15:11.129891+07	16357.54	32982.05	17020.00	16100.00	f
235	1	460000.00	random	0.00	auto	after_purchase	44	41	2026-05-17 10:19:08.788637+07	2026-04-07 10:27:24.375958+07	2026-04-08 10:27:24.375958+07	49361.35	ACTIVE	2026-04-03 10:19:08.788637+07	2026-04-07 10:27:24.38702+07	26	2995	175	3	41	2026-04-04 10:21:47.034645+07	16154.00	49361.35	17020.00	16100.00	f
262	1	2150000.00	random	0.00	auto	after_purchase	42	40	2026-05-16 14:54:12.264748+07	2026-04-07 16:18:13.387739+07	2026-04-08 16:18:13.387739+07	162734.54	ACTIVE	2026-04-04 14:54:12.264748+07	2026-04-07 16:18:13.392326+07	28	3211	191	2	40	2026-04-06 16:15:10.960595+07	83039.44	162734.54	83850.00	79550.00	f
233	1	130000.00	random	0.00	auto	after_purchase	45	42	2026-05-18 10:13:05.167579+07	2026-04-07 10:22:23.907213+07	2026-04-08 10:22:23.907213+07	13695.43	ACTIVE	2026-04-03 10:13:05.167579+07	2026-04-07 10:22:23.917352+07	25	2991	174	3	42	2026-04-04 10:16:46.819582+07	4544.15	13695.43	4680.00	4420.00	f
249	1	130000.00	random	0.00	auto	after_purchase	45	43	2026-05-19 10:24:21.727153+07	2026-04-07 10:27:24.252672+07	2026-04-08 10:27:24.252672+07	9007.96	ACTIVE	2026-04-04 10:24:21.727153+07	2026-04-07 10:27:24.265338+07	25	3145	191	2	43	2026-04-06 10:25:47.675964+07	4482.03	9007.96	4680.00	4420.00	f
239	1	130000.00	random	0.00	auto	after_purchase	45	42	2026-05-18 10:50:18.894281+07	2026-04-07 16:18:13.72767+07	2026-04-08 16:18:13.72767+07	13602.57	ACTIVE	2026-04-03 10:50:18.894784+07	2026-04-07 16:18:13.733739+07	25	3007	178	3	42	2026-04-04 10:51:48.173643+07	4531.75	13602.57	4680.00	4420.00	f
251	1	150000.00	random	0.00	auto	after_purchase	42	40	2026-05-16 10:42:52.791107+07	2026-04-07 10:47:25.718331+07	2026-04-08 10:47:25.718331+07	12698.34	ACTIVE	2026-04-04 10:42:52.791107+07	2026-04-07 10:47:25.731421+07	80	3160	191	2	40	2026-04-06 10:45:49.095411+07	6642.85	12698.34	6750.00	6000.00	f
243	1	130000.00	random	0.00	auto	after_purchase	45	42	2026-05-18 15:22:54.82338+07	2026-04-07 16:18:13.637933+07	2026-04-08 16:18:13.637933+07	13913.26	ACTIVE	2026-04-03 15:22:54.82338+07	2026-04-07 16:18:13.642542+07	25	3020	179	3	42	2026-04-04 15:27:17.597624+07	4671.71	13913.26	4680.00	4420.00	f
244	1	950000.00	random	0.00	auto	after_purchase	43	40	2026-05-16 17:04:02.445488+07	2026-04-07 17:28:16.581395+07	2026-04-08 17:28:16.581395+07	104133.74	ACTIVE	2026-04-03 17:04:02.447088+07	2026-04-07 17:28:16.585948+07	27	3023	2	3	40	2026-04-04 17:21:17.809095+07	35125.87	104133.74	36100.00	34200.00	f
236	1	130000.00	random	0.00	auto	after_purchase	45	42	2026-05-18 10:19:14.588792+07	2026-04-07 10:27:24.336611+07	2026-04-08 10:27:24.336611+07	13530.00	ACTIVE	2026-04-03 10:19:14.588792+07	2026-04-07 10:27:24.347596+07	25	2997	175	3	42	2026-04-04 10:21:47.005364+07	4475.45	13530.00	4680.00	4420.00	f
250	1	280000.00	random	0.00	auto	after_purchase	45	43	2026-05-19 10:42:31.43061+07	2026-04-07 10:47:25.790799+07	2026-04-08 10:47:25.790799+07	20728.63	ACTIVE	2026-04-04 10:42:31.43061+07	2026-04-07 10:47:25.802275+07	73	3157	191	2	43	2026-04-06 10:45:49.13943+07	10418.26	20728.63	11200.00	10080.00	f
230	1	150000.00	random	0.00	auto	after_purchase	42	39	2026-05-15 09:15:28.784525+07	2026-04-07 09:22:21.152619+07	2026-04-08 09:22:21.152619+07	19268.90	ACTIVE	2026-04-03 09:15:28.784525+07	2026-04-07 09:22:21.1557+07	80	2985	169	3	39	2026-04-04 09:16:44.535295+07	6461.65	19268.90	6750.00	6000.00	f
238	1	130000.00	random	0.00	auto	after_purchase	45	42	2026-05-18 10:25:41.196441+07	2026-04-07 10:32:24.709237+07	2026-04-08 10:32:24.709237+07	13710.78	ACTIVE	2026-04-03 10:25:41.196441+07	2026-04-07 10:32:24.716547+07	25	3002	176	3	42	2026-04-04 10:26:47.211247+07	4530.78	13710.78	4680.00	4420.00	f
261	1	130000.00	random	0.00	auto	after_purchase	45	43	2026-05-19 11:52:17.722072+07	2026-04-07 16:18:13.413281+07	2026-04-08 16:18:13.413281+07	9292.57	ACTIVE	2026-04-04 11:52:17.722072+07	2026-04-07 16:18:13.419583+07	25	3199	199	2	43	2026-04-06 16:15:10.979111+07	4627.98	9292.57	4680.00	4420.00	f
237	1	460000.00	random	0.00	auto	after_purchase	44	41	2026-05-17 10:23:19.78266+07	2026-04-07 10:32:24.759821+07	2026-04-08 10:32:24.759821+07	49058.44	ACTIVE	2026-04-03 10:23:19.78266+07	2026-04-07 10:32:24.769586+07	26	3000	176	3	41	2026-04-04 10:26:47.234253+07	16257.40	49058.44	17020.00	16100.00	f
229	1	280000.00	random	0.00	auto	after_purchase	45	42	2026-05-18 09:14:25.104167+07	2026-04-07 09:22:21.172517+07	2026-04-08 09:22:21.172517+07	31331.02	ACTIVE	2026-04-03 09:14:25.104167+07	2026-04-07 09:22:21.17694+07	73	2983	169	3	42	2026-04-04 09:16:44.566056+07	10165.60	31331.02	11200.00	10080.00	f
226	1	130000.00	random	0.00	auto	after_purchase	45	41	2026-05-17 23:40:00.237942+07	2026-04-07 08:52:18.784951+07	2026-04-08 08:52:18.784951+07	13576.76	ACTIVE	2026-04-02 23:40:00.237942+07	2026-04-07 08:52:18.794611+07	25	2975	173	3	42	2026-04-03 23:42:52.362326+07	4468.39	13576.76	4680.00	4420.00	f
247	1	130000.00	random	0.00	auto	after_purchase	45	42	2026-05-18 22:34:35.394755+07	2026-04-07 08:52:18.630458+07	2026-04-08 08:52:18.630458+07	9259.17	ACTIVE	2026-04-03 22:34:35.394755+07	2026-04-07 08:52:18.638364+07	25	3101	181	2	43	2026-04-06 07:59:26.565951+07	4654.55	9259.17	4680.00	4420.00	f
227	1	460000.00	random	0.00	auto	after_purchase	44	40	2026-05-16 23:41:10.231883+07	2026-04-07 08:52:18.752212+07	2026-04-08 08:52:18.752212+07	50314.01	ACTIVE	2026-04-02 23:41:10.231883+07	2026-04-07 08:52:18.763535+07	26	2977	173	3	41	2026-04-03 23:42:52.327677+07	16926.42	50314.01	17020.00	16100.00	f
245	1	130000.00	random	0.00	auto	after_purchase	45	42	2026-05-18 22:24:53.846735+07	2026-04-07 08:52:18.701725+07	2026-04-08 08:52:18.701725+07	8959.72	ACTIVE	2026-04-03 22:24:53.847366+07	2026-04-07 08:52:18.710664+07	25	3094	180	2	43	2026-04-06 07:59:26.633428+07	4510.56	8959.72	4680.00	4420.00	f
246	1	460000.00	random	0.00	auto	after_purchase	44	41	2026-05-17 22:26:46.341639+07	2026-04-07 08:52:18.662793+07	2026-04-08 08:52:18.662793+07	33696.69	ACTIVE	2026-04-03 22:26:46.341639+07	2026-04-07 08:52:18.67388+07	26	3097	180	2	42	2026-04-06 07:59:26.595392+07	16685.70	33696.69	17020.00	16100.00	f
208	1	58000.00	percentage	30.00	auto	after_purchase	55	29	2026-05-01 18:34:57.881178+07	2026-04-07 08:52:19.380604+07	2026-04-08 08:52:19.380604+07	243600.00	ACTIVE	2026-03-07 18:34:57.881178+07	2026-04-07 08:52:19.412788+07	25	2254	150	14	41	2026-03-08 18:37:19.938631+07	17400.00	243600.00	0.00	0.00	f
228	1	130000.00	random	0.00	auto	after_purchase	45	42	2026-05-18 08:55:40.834343+07	2026-04-07 09:02:20.425051+07	2026-04-08 09:02:20.425051+07	13590.52	ACTIVE	2026-04-03 08:55:40.835866+07	2026-04-07 09:02:20.432873+07	25	2981	169	3	42	2026-04-04 08:56:43.860012+07	4520.05	13590.52	4680.00	4420.00	f
231	1	130000.00	random	0.00	auto	after_purchase	45	42	2026-05-18 09:54:41.061058+07	2026-04-07 10:02:22.835004+07	2026-04-08 10:02:22.835004+07	13583.23	ACTIVE	2026-04-03 09:54:41.061058+07	2026-04-07 10:02:22.839592+07	25	2988	172	3	42	2026-04-04 09:56:46.083428+07	4647.15	13583.23	4680.00	4420.00	f
232	1	7520000.00	random	0.00	auto	after_purchase	40	37	2026-05-13 09:57:14.523498+07	2026-04-07 10:07:23.127169+07	2026-04-08 10:07:23.127169+07	901848.82	ACTIVE	2026-04-03 09:57:14.525028+07	2026-04-07 10:07:23.131808+07	71	2990	172	3	37	2026-04-04 10:01:46.266579+07	302414.88	901848.82	305000.00	293280.00	f
252	1	130000.00	random	0.00	auto	after_purchase	45	43	2026-05-19 11:16:33.317686+07	2026-04-07 16:18:13.610131+07	2026-04-08 16:18:13.610131+07	9268.14	ACTIVE	2026-04-04 11:16:33.31921+07	2026-04-07 16:18:13.61368+07	25	3175	192	2	43	2026-04-06 16:15:11.14976+07	4647.62	9268.14	4680.00	4420.00	f
234	1	460000.00	random	0.00	auto	after_purchase	44	41	2026-05-17 10:14:06.989387+07	2026-04-07 10:22:23.839185+07	2026-04-08 10:22:23.839185+07	48740.50	ACTIVE	2026-04-03 10:14:06.989387+07	2026-04-07 10:22:23.851702+07	26	2994	174	3	41	2026-04-04 10:16:46.790288+07	16418.00	48740.50	17020.00	16100.00	f
241	1	150000.00	random	0.00	auto	after_purchase	42	39	2026-05-15 11:09:22.927171+07	2026-04-07 16:18:13.684986+07	2026-04-08 16:18:13.684986+07	19292.68	ACTIVE	2026-04-03 11:09:22.92871+07	2026-04-07 16:18:13.6896+07	80	3013	178	3	39	2026-04-04 11:11:48.829969+07	6730.27	19292.68	6750.00	6000.00	f
254	1	130000.00	random	0.00	auto	after_purchase	45	43	2026-05-19 11:25:50.449605+07	2026-04-07 16:18:13.569614+07	2026-04-08 16:18:13.569614+07	9131.19	ACTIVE	2026-04-04 11:25:50.449605+07	2026-04-07 16:18:13.574417+07	25	3180	193	2	43	2026-04-06 16:15:11.114571+07	4454.48	9131.19	4680.00	4420.00	f
255	1	460000.00	random	0.00	auto	after_purchase	44	42	2026-05-18 11:27:00.918027+07	2026-04-07 16:18:13.54492+07	2026-04-08 16:18:13.54492+07	33072.54	ACTIVE	2026-04-04 11:27:00.918027+07	2026-04-07 16:18:13.551016+07	26	3182	193	2	42	2026-04-06 16:15:11.094637+07	16510.38	33072.54	17020.00	16100.00	f
256	1	130000.00	random	0.00	auto	after_purchase	45	43	2026-05-19 11:32:08.107204+07	2026-04-07 16:18:13.524762+07	2026-04-08 16:18:13.524762+07	9052.46	ACTIVE	2026-04-04 11:32:08.107204+07	2026-04-07 16:18:13.529696+07	25	3187	194	2	43	2026-04-06 16:15:11.076258+07	4620.49	9052.46	4680.00	4420.00	f
240	1	280000.00	random	0.00	auto	after_purchase	45	42	2026-05-18 11:08:07.828391+07	2026-04-07 16:18:13.706261+07	2026-04-08 16:18:13.706261+07	32955.80	ACTIVE	2026-04-03 11:08:07.829398+07	2026-04-07 16:18:13.710878+07	73	3011	178	3	42	2026-04-04 11:11:48.872682+07	11143.86	32955.80	11200.00	10080.00	f
257	1	460000.00	random	0.00	auto	after_purchase	44	42	2026-05-18 11:32:20.957363+07	2026-04-07 16:18:13.500477+07	2026-04-08 16:18:13.500477+07	33114.94	ACTIVE	2026-04-04 11:32:20.958371+07	2026-04-07 16:18:13.505103+07	26	3189	194	2	42	2026-04-06 16:15:11.055347+07	16623.93	33114.94	17020.00	16100.00	f
260	1	130000.00	random	0.00	auto	after_purchase	45	43	2026-05-19 11:48:05.594252+07	2026-04-07 16:18:13.439103+07	2026-04-08 16:18:13.439103+07	9119.97	ACTIVE	2026-04-04 11:48:05.594252+07	2026-04-07 16:18:13.443677+07	25	3196	198	2	43	2026-04-06 16:15:10.999121+07	4543.54	9119.97	4680.00	4420.00	f
259	1	950000.00	random	0.00	auto	after_purchase	43	41	2026-05-17 11:40:41.283165+07	2026-04-07 16:18:13.456649+07	2026-04-08 16:18:13.456649+07	69936.50	ACTIVE	2026-04-04 11:40:41.283165+07	2026-04-07 16:18:13.460756+07	27	3195	191	2	41	2026-04-06 16:15:11.012839+07	35242.82	69936.50	36100.00	34200.00	f
242	1	460000.00	random	0.00	auto	after_purchase	44	41	2026-05-17 15:21:27.002208+07	2026-04-07 16:18:13.654763+07	2026-04-08 16:18:13.654763+07	49739.95	ACTIVE	2026-04-03 15:21:27.002208+07	2026-04-07 16:18:13.660661+07	26	3019	179	3	41	2026-04-04 15:22:17.397865+07	16713.23	49739.95	17020.00	16100.00	f
267	1	4550000.00	random	0.00	auto	after_purchase	41	38	2026-05-16 13:16:05.764646+07	2026-04-09 20:01:28.555018+07	2026-04-10 20:01:28.555018+07	526487.74	ACTIVE	2026-04-05 13:16:05.764646+07	2026-04-09 20:01:28.56388+07	29	3240	191	3	38	2026-04-06 16:15:10.878149+07	177153.20	526487.74	182000.00	172900.00	f
266	1	7520000.00	random	0.00	auto	after_purchase	40	37	2026-05-15 12:11:57.004711+07	2026-04-09 20:01:28.609636+07	2026-04-10 20:01:28.609636+07	899080.78	ACTIVE	2026-04-05 12:11:57.004711+07	2026-04-09 20:01:28.618701+07	71	3239	191	3	37	2026-04-06 16:15:10.902755+07	300504.79	899080.78	305000.00	293280.00	f
265	1	130000.00	random	0.00	auto	after_purchase	45	42	2026-05-20 12:08:53.788363+07	2026-04-09 20:01:28.651474+07	2026-04-10 20:01:28.651474+07	13598.88	ACTIVE	2026-04-05 12:08:53.788363+07	2026-04-09 20:01:28.658731+07	25	3236	203	3	42	2026-04-06 16:15:10.926791+07	4544.24	13598.88	4680.00	4420.00	f
264	1	130000.00	random	0.00	auto	after_purchase	45	42	2026-05-19 17:55:30.480815+07	2026-04-09 20:01:28.683175+07	2026-04-10 20:01:28.683175+07	13609.68	ACTIVE	2026-04-04 17:55:30.480815+07	2026-04-09 20:01:28.692936+07	25	3229	177	3	42	2026-04-06 18:00:15.487724+07	4595.18	13609.68	4680.00	4420.00	f
248	1	460000.00	random	0.00	auto	after_purchase	44	41	2026-05-17 22:34:45.25651+07	2026-04-07 08:52:18.557876+07	2026-04-08 08:52:18.557876+07	32670.27	ACTIVE	2026-04-03 22:34:45.25651+07	2026-04-07 08:52:18.569595+07	26	3103	181	2	42	2026-04-06 07:59:26.491302+07	16446.46	32670.27	17020.00	16100.00	f
258	1	950000.00	random	0.00	auto	after_purchase	43	41	2026-05-17 11:38:58.603435+07	2026-04-07 16:18:13.47854+07	2026-04-08 16:18:13.47854+07	71865.89	ACTIVE	2026-04-04 11:38:58.603435+07	2026-04-07 16:18:13.484263+07	27	3194	195	2	41	2026-04-06 16:15:11.031027+07	36071.95	71865.89	36100.00	34200.00	f
\.


--
-- Data for Name: mission_user_states; Type: TABLE DATA; Schema: public; Owner: postgres
--

COPY public.mission_user_states (id, claimed_count, last_claimed_at, created_at, updated_at, mission_id, user_id) FROM stdin;
24	1	2026-03-07 23:35:54.625249+07	2026-03-07 23:35:54.588548+07	2026-03-07 23:35:54.625249+07	69	149
25	1	2026-03-08 00:13:25.933516+07	2026-03-08 00:13:25.9271+07	2026-03-08 00:13:25.933516+07	70	149
26	1	2026-04-03 11:06:22.096218+07	2026-04-03 11:06:22.08864+07	2026-04-03 11:06:22.096218+07	69	178
27	1	2026-04-03 11:07:50.948299+07	2026-04-03 11:07:50.945262+07	2026-04-03 11:07:50.948299+07	69	173
28	1	2026-04-03 11:13:30.318055+07	2026-04-03 11:13:30.31602+07	2026-04-03 11:13:30.318055+07	70	178
29	1	2026-04-03 22:29:39.285407+07	2026-04-03 22:29:39.282799+07	2026-04-03 22:29:39.285407+07	81	178
30	1	2026-04-03 22:31:49.449945+07	2026-04-03 22:31:49.446861+07	2026-04-03 22:31:49.449945+07	69	180
31	1	2026-04-03 22:35:51.874712+07	2026-04-03 22:35:51.860975+07	2026-04-03 22:35:51.874712+07	69	181
32	1	2026-04-04 10:27:15.221699+07	2026-04-04 10:27:15.212477+07	2026-04-04 10:27:15.221699+07	69	191
33	1	2026-04-04 10:43:37.552488+07	2026-04-04 10:43:37.549439+07	2026-04-04 10:43:37.552488+07	70	191
34	1	2026-04-04 11:32:40.003527+07	2026-04-04 11:32:40.000443+07	2026-04-04 11:32:40.003527+07	81	191
35	1	2026-04-04 12:00:09.739972+07	2026-04-04 12:00:09.73558+07	2026-04-04 12:00:09.740503+07	82	191
36	1	2026-04-04 17:56:52.382222+07	2026-04-04 17:56:52.377645+07	2026-04-04 17:56:52.382757+07	69	2
\.


--
-- Data for Name: missions; Type: TABLE DATA; Schema: public; Owner: postgres
--

COPY public.missions (id, description, is_active, is_repeatable, level, type, requirement, reward, reward_balance_type, referral_levels, created_at, updated_at, title) FROM stdin;
73	Pesan 25 drone untuk mendapatkan	t	f	5	purchase_self	25	300000.00	balance	[]	2026-03-07 15:00:47.712536+07	2026-03-31 00:33:26.931253+07	User Beli Produk
74	Pesan 30 drone untuk mendapatkan	t	f	6	purchase_self	30	300000.00	balance	[]	2026-03-07 15:01:25.625025+07	2026-03-31 00:33:41.202556+07	User Beli Produk
75	Pesan 40 drone untuk mendapatkan	t	f	6	purchase_self	40	300000.00	balance	[]	2026-03-07 15:02:01.322524+07	2026-03-31 00:34:01.904+07	User Beli Produk
76	Pesan 45 drone untuk mendapatkan	t	f	7	purchase_self	45	300000.00	balance	[]	2026-03-07 15:02:37.244449+07	2026-03-31 00:34:18.843465+07	User Beli Produk
77	Pesan 9 drone untuk mendapatkan	f	f	8	purchase_self	9	19000.00	balance	[]	2026-03-07 15:03:23.271031+07	2026-03-31 00:34:29.059543+07	User Beli Produk
78	Pesan 10 drone untuk mendapatkan	f	f	9	purchase_self	10	20000.00	balance	[]	2026-03-07 15:04:09.120789+07	2026-03-31 00:34:35.832107+07	User Beli Produk
81	Teman isi ulang Rp 1300000 saya dapat,	t	f	1	deposit	1300000	25000.00	balance	[1, 2, 3]	2026-03-27 22:21:59.86272+07	2026-03-31 00:35:07.641543+07	Deposit Teman
82	Teman isi ulang Rp 3500000 saya dapat,	t	f	2	deposit	3500000	75000.00	balance	[1, 2, 3]	2026-03-27 22:22:23.431748+07	2026-03-31 00:35:26.896018+07	Deposit Teman
83	Teman isi ulang Rp 6000000 saya dapat,	t	f	1	deposit	6000000	95000.00	balance	[1, 2, 3]	2026-03-27 22:23:11.922683+07	2026-03-31 00:35:46.37481+07	Deposit Teman
84	Teman isi ulang Rp 13000000 saya dapat,	t	f	1	deposit	13000000	125000.00	balance	[1, 2, 3]	2026-03-27 22:23:40.11992+07	2026-03-31 00:36:25.981386+07	Deposit Teman
85	Teman isi ulang Rp 18000000 saya dapat,	t	f	5	deposit	18000000	150000.00	balance	[1, 2, 3]	2026-03-27 22:25:26.448361+07	2026-03-31 00:36:43.201748+07	Deposit Teman
86	Teman isi ulang Rp 26000000 saya dapat,	t	f	5	deposit	26000000	175000.00	balance	[1, 2, 3]	2026-03-27 22:25:49.601582+07	2026-03-31 00:37:02.91444+07	Deposit Teman
79	Pesan 11 drone untuk mendapatkan	f	f	\N	purchase_self	11	21000.00	balance	[]	2026-03-27 22:19:42.675866+07	2026-03-27 22:19:42.67739+07	User Beli Produk
80	Pesan 12 drone untuk mendapatkan	f	f	1	purchase_self	12	22000.00	balance	[]	2026-03-27 22:20:07.295127+07	2026-03-27 22:20:07.29616+07	User Beli Produk
92	Teman isi ulang Rp 1200000 saya dapat,	f	f	1	deposit	1200000	1200000.00	balance	[1]	2026-03-27 22:29:49.641523+07	2026-03-27 22:29:49.643091+07	Deposit Teman
69	Pesan 1 drone untuk mendapatkan	t	f	1	purchase_self	1	12000.00	balance	[]	2026-03-05 16:44:50.110919+07	2026-03-31 00:31:47.897592+07	User Beli Produk
70	Pesan 3 drone untuk mendapatkan	t	f	2	purchase_self	3	75000.00	balance	[]	2026-03-05 16:45:27.221245+07	2026-03-31 00:32:01.606563+07	User Beli Produk
71	Pesan 5 drone untuk mendapatkan	t	f	1	purchase_self	5	175000.00	balance	[]	2026-03-05 22:29:36.255356+07	2026-03-31 00:32:17.930561+07	User Beli Produk
72	Pesan 8 drone untuk mendapatkan	t	f	4	purchase_self	8	300000.00	balance	[]	2026-03-07 15:00:17.081773+07	2026-03-31 00:32:35.345018+07	User Beli Produk
87	Teman isi ulang Rp 35000000 saya dapat,	t	f	1	deposit	35000000	210000.00	balance	[1, 2, 3]	2026-03-27 22:26:42.122064+07	2026-03-31 00:37:22.102833+07	Deposit Teman
88	Teman isi ulang Rp 42000000 saya dapat,	t	f	1	deposit	42000000	250000.00	balance	[1, 2, 3]	2026-03-27 22:27:05.983854+07	2026-03-31 00:37:41.754924+07	Deposit Teman
89	Teman isi ulang Rp 50000000 saya dapat,	t	f	1	deposit	50000000	500000.00	balance	[1, 2, 3]	2026-03-27 22:27:40.478256+07	2026-03-31 00:38:00.443439+07	Deposit Teman
90	Teman isi ulang Rp 70000000 saya dapat,	t	f	1	deposit	70000000	700000.00	balance	[1, 2, 3]	2026-03-27 22:28:53.202895+07	2026-03-31 00:38:20.152713+07	Deposit Teman
91	Teman isi ulang Rp 85000000 saya dapat,	t	f	1	deposit	85000000	1000000.00	balance	[1, 2, 3]	2026-03-27 22:29:19.110488+07	2026-03-31 00:38:45.90342+07	Deposit Teman
\.


--
-- Data for Name: news_news; Type: TABLE DATA; Schema: public; Owner: postgres
--

COPY public.news_news (id, title, slug, body, is_published, published_at, updated_at, image) FROM stdin;
22	Selamat Bergabung di SENT	selamat-bergabung-di-SENT	Selamat datang di SENT. Terima kasih telah bergabung, nikmati layanan kami dan mulai pengalaman baru bersama teknologi SENT.	t	2026-03-27 22:31:54.236609+07	2026-04-04 09:00:26.008202+07	
21	Pemberitahuan Resmi Keamanan Layanan SENT	pemberitahuan-resmi-keamanan-layanan-sent	SENT tidak pernah menghubungi pelanggan terlebih dahulu. Abaikan dan jangan percaya pada pihak yang mengatasnamakan SENT tanpa interaksi awal dari Anda.	t	2026-03-27 22:31:13.128729+07	2026-04-04 09:00:34.249938+07	
\.


--
-- Data for Name: products; Type: TABLE DATA; Schema: public; Owner: postgres
--

COPY public.products (id, name, description, price, status, purchase_limit, stock, stock_enabled, profit_type, profit_rate, profit_method, duration, balance_source, claim_reset_mode, claim_reset_hours, image, specifications, created_at, updated_at, cashback_enabled, cashback_percentage, custom_field_10_content, custom_field_10_title, custom_field_1_content, custom_field_1_title, custom_field_2_content, custom_field_2_title, custom_field_3_content, custom_field_3_title, custom_field_4_content, custom_field_4_title, custom_field_5_content, custom_field_5_title, custom_field_6_content, custom_field_6_title, custom_field_7_content, custom_field_7_title, custom_field_8_content, custom_field_8_title, custom_field_9_content, custom_field_9_title, max_purchase_count, profit_rebate_level_1, profit_rebate_level_2, profit_rebate_level_3, profit_rebate_level_4, profit_rebate_level_5, purchase_rebate_level_1, purchase_rebate_level_2, purchase_rebate_level_3, purchase_rebate_level_4, purchase_rebate_level_5, require_upline_ownership_for_commissions, profit_random_max, profit_random_min, return_principal_on_completion, qualify_as_active_investment, require_min_rank_enabled, min_required_rank, golongan) FROM stdin;
76	Drone Cobalt (MS89484)	Bisnis	3660000.00	1	1	0	t	random	0.00	auto	45	balance_deposit	after_purchase	\N	products/POT3_XVhmMLc.png	Melayani hingga 45D	2026-03-27 23:14:24.137835+07	2026-03-31 21:47:53.245421+07	f	0.00		\N		\N		\N		\N		\N		\N		\N		\N		\N		\N	1	5.00	3.00	1.00	0.00	0.00	10.00	3.00	0.00	0.00	0.00	t	148000.00	131760.00	f	t	f	\N	A2
81	Drone Mouqou (KI55S63)	Enterprise	350000.00	1	1	0	t	random	0.00	auto	43	balance_deposit	after_purchase	\N	products/POT4_Mo5JRxj.png	Melayani hingga 43D	2026-03-27 23:21:43.380766+07	2026-03-31 21:52:27.213328+07	f	0.00		\N		\N		\N		\N		\N		\N		\N		\N		\N		\N	1	5.00	3.00	1.00	0.00	0.00	10.00	3.00	0.00	0.00	0.00	t	15750.00	14000.00	f	t	f	\N	A3
25	Drone Arundala (U7S9DFF)	Pro	130000.00	1	1	1482	t	random	0.00	auto	45	balance_deposit	after_purchase	\N	products/POT1.png	Melayani hingga 45D	2026-03-05 11:40:38.599337+07	2026-04-05 12:08:53.788363+07	f	0.00		\N		\N		\N		\N		\N		\N		\N		\N		\N		\N	1	5.00	3.00	1.00	0.00	0.00	10.00	0.00	0.00	0.00	0.00	t	4680.00	4420.00	f	t	f	\N	A1
71	Drone Aterio (U5MLSKI)	Pro	7520000.00	1	1	998	t	random	0.00	auto	40	balance_deposit	after_purchase	\N	products/POT5_7lNJ01A.png	Melayani hingga 40D	2026-03-27 22:58:08.46935+07	2026-04-05 12:11:57.003706+07	f	0.00		\N		\N		\N		\N		\N		\N		\N		\N		\N		\N	1	5.00	3.00	1.00	0.00	0.00	10.00	0.00	0.00	0.00	0.00	t	305000.00	293280.00	f	t	f	\N	A1
72	A1 7 (USJC9SD)	Pro	70000.00	0	1	0	t	random	0.00	auto	45	balance_deposit	after_purchase	\N		Melayani hingga 45D	2026-03-27 23:03:13.336689+07	2026-03-31 21:30:22.679617+07	f	0.00		\N		\N		\N		\N		\N		\N		\N		\N		\N		\N	1	5.00	3.00	1.00	0.00	0.00	10.00	3.00	0.00	0.00	0.00	t	5500.00	5000.00	f	t	f	\N	A1
77	Drone Cichao (MOLS57N)	Bisnis	5050000.00	1	1	0	t	random	0.00	auto	45	balance_deposit	after_purchase	\N	products/POT3_HmEvMVP.png	Melayani hingga 45D	2026-03-27 23:16:28.822223+07	2026-03-31 21:46:34.691026+07	f	0.00		\N		\N		\N		\N		\N		\N		\N		\N		\N		\N	1	5.00	3.00	1.00	0.00	0.00	10.00	3.00	0.00	0.00	0.00	t	207000.00	181800.00	f	t	f	\N	A2
82	Drone Mophelia (K5S0M4S)	Enterprise	799000.00	1	1	0	t	random	0.00	auto	44	balance_deposit	after_purchase	\N	products/POT4_5rBXKjG.png	Melayani hingga 44D	2026-03-27 23:22:52.829957+07	2026-03-31 21:54:06.07416+07	f	0.00		\N		\N		\N		\N		\N		\N		\N		\N		\N		\N	1	5.00	3.00	1.00	0.00	0.00	10.00	3.00	0.00	0.00	0.00	t	35955.00	31960.00	f	t	f	\N	A3
26	Drone Amythis (U9SODWK)	Pro	460000.00	1	1	990	t	random	0.00	auto	44	balance_deposit	after_purchase	\N	products/POT1_EOxa3iR.png	Melayani hingga 44D	2026-03-05 11:42:04.337803+07	2026-04-04 11:32:20.957363+07	f	0.00		\N		\N		\N		\N		\N		\N		\N		\N		\N		\N	1	5.00	3.00	1.00	0.00	0.00	10.00	0.00	0.00	0.00	0.00	t	17020.00	16100.00	f	t	f	\N	A1
27	Drone Aqriac (U1IS3MD)	Pro	950000.00	1	1	996	t	random	0.00	auto	43	balance_deposit	after_purchase	\N	products/POT1_PRuWE5H.png	Melayani hingga 43D	2026-03-05 11:42:54.981429+07	2026-04-04 15:04:58.697913+07	f	0.00		\N		\N		\N		\N		\N		\N		\N		\N		\N		\N	1	5.00	3.00	1.00	0.00	0.00	10.00	0.00	0.00	0.00	0.00	t	36100.00	34200.00	f	t	f	\N	A1
73	Drone Czorto (MU7PL6A)	Bisnis	280000.00	1	1	0	t	random	0.00	auto	45	balance_deposit	after_purchase	\N	products/POT3.png	Melayani hingga 45D	2026-03-27 23:04:23.073123+07	2026-04-04 10:42:31.429097+07	f	0.00		\N		\N		\N		\N		\N		\N		\N		\N		\N		\N	1	5.00	3.00	1.00	0.00	0.00	10.00	3.00	0.00	0.00	0.00	t	11200.00	10080.00	f	t	f	\N	A2
28	Drone Alouz (U0M3KDX)	Pro	2150000.00	1	1	999	t	random	0.00	auto	42	balance_deposit	after_purchase	\N	products/POT5.png	Melayani hingga 42D	2026-03-05 11:44:27.385412+07	2026-04-04 14:54:12.264748+07	f	0.00		\N		\N		\N		\N		\N		\N		\N		\N		\N		\N	1	5.00	3.00	1.00	0.00	0.00	10.00	0.00	0.00	0.00	0.00	t	83850.00	79550.00	f	t	f	\N	A1
78	Dummy A2 (MSKDKS)	Bisnis	285000.00	0	1	0	t	random	0.00	auto	55	balance_deposit	after_purchase	\N		Melayani hingga 55D	2026-03-27 23:17:23.679426+07	2026-03-31 21:47:05.748679+07	f	0.00		\N		\N		\N		\N		\N		\N		\N		\N		\N		\N	1	5.00	3.00	1.00	0.00	0.00	10.00	3.00	0.00	0.00	0.00	t	17500.00	17000.00	f	t	f	\N	A2
83	Drone Youdou (KSIIEMF)	Enterprise	1800000.00	1	1	0	t	random	0.00	auto	45	balance_deposit	after_purchase	\N	products/POT4_ysLNw9B.png	Melayani hingga 45D	2026-03-27 23:24:17.482023+07	2026-03-31 21:54:57.737458+07	f	0.00		\N		\N		\N		\N		\N		\N		\N		\N		\N		\N	1	5.00	3.00	1.00	0.00	0.00	10.00	3.00	0.00	0.00	0.00	t	81000.00	72000.00	f	t	f	\N	A3
29	Drone Avurpa (U3MLZTY)	Pro	4550000.00	1	1	1249	t	random	0.00	auto	41	balance_deposit	after_purchase	\N	products/POT5_qKx4qNQ.png	Melayani hingga 41D	2026-03-05 11:45:11.413175+07	2026-04-05 13:16:05.763082+07	f	0.00		\N		\N		\N		\N		\N		\N		\N		\N		\N		\N	1	5.00	3.00	1.00	0.00	0.00	10.00	0.00	0.00	0.00	0.00	t	182000.00	172900.00	f	t	f	\N	A1
74	Drone Couva (M6SD7QK)	Bisnis	555000.00	1	1	0	t	random	0.00	auto	45	balance_deposit	after_purchase	\N	products/POT3_sRlfjz4.png	Melayani hingga 45D	2026-03-27 23:06:59.592881+07	2026-03-31 21:41:18.666487+07	f	0.00		\N		\N		\N		\N		\N		\N		\N		\N		\N		\N	1	5.00	3.00	1.00	0.00	0.00	10.00	3.00	0.00	0.00	0.00	t	22500.00	19980.00	f	t	f	\N	A2
79	Dummy A2 (MSKJFASJ)	Bisnis	296000.00	0	1	0	t	random	0.00	auto	55	balance_deposit	after_purchase	\N		Melayani hingga 55D	2026-03-27 23:18:24.564894+07	2026-03-31 21:47:16.619465+07	f	0.00		\N		\N		\N		\N		\N		\N		\N		\N		\N		\N	1	5.00	3.00	1.00	0.00	0.00	10.00	3.00	0.00	0.00	0.00	t	16700.00	16500.00	f	t	f	\N	A2
84	Drone Yachie (K84MLA3)	Enterprise	5565000.00	1	1	0	t	random	0.00	auto	46	balance_deposit	after_purchase	\N	products/POT4_toS84Nm.png	Melayani hingga 46D	2026-03-27 23:26:17.158585+07	2026-03-31 21:56:23.19255+07	f	0.00		\N		\N		\N		\N		\N		\N		\N		\N		\N		\N	1	5.00	3.00	1.00	0.00	0.00	10.00	3.00	0.00	0.00	0.00	t	254475.00	226200.00	f	t	f	\N	A3
75	Drone Cayutz (MR03PDL)	Bisnis	1300000.00	1	1	0	t	random	0.00	auto	45	balance_deposit	after_purchase	\N	products/POT3_sYJBvxy.png	Melayani hingga 45D	2026-03-27 23:09:22.425842+07	2026-03-31 21:47:41.955996+07	f	0.00		\N		\N		\N		\N		\N		\N		\N		\N		\N		\N	1	5.00	3.00	1.00	0.00	0.00	10.00	3.00	0.00	0.00	0.00	t	52000.00	46800.00	f	t	f	\N	A2
85	Drone Yavier (KS96F30)	Enterprise	10200000.00	1	1	0	t	random	0.00	auto	47	balance_deposit	after_purchase	\N	products/POT4_2LRccOq.png	Melayani hingga 47D	2026-03-27 23:27:42.907032+07	2026-03-31 22:06:52.314826+07	f	0.00		\N		\N		\N		\N		\N		\N		\N		\N		\N		\N	1	5.00	3.00	1.00	0.00	0.00	10.00	3.00	0.00	0.00	0.00	t	459000.00	408000.00	f	t	f	\N	A3
80	Drone Meleza (K80SDML)	Enterprise	150000.00	1	1	0	t	random	0.00	auto	42	balance_deposit	after_purchase	\N	products/POT4.png	Melayani hingga 42D	2026-03-27 23:20:19.541849+07	2026-04-04 10:42:52.790602+07	f	0.00		\N		\N		\N		\N		\N		\N		\N		\N		\N		\N	1	5.00	3.00	1.00	0.00	0.00	10.00	3.00	0.00	0.00	0.00	t	6750.00	6000.00	f	t	f	\N	A3
\.


--
-- Data for Name: profit_holiday_settings; Type: TABLE DATA; Schema: public; Owner: postgres
--

COPY public.profit_holiday_settings (id, is_active, disable_monday, disable_tuesday, disable_wednesday, disable_thursday, disable_friday, disable_saturday, disable_sunday, disabled_dates, created_at, updated_at, extend_duration_on_holidays) FROM stdin;
1	t	f	f	f	f	f	f	t	[]	2026-04-01 22:14:12.143023+07	2026-04-03 10:38:00.002297+07	t
\.


--
-- Data for Name: rank_levels; Type: TABLE DATA; Schema: public; Owner: postgres
--

COPY public.rank_levels (id, rank, title, missions_required_total, created_at, updated_at, downlines_total_required, downlines_active_required, deposit_self_total_required) FROM stdin;
4	1	VIP 0	0	2026-01-11 21:01:57.59057+07	2026-03-05 13:27:33.924826+07	0	0	0.00
5	2	VIP 1	0	2026-01-11 21:01:57.591577+07	2026-03-31 22:59:41.533267+07	0	6	130000.00
6	3	VIP 2	0	2026-01-11 21:08:06.762072+07	2026-03-31 22:59:41.535378+07	0	20	130000.00
7	4	VIP 3	0	2026-01-11 21:08:34.825044+07	2026-03-31 22:59:41.536896+07	0	35	590000.00
8	5	VIP 4	0	2026-01-11 21:08:54.391141+07	2026-03-31 22:59:41.537402+07	0	50	1540000.00
9	6	VIP 5	0	2026-01-11 21:09:05.135833+07	2026-03-31 22:59:41.537912+07	0	80	3690000.00
10	7	VIP 6	0	2026-01-11 21:09:16.348057+07	2026-03-31 22:59:41.537912+07	0	100	3690000.00
11	8	VIP 7	0	2026-01-11 21:09:26.40826+07	2026-03-31 22:59:41.539437+07	0	250	8240000.00
12	9	VIP 8	0	2026-01-11 21:09:36.949229+07	2026-03-31 22:59:41.539437+07	0	400	15760000.00
14	10	VIP 9	0	2026-03-31 00:24:33.549441+07	2026-03-31 22:59:41.54096+07	0	600	16040000.00
15	11	VIP 10	0	2026-03-31 21:04:56.01668+07	2026-03-31 23:00:06.624957+07	0	1000	17895000.00
16	12	VIP 11	0	2026-03-31 23:01:11.34971+07	2026-03-31 23:01:11.351232+07	0	1500	21555000.00
17	13	VIP 12	0	2026-03-31 23:02:04.997715+07	2026-03-31 23:02:04.999252+07	0	2000	26605000.00
18	14	VIP 13	0	2026-03-31 23:02:39.724563+07	2026-03-31 23:02:39.726089+07	0	4000	27105000.00
19	15	VIP 14	0	2026-03-31 23:03:33.546342+07	2026-03-31 23:03:33.547866+07	0	7000	35269000.00
20	16	VIP 15	0	2026-03-31 23:04:06.225081+07	2026-03-31 23:04:06.227605+07	0	10000	45469000.00
\.


--
-- Data for Name: roulette_prizes; Type: TABLE DATA; Schema: public; Owner: postgres
--

COPY public.roulette_prizes (id, name, description, prize_type, amount, weight, is_active, sort_order, created_at, updated_at) FROM stdin;
7	5000	Belum beruntung, coba lagi	BALANCE	5000.00	300	t	2	2026-04-01 15:11:23.210552+07	2026-04-02 18:51:13.954414+07
9	10000	Bonus saldo Rp 10.000	BALANCE	10000.00	25	t	4	2026-04-01 15:11:23.212111+07	2026-04-02 18:51:49.745997+07
14	20000	Bonus saldo Rp 20.000	BALANCE	20000.00	7	t	9	2026-04-01 15:11:23.213638+07	2026-04-02 18:57:51.88416+07
17	150000	Bonus saldo Rp 150.000	BALANCE	150000.00	1	t	12	2026-04-01 15:11:23.215163+07	2026-04-02 19:02:43.009407+07
16	100000	Bonus saldo Rp 100.000	BALANCE	100000.00	1	t	11	2026-04-01 15:11:23.215163+07	2026-04-02 19:03:06.646966+07
15	50000	Bonus saldo Rp 50.000	BALANCE	50000.00	1	t	10	2026-04-01 15:11:23.213638+07	2026-04-02 19:19:31.763181+07
13	15000	Bonus saldo Rp 15.000	BALANCE	15000.00	16	t	8	2026-04-01 15:11:23.213638+07	2026-04-04 09:27:12.461562+07
11	3000	Bonus saldo Rp 3.000	BALANCE	3000.00	65	t	6	2026-04-01 15:11:23.212111+07	2026-04-04 09:27:35.664477+07
6	Sorry!	Belum beruntung, coba lagi!	NONE	0.00	250	t	1	2026-04-01 15:11:23.210552+07	2026-04-04 09:27:44.188232+07
10	2000	Bonus saldo Rp 2.000	BALANCE	2000.00	72	t	5	2026-04-01 15:11:23.212111+07	2026-04-04 09:28:12.237131+07
8	Oops!	Belum beruntung, coba lagi	NONE	0.00	250	t	3	2026-04-01 15:11:23.212111+07	2026-04-04 09:28:23.531746+07
12	500	Bonus saldo Rp 500	BALANCE	500.00	12	t	7	2026-04-01 15:11:23.213638+07	2026-04-04 09:28:42.359429+07
\.


--
-- Data for Name: roulette_settings; Type: TABLE DATA; Schema: public; Owner: postgres
--

COPY public.roulette_settings (id, is_active, tickets_per_level1_purchase, ticket_cost, created_at, updated_at) FROM stdin;
1	t	1	1	2026-04-01 14:56:54.88849+07	2026-04-02 19:21:30.084986+07
\.


--
-- Data for Name: roulette_spins; Type: TABLE DATA; Schema: public; Owner: postgres
--

COPY public.roulette_spins (id, prize_type, prize_amount, created_at, prize_id, transaction_id, user_id) FROM stdin;
1	NONE	0.00	2026-04-01 15:28:02.563654+07	6	\N	2
2	NONE	0.00	2026-04-01 15:28:36.08918+07	8	\N	2
3	NONE	0.00	2026-04-01 15:37:24.745485+07	6	\N	2
4	NONE	0.00	2026-04-01 15:40:54.527685+07	7	\N	2
5	BALANCE	0.00	2026-04-01 15:41:49.895969+07	7	\N	2
6	BALANCE	2000.00	2026-04-01 15:46:51.48629+07	10	2802	2
7	NONE	0.00	2026-04-01 15:47:34.75131+07	8	\N	2
8	NONE	0.00	2026-04-01 15:52:50.920771+07	8	\N	2
9	NONE	0.00	2026-04-01 15:55:23.961803+07	6	\N	2
10	BALANCE	2000.00	2026-04-01 15:55:30.743765+07	10	2803	2
11	NONE	0.00	2026-04-01 15:59:31.132159+07	6	\N	2
12	NONE	0.00	2026-04-01 15:59:39.008935+07	8	\N	2
13	NONE	0.00	2026-04-01 15:59:45.876428+07	6	\N	2
14	NONE	0.00	2026-04-01 15:59:51.940161+07	6	\N	2
15	NONE	0.00	2026-04-01 15:59:57.840446+07	6	\N	2
16	NONE	0.00	2026-04-01 16:00:03.332095+07	6	\N	2
17	BALANCE	10000.00	2026-04-01 16:00:12.466294+07	7	2804	2
18	NONE	0.00	2026-04-01 16:04:25.746464+07	6	\N	2
19	BALANCE	10000.00	2026-04-01 16:04:31.274191+07	7	2805	2
20	NONE	0.00	2026-04-01 16:04:51.9817+07	8	\N	2
21	BALANCE	10000.00	2026-04-01 16:05:10.154518+07	7	2806	2
22	NONE	0.00	2026-04-01 16:05:47.522827+07	8	\N	2
23	BALANCE	2000.00	2026-04-01 16:05:53.734087+07	10	2807	2
24	NONE	0.00	2026-04-01 16:06:31.174156+07	8	\N	2
25	BALANCE	10000.00	2026-04-01 16:16:24.517817+07	7	2808	2
26	NONE	0.00	2026-04-01 16:16:30.970888+07	6	\N	2
27	BALANCE	10000.00	2026-04-01 16:16:37.482907+07	7	2809	2
28	BALANCE	10000.00	2026-04-01 16:16:44.329208+07	7	2810	2
29	NONE	0.00	2026-04-01 16:16:50.928169+07	8	\N	2
30	NONE	0.00	2026-04-01 16:17:04.023024+07	8	\N	2
31	NONE	0.00	2026-04-01 16:17:10.733709+07	8	\N	2
32	NONE	0.00	2026-04-01 16:17:17.797307+07	8	\N	2
33	NONE	0.00	2026-04-01 16:17:27.323399+07	8	\N	2
34	BALANCE	10000.00	2026-04-01 16:18:02.375568+07	7	2811	2
35	NONE	0.00	2026-04-01 16:18:08.320698+07	8	\N	2
36	NONE	0.00	2026-04-01 16:18:14.208264+07	8	\N	2
37	BALANCE	10000.00	2026-04-01 16:18:19.614543+07	7	2812	2
38	NONE	0.00	2026-04-01 16:18:26.927862+07	8	\N	2
39	BALANCE	10000.00	2026-04-01 16:18:32.850674+07	7	2813	2
40	BALANCE	10000.00	2026-04-01 16:18:40.90506+07	7	2814	2
41	BALANCE	10000.00	2026-04-01 16:18:47.326073+07	7	2815	2
42	NONE	0.00	2026-04-01 16:19:04.435469+07	6	\N	2
43	BALANCE	200000.00	2026-04-01 18:03:39.797304+07	17	2816	2
44	BALANCE	10000.00	2026-04-01 18:17:02.489333+07	7	2817	2
45	BALANCE	10000.00	2026-04-01 18:17:14.078213+07	7	2818	2
46	BALANCE	10000.00	2026-04-01 18:17:21.886269+07	7	2819	2
47	BALANCE	10000.00	2026-04-01 18:23:39.638173+07	7	2820	2
48	BALANCE	10000.00	2026-04-01 18:23:47.252466+07	7	2821	2
49	BALANCE	10000.00	2026-04-01 18:36:46.453217+07	7	2822	2
50	BALANCE	10000.00	2026-04-01 18:37:06.943431+07	7	2823	2
51	NONE	0.00	2026-04-01 18:37:15.99516+07	8	\N	2
52	NONE	0.00	2026-04-01 18:41:16.823632+07	8	\N	2
53	BALANCE	10000.00	2026-04-01 18:43:16.104629+07	7	2824	2
54	BALANCE	10000.00	2026-04-01 18:44:36.965946+07	7	2825	2
55	NONE	0.00	2026-04-02 06:46:17.688641+07	8	\N	2
56	BALANCE	5000.00	2026-04-03 22:39:51.115215+07	7	3107	178
57	BALANCE	20000.00	2026-04-03 22:40:13.569129+07	14	3108	178
58	BALANCE	5000.00	2026-04-03 22:40:22.22388+07	7	3109	178
59	NONE	0.00	2026-04-03 22:40:29.265839+07	6	\N	178
60	NONE	0.00	2026-04-03 22:40:37.652162+07	6	\N	178
61	BALANCE	5000.00	2026-04-03 22:40:44.782023+07	7	3110	178
62	NONE	0.00	2026-04-03 23:28:57.856817+07	8	\N	2
63	BALANCE	5000.00	2026-04-03 23:32:58.250092+07	7	3114	2
64	BALANCE	5000.00	2026-04-03 23:33:12.101476+07	7	3115	2
65	NONE	0.00	2026-04-03 23:33:18.983467+07	6	\N	2
66	NONE	0.00	2026-04-03 23:33:26.277553+07	6	\N	2
67	NONE	0.00	2026-04-03 23:33:32.558558+07	6	\N	2
68	NONE	0.00	2026-04-03 23:33:39.194033+07	8	\N	2
69	NONE	0.00	2026-04-04 09:14:44.058166+07	8	\N	169
70	NONE	0.00	2026-04-04 09:14:54.391024+07	8	\N	169
71	NONE	0.00	2026-04-04 09:15:00.728903+07	6	\N	169
72	NONE	0.00	2026-04-04 09:15:06.80569+07	8	\N	169
73	NONE	0.00	2026-04-04 09:15:15.037866+07	8	\N	169
74	NONE	0.00	2026-04-04 11:19:04.283164+07	6	\N	191
75	BALANCE	5000.00	2026-04-04 11:19:12.492885+07	7	3178	191
76	NONE	0.00	2026-04-04 11:56:49.372777+07	6	\N	191
77	BALANCE	2000.00	2026-04-04 11:56:55.652591+07	10	3202	191
78	BALANCE	5000.00	2026-04-04 15:10:45.258628+07	7	3216	191
79	BALANCE	3000.00	2026-04-04 17:45:02.227656+07	11	3224	178
80	BALANCE	5000.00	2026-04-04 17:45:08.745791+07	7	3225	178
81	BALANCE	5000.00	2026-04-04 17:45:17.432773+07	7	3226	178
82	NONE	0.00	2026-04-04 17:45:25.160144+07	8	\N	178
83	NONE	0.00	2026-04-04 17:45:31.879306+07	6	\N	178
84	NONE	0.00	2026-04-04 17:56:56.511376+07	8	\N	169
85	BALANCE	5000.00	2026-04-04 17:59:01.589278+07	7	3232	2
86	BALANCE	500.00	2026-04-05 12:09:29.880499+07	12	3238	191
\.


--
-- Data for Name: roulette_ticket_ledgers; Type: TABLE DATA; Schema: public; Owner: postgres
--

COPY public.roulette_ticket_ledgers (id, delta, reason, created_at, source_transaction_id, source_user_id, user_id) FROM stdin;
1	1	ADMIN_ADJUST	2026-04-01 15:27:10.446848+07	\N	\N	2
2	9	ADMIN_ADJUST	2026-04-01 15:27:42.365184+07	\N	\N	2
3	-1	SPIN_COST	2026-04-01 15:28:02.562132+07	\N	\N	2
4	-1	SPIN_COST	2026-04-01 15:28:36.08918+07	\N	\N	2
5	-1	SPIN_COST	2026-04-01 15:37:24.743954+07	\N	\N	2
6	-1	SPIN_COST	2026-04-01 15:40:54.526154+07	\N	\N	2
7	-1	SPIN_COST	2026-04-01 15:41:49.894424+07	\N	\N	2
8	-1	SPIN_COST	2026-04-01 15:46:51.475559+07	\N	\N	2
9	-1	SPIN_COST	2026-04-01 15:47:34.749273+07	\N	\N	2
10	-1	SPIN_COST	2026-04-01 15:52:50.920771+07	\N	\N	2
11	-1	SPIN_COST	2026-04-01 15:55:23.960273+07	\N	\N	2
12	-1	SPIN_COST	2026-04-01 15:55:30.740193+07	\N	\N	2
13	1000	ADMIN_ADJUST	2026-04-01 15:59:20.271468+07	\N	\N	2
14	-1	SPIN_COST	2026-04-01 15:59:31.130622+07	\N	\N	2
15	-1	SPIN_COST	2026-04-01 15:59:39.008935+07	\N	\N	2
16	-1	SPIN_COST	2026-04-01 15:59:45.874921+07	\N	\N	2
17	-1	SPIN_COST	2026-04-01 15:59:51.938628+07	\N	\N	2
18	-1	SPIN_COST	2026-04-01 15:59:57.840446+07	\N	\N	2
19	-1	SPIN_COST	2026-04-01 16:00:03.330585+07	\N	\N	2
20	-1	SPIN_COST	2026-04-01 16:00:12.457191+07	\N	\N	2
21	-1	SPIN_COST	2026-04-01 16:04:25.744922+07	\N	\N	2
22	-1	SPIN_COST	2026-04-01 16:04:31.263534+07	\N	\N	2
23	-1	SPIN_COST	2026-04-01 16:04:51.980163+07	\N	\N	2
24	-1	SPIN_COST	2026-04-01 16:05:10.149896+07	\N	\N	2
25	-1	SPIN_COST	2026-04-01 16:05:47.521299+07	\N	\N	2
26	-1	SPIN_COST	2026-04-01 16:05:53.729479+07	\N	\N	2
27	-1	SPIN_COST	2026-04-01 16:06:31.172628+07	\N	\N	2
28	-1	SPIN_COST	2026-04-01 16:16:24.514802+07	\N	\N	2
29	-1	SPIN_COST	2026-04-01 16:16:30.969361+07	\N	\N	2
30	-1	SPIN_COST	2026-04-01 16:16:37.481377+07	\N	\N	2
31	-1	SPIN_COST	2026-04-01 16:16:44.327175+07	\N	\N	2
32	-1	SPIN_COST	2026-04-01 16:16:50.92715+07	\N	\N	2
33	-1	SPIN_COST	2026-04-01 16:17:04.021495+07	\N	\N	2
34	-1	SPIN_COST	2026-04-01 16:17:10.732187+07	\N	\N	2
35	-1	SPIN_COST	2026-04-01 16:17:17.795782+07	\N	\N	2
36	-1	SPIN_COST	2026-04-01 16:17:27.321864+07	\N	\N	2
37	-1	SPIN_COST	2026-04-01 16:18:02.36614+07	\N	\N	2
38	-1	SPIN_COST	2026-04-01 16:18:08.320698+07	\N	\N	2
39	-1	SPIN_COST	2026-04-01 16:18:14.208264+07	\N	\N	2
40	-1	SPIN_COST	2026-04-01 16:18:19.611317+07	\N	\N	2
41	-1	SPIN_COST	2026-04-01 16:18:26.926332+07	\N	\N	2
42	-1	SPIN_COST	2026-04-01 16:18:32.847616+07	\N	\N	2
43	-1	SPIN_COST	2026-04-01 16:18:40.901981+07	\N	\N	2
44	-1	SPIN_COST	2026-04-01 16:18:47.32302+07	\N	\N	2
45	-1	SPIN_COST	2026-04-01 16:19:04.433936+07	\N	\N	2
46	-1	SPIN_COST	2026-04-01 18:03:39.79429+07	\N	\N	2
47	-1	SPIN_COST	2026-04-01 18:17:02.485788+07	\N	\N	2
48	-1	SPIN_COST	2026-04-01 18:17:14.069124+07	\N	\N	2
49	-1	SPIN_COST	2026-04-01 18:17:21.8832+07	\N	\N	2
50	-1	SPIN_COST	2026-04-01 18:23:39.635088+07	\N	\N	2
51	-1	SPIN_COST	2026-04-01 18:23:47.246236+07	\N	\N	2
52	-1	SPIN_COST	2026-04-01 18:36:46.448694+07	\N	\N	2
53	-1	SPIN_COST	2026-04-01 18:37:06.941902+07	\N	\N	2
54	-1	SPIN_COST	2026-04-01 18:37:15.9941+07	\N	\N	2
55	-1	SPIN_COST	2026-04-01 18:41:16.823632+07	\N	\N	2
56	-1	SPIN_COST	2026-04-01 18:43:16.09998+07	\N	\N	2
57	-1	SPIN_COST	2026-04-01 18:44:36.963376+07	\N	\N	2
58	-1	SPIN_COST	2026-04-02 06:46:17.683912+07	\N	\N	2
59	1	LEVEL1_PURCHASE	2026-04-02 23:40:00.282729+07	2975	173	2
60	1	LEVEL1_PURCHASE	2026-04-02 23:41:10.25513+07	2977	173	2
61	1	LEVEL1_PURCHASE	2026-04-03 08:55:40.868199+07	2981	169	168
62	1	LEVEL1_PURCHASE	2026-04-03 09:14:25.116406+07	2983	169	168
63	1	LEVEL1_PURCHASE	2026-04-03 09:15:28.795135+07	2985	169	168
64	1	LEVEL1_PURCHASE	2026-04-03 09:54:41.077605+07	2988	172	169
65	1	LEVEL1_PURCHASE	2026-04-03 09:57:14.535792+07	2990	172	169
66	1	LEVEL1_PURCHASE	2026-04-03 10:13:05.194723+07	2991	174	172
67	1	LEVEL1_PURCHASE	2026-04-03 10:14:07.000085+07	2994	174	172
68	1	LEVEL1_PURCHASE	2026-04-03 10:19:08.802746+07	2995	175	174
69	1	LEVEL1_PURCHASE	2026-04-03 10:19:14.602394+07	2997	175	174
70	1	LEVEL1_PURCHASE	2026-04-03 10:23:19.796463+07	3000	176	174
71	1	LEVEL1_PURCHASE	2026-04-03 10:25:41.21335+07	3002	176	174
72	1	LEVEL1_PURCHASE	2026-04-03 10:50:18.908379+07	3007	178	169
73	1	LEVEL1_PURCHASE	2026-04-03 11:08:07.847966+07	3011	178	169
74	1	LEVEL1_PURCHASE	2026-04-03 11:09:22.940975+07	3013	178	169
75	1	LEVEL1_PURCHASE	2026-04-03 15:21:27.030826+07	3019	179	178
76	1	LEVEL1_PURCHASE	2026-04-03 15:22:54.84438+07	3020	179	178
77	1	LEVEL1_PURCHASE	2026-04-03 17:04:02.469232+07	3023	2	1
78	1	LEVEL1_PURCHASE	2026-04-03 22:24:53.867785+07	3094	180	178
79	1	LEVEL1_PURCHASE	2026-04-03 22:26:46.35495+07	3097	180	178
80	1	LEVEL1_PURCHASE	2026-04-03 22:34:35.408621+07	3101	181	178
81	1	LEVEL1_PURCHASE	2026-04-03 22:34:45.268307+07	3103	181	178
82	-1	SPIN_COST	2026-04-03 22:39:51.111183+07	\N	\N	178
83	-1	SPIN_COST	2026-04-03 22:40:13.567591+07	\N	\N	178
84	-1	SPIN_COST	2026-04-03 22:40:22.22127+07	\N	\N	178
85	-1	SPIN_COST	2026-04-03 22:40:29.264822+07	\N	\N	178
86	-1	SPIN_COST	2026-04-03 22:40:37.650614+07	\N	\N	178
87	-1	SPIN_COST	2026-04-03 22:40:44.777756+07	\N	\N	178
88	-1	SPIN_COST	2026-04-03 23:28:57.84906+07	\N	\N	2
89	-1	SPIN_COST	2026-04-03 23:32:58.233238+07	\N	\N	2
90	-1	SPIN_COST	2026-04-03 23:33:12.098406+07	\N	\N	2
91	-1	SPIN_COST	2026-04-03 23:33:18.981943+07	\N	\N	2
92	-1	SPIN_COST	2026-04-03 23:33:26.276027+07	\N	\N	2
93	-1	SPIN_COST	2026-04-03 23:33:32.558558+07	\N	\N	2
94	-1	SPIN_COST	2026-04-03 23:33:39.192503+07	\N	\N	2
95	-1	SPIN_COST	2026-04-04 09:14:44.050567+07	\N	\N	169
96	-1	SPIN_COST	2026-04-04 09:14:54.391024+07	\N	\N	169
97	-1	SPIN_COST	2026-04-04 09:15:00.727394+07	\N	\N	169
98	-1	SPIN_COST	2026-04-04 09:15:06.804676+07	\N	\N	169
99	-1	SPIN_COST	2026-04-04 09:15:15.037866+07	\N	\N	169
100	1	LEVEL1_PURCHASE	2026-04-04 10:24:21.750216+07	3145	191	178
101	1	LEVEL1_PURCHASE	2026-04-04 10:42:31.445278+07	3157	191	178
102	1	LEVEL1_PURCHASE	2026-04-04 10:42:52.805351+07	3160	191	178
103	1	LEVEL1_PURCHASE	2026-04-04 11:16:33.346365+07	3175	192	191
104	1	LEVEL1_PURCHASE	2026-04-04 11:17:36.284523+07	3177	192	191
105	-1	SPIN_COST	2026-04-04 11:19:04.281636+07	\N	\N	191
106	-1	SPIN_COST	2026-04-04 11:19:12.477511+07	\N	\N	191
107	1	LEVEL1_PURCHASE	2026-04-04 11:25:50.469492+07	3180	193	192
108	1	LEVEL1_PURCHASE	2026-04-04 11:27:00.931883+07	3182	193	192
109	1	LEVEL1_PURCHASE	2026-04-04 11:32:08.122187+07	3187	194	193
110	1	LEVEL1_PURCHASE	2026-04-04 11:32:20.973027+07	3189	194	193
111	1	LEVEL1_PURCHASE	2026-04-04 11:38:58.618711+07	3194	195	193
112	1	LEVEL1_PURCHASE	2026-04-04 11:40:41.295543+07	3195	191	178
113	1	LEVEL1_PURCHASE	2026-04-04 11:48:05.608745+07	3196	198	191
114	1	LEVEL1_PURCHASE	2026-04-04 11:52:17.735887+07	3199	199	191
115	-1	SPIN_COST	2026-04-04 11:56:49.371247+07	\N	\N	191
116	-1	SPIN_COST	2026-04-04 11:56:55.651059+07	\N	\N	191
117	1	LEVEL1_PURCHASE	2026-04-04 14:54:12.29506+07	3211	191	178
118	1	LEVEL1_PURCHASE	2026-04-04 15:04:58.71637+07	3214	192	191
119	-1	SPIN_COST	2026-04-04 15:10:45.252554+07	\N	\N	191
120	-1	SPIN_COST	2026-04-04 17:45:02.223082+07	\N	\N	178
121	-1	SPIN_COST	2026-04-04 17:45:08.743216+07	\N	\N	178
122	-1	SPIN_COST	2026-04-04 17:45:17.429716+07	\N	\N	178
123	-1	SPIN_COST	2026-04-04 17:45:25.160144+07	\N	\N	178
124	-1	SPIN_COST	2026-04-04 17:45:31.876725+07	\N	\N	178
125	1	LEVEL1_PURCHASE	2026-04-04 17:55:30.497219+07	3229	177	169
126	-1	SPIN_COST	2026-04-04 17:56:56.510358+07	\N	\N	169
127	-1	SPIN_COST	2026-04-04 17:59:01.586226+07	\N	\N	2
128	1	LEVEL1_PURCHASE	2026-04-05 12:08:53.814403+07	3236	203	191
129	-1	SPIN_COST	2026-04-05 12:09:29.877416+07	\N	\N	191
130	1	LEVEL1_PURCHASE	2026-04-05 12:11:57.015806+07	3239	191	178
131	1	LEVEL1_PURCHASE	2026-04-05 13:16:05.776423+07	3240	191	178
\.


--
-- Data for Name: roulette_ticket_wallets; Type: TABLE DATA; Schema: public; Owner: postgres
--

COPY public.roulette_ticket_wallets (id, balance, updated_at, user_id) FROM stdin;
9	2	2026-04-04 11:27:00.931883+07	192
10	3	2026-04-04 11:38:58.618711+07	193
2	3	2026-04-03 09:15:28.795135+07	168
4	2	2026-04-03 10:14:07.000085+07	172
5	4	2026-04-03 10:25:41.21335+07	174
7	1	2026-04-03 17:04:02.467659+07	1
3	0	2026-04-04 17:56:56.509352+07	169
1	949	2026-04-04 17:59:01.586226+07	2
8	0	2026-04-05 12:09:29.875883+07	191
6	2	2026-04-05 13:16:05.776423+07	178
\.


--
-- Data for Name: support_supportchatmessage; Type: TABLE DATA; Schema: public; Owner: postgres
--

COPY public.support_supportchatmessage (id, sender_type, message, created_at, sender_user_id, thread_id) FROM stdin;
52	USER	Hi	2026-04-03 19:31:09.217294+07	178	33
53	ADMIN	hiii	2026-04-03 19:31:32.008853+07	1	33
54	USER	babi	2026-04-03 20:55:45.546819+07	173	34
55	ADMIN	apasi	2026-04-03 20:56:08.891975+07	1	34
56	USER	hehe	2026-04-03 21:00:05.998355+07	173	34
57	ADMIN	babi	2026-04-03 21:00:17.537044+07	1	34
58	USER	Yolo	2026-04-03 21:53:49.348284+07	178	33
59	ADMIN	yeah	2026-04-03 21:54:14.004787+07	1	33
60	USER	Hey	2026-04-04 14:51:38.357297+07	191	35
61	ADMIN	halo	2026-04-04 14:51:55.200262+07	1	35
\.


--
-- Data for Name: support_supportchatthread; Type: TABLE DATA; Schema: public; Owner: postgres
--

COPY public.support_supportchatthread (id, is_closed, created_at, updated_at, user_id) FROM stdin;
34	f	2026-04-03 20:55:39.234409+07	2026-04-03 21:00:17.537044+07	173
33	f	2026-04-03 19:31:04.839445+07	2026-04-03 21:54:14.003179+07	178
35	f	2026-04-04 09:56:09.355323+07	2026-04-04 14:51:55.198709+07	191
36	f	2026-04-04 18:03:31.838301+07	2026-04-04 18:03:31.838301+07	2
\.


--
-- Data for Name: support_supportlink; Type: TABLE DATA; Schema: public; Owner: postgres
--

COPY public.support_supportlink (id, title, url, platform, description, is_active, created_at, updated_at, icon) FROM stdin;
4	Hubungi Halo ASFina	https://t.me/AsetNusaOfficial	other	Hubungi Halo ASFina	t	2026-02-19 15:26:40.338255+07	2026-03-07 23:53:16.079321+07	
1	Saluran Telegram Resmi	https://t.me/Asetfinansial	telegram	Saluran Telegram Resmi	t	2025-11-10 09:19:22.230154+07	2026-03-07 23:53:47.156276+07	
\.


--
-- Data for Name: transactions; Type: TABLE DATA; Schema: public; Owner: postgres
--

COPY public.transactions (id, trx_id, type, amount, description, status, wallet_type, investment_quantity, commission_level, voucher_id, voucher_code, created_at, product_id, related_transaction_id, upline_user_id, user_id) FROM stdin;
1	ATT-20251109170040-C7BCB0	ATTENDANCE	1204.19	Daily attendance claim	COMPLETED	BALANCE	\N	\N	\N	\N	2025-11-10 00:00:40.840372+07	\N	\N	\N	2
2	VCH-20251109170418-420A2D	VOUCHER	5000.00	Voucher claim bebekdungu	COMPLETED	BALANCE	\N	\N	8	bebekdungu	2025-11-10 00:04:18.80315+07	\N	\N	\N	2
3	ADM-BALANCE_DEPOSIT-2-1762707923	CREDIT	500000.00	Admin increased balance_deposit by 500000	COMPLETED	BALANCE_DEPOSIT	\N	\N	\N	\N	2025-11-10 00:05:23.11076+07	\N	\N	\N	2
2175	ATT-20260305164013-D95DA5	ATTENDANCE	1000.00	Daily attendance claim	COMPLETED	BALANCE	\N	\N	\N	\N	2026-03-05 23:40:13.448332+07	\N	\N	\N	143
7	ADM-BALANCE-2-1762708045	CREDIT	50000.00	Admin increased balance by 50000	COMPLETED	BALANCE	\N	\N	\N	\N	2025-11-10 00:07:25.146731+07	\N	\N	\N	2
2165	ATT-20260302101728-EFD7D2	ATTENDANCE	345.65	Daily attendance claim	COMPLETED	BALANCE	\N	\N	\N	\N	2026-03-02 17:17:28.21709+07	\N	\N	\N	2
2168	PUR-20260305095714-1D9EA1	INVESTMENTS	20000.00	Purchase Aset Standar II (x1)	COMPLETED	BALANCE_DEPOSIT	1	\N	\N	\N	2026-03-05 16:57:14.926987+07	26	\N	\N	2
2169	REB-20260305095714-2D43BC	PURCHASE_COMMISSION	6600.00	Purchase rebate L1 from +6289595959595 - Aset Standar II	COMPLETED	BALANCE	\N	1	\N	\N	2026-03-05 16:57:14.95002+07	26	2168	2	1
18	MSN-20251109175930-2-7	MISSIONS	5000.00	Mission reward: Saatnya memiliki kontribusi mengajak teman memiliki proyek medis sebanyak 1 anggota dan dapatkan kemenangan Rp5.000. (x1)	COMPLETED	BALANCE	\N	\N	\N	\N	2025-11-10 00:59:30.865209+07	\N	\N	\N	2
19	DEP-20251109183643-9C2497	DEPOSIT	10000.00	Deposit via Jayapay (BALANCE_DEPOSIT)	COMPLETED	BALANCE_DEPOSIT	\N	\N	\N	\N	2025-11-10 01:36:43.663643+07	\N	\N	\N	2
2389	AUTO-20260311023552-8EB639	INTEREST	17400.00	Hold profit (accrual) from Aset Standar I investment	COMPLETED	BALANCE_HOLD	\N	\N	\N	\N	2026-03-11 02:35:52.872255+07	25	\N	\N	149
2390	AUTO-20260311023552-A68CCA	INTEREST	17400.00	Hold profit (accrual) from Aset Standar I investment	COMPLETED	BALANCE_HOLD	\N	\N	\N	\N	2026-03-11 02:35:52.888937+07	25	\N	\N	158
2391	AUTO-20260311023552-035E9C	INTEREST	17400.00	Hold profit (accrual) from Aset Standar I investment	COMPLETED	BALANCE_HOLD	\N	\N	\N	\N	2026-03-11 02:35:52.907686+07	25	\N	\N	157
2392	AUTO-20260311023552-77AAAB	INTEREST	17400.00	Hold profit (accrual) from Aset Standar I investment	COMPLETED	BALANCE_HOLD	\N	\N	\N	\N	2026-03-11 02:35:52.929451+07	25	\N	\N	156
2393	AUTO-20260311023552-BF99EC	INTEREST	17400.00	Hold profit (accrual) from Aset Standar I investment	COMPLETED	BALANCE_HOLD	\N	\N	\N	\N	2026-03-11 02:35:52.944474+07	25	\N	\N	155
2394	AUTO-20260311023552-C806C9	INTEREST	17400.00	Hold profit (accrual) from Aset Standar I investment	COMPLETED	BALANCE_HOLD	\N	\N	\N	\N	2026-03-11 02:35:52.963287+07	25	\N	\N	154
2395	AUTO-20260311023552-D83AD8	INTEREST	17400.00	Hold profit (accrual) from Aset Standar I investment	COMPLETED	BALANCE_HOLD	\N	\N	\N	\N	2026-03-11 02:35:52.975517+07	25	\N	\N	153
2396	AUTO-20260311023552-6AE3C0	INTEREST	17400.00	Hold profit (accrual) from Aset Standar I investment	COMPLETED	BALANCE_HOLD	\N	\N	\N	\N	2026-03-11 02:35:52.987883+07	25	\N	\N	152
2397	AUTO-20260311023552-04EEBC	INTEREST	17400.00	Hold profit (accrual) from Aset Standar I investment	COMPLETED	BALANCE_HOLD	\N	\N	\N	\N	2026-03-11 02:35:52.999873+07	25	\N	\N	151
2399	AUTO-20260311023553-4148DD	INTEREST	17400.00	Hold profit (accrual) from Aset Standar I investment	COMPLETED	BALANCE_HOLD	\N	\N	\N	\N	2026-03-11 02:35:53.020995+07	25	\N	\N	150
1606	AUTO-20260124232231-0FC04A	INTEREST	7520.00	Automatic profit from Cloud AI investment	COMPLETED	BALANCE	\N	\N	\N	\N	2026-01-24 23:22:31.330605+07	\N	\N	\N	2
2400	AUTO-20260311023553-A0973D	INTEREST	17400.00	Hold profit (accrual) from Aset Standar I investment	COMPLETED	BALANCE_HOLD	\N	\N	\N	\N	2026-03-11 02:35:53.035959+07	25	\N	\N	148
2403	AUTO-20260311023553-46C6FB	INTEREST	500.00	Hold profit (accrual) from Aset Standar I investment	COMPLETED	BALANCE_HOLD	\N	\N	\N	\N	2026-03-11 02:35:53.070316+07	25	\N	\N	148
1765	AUTO-20260212000049-464E8C	INTEREST	7520.00	Automatic profit from Cloud AI investment	COMPLETED	BALANCE	\N	\N	\N	\N	2026-02-12 00:00:49.856079+07	\N	\N	\N	2
10	PUR-20251109173951-3B2B88	INVESTMENTS	299880.00	Purchase Sistem Omnisurg (x1)	COMPLETED	BALANCE_DEPOSIT	1	\N	\N	\N	2025-11-10 00:39:51.476979+07	\N	\N	\N	2
2176	ADM-BALANCE_DEPOSIT-143-1772738241	CREDIT	150000000.00	Admin increased balance_deposit by 150000000	COMPLETED	BALANCE_DEPOSIT	\N	\N	\N	\N	2026-03-06 02:17:21.161164+07	\N	\N	\N	143
2331	AUTO-20260308164445-3681C4	INTEREST	17400.00	Hold profit (accrual) from Aset Standar I investment	COMPLETED	BALANCE_HOLD	\N	\N	\N	\N	2026-03-08 16:44:45.57234+07	25	\N	\N	148
2170	ATT-20260305132905-C726B0	ATTENDANCE	1000.00	Daily attendance claim	COMPLETED	BALANCE	\N	\N	\N	\N	2026-03-05 20:29:05.03621+07	\N	\N	\N	2
1672	WD-367CE8875E	WITHDRAW	35000.00	Withdrawal request	PENDING	BALANCE	\N	\N	\N	\N	2026-01-25 03:14:17.963148+07	\N	\N	\N	2
1673	WD-EB66E074DB	WITHDRAW	35000.00	Withdrawal request	PENDING	BALANCE	\N	\N	\N	\N	2026-01-25 03:14:30.444516+07	\N	\N	\N	2
692	VCH-20251130144846-15F4A0	VOUCHER	5000.00	Voucher claim 000000	COMPLETED	BALANCE	\N	\N	2	000000	2025-11-30 21:48:46.199704+07	\N	\N	\N	2
2334	AUTO-20260308164445-B5A707	INTEREST	500.00	Hold profit (accrual) from Aset Standar I investment	COMPLETED	BALANCE_HOLD	\N	\N	\N	\N	2026-03-08 16:44:45.687618+07	25	\N	\N	148
2166	ADM-BALANCE-2-1772552221	CREDIT	1234.00	Admin increased balance by 1234	COMPLETED	BALANCE	\N	\N	\N	\N	2026-03-03 22:37:01.249716+07	\N	\N	\N	2
2340	AUTO-20260308164445-9C077B	INTEREST	500.00	Hold profit (accrual) from Aset Standar I investment	COMPLETED	BALANCE_HOLD	\N	\N	\N	\N	2026-03-08 16:44:45.820009+07	25	\N	\N	147
2342	AUTO-20260308164445-484E28	INTEREST	500.00	Hold profit (accrual) from Aset Standar I investment	COMPLETED	BALANCE_HOLD	\N	\N	\N	\N	2026-03-08 16:44:45.855802+07	25	\N	\N	147
687	WD-68662892D6	WITHDRAW	100000.00	Withdrawal request	PENDING	BALANCE	\N	\N	\N	\N	2025-11-30 21:45:34.822054+07	\N	\N	\N	2
2343	AUTO-20260308164445-BC3CA6	INTEREST	500.00	Hold profit (accrual) from Aset Standar I investment	COMPLETED	BALANCE_HOLD	\N	\N	\N	\N	2026-03-08 16:44:45.884127+07	25	\N	\N	145
2344	AUTO-20260308164445-5C5D49	INTEREST	500.00	Hold profit (accrual) from Aset Standar I investment	COMPLETED	BALANCE_HOLD	\N	\N	\N	\N	2026-03-08 16:44:45.899547+07	25	\N	\N	143
2346	AUTO-20260308164445-8D3BED	INTEREST	500.00	Hold profit (accrual) from Aset Standar I investment	COMPLETED	BALANCE_HOLD	\N	\N	\N	\N	2026-03-08 16:44:45.929509+07	25	\N	\N	143
2347	AUTO-20260308164445-78E8C0	INTEREST	500.00	Hold profit (accrual) from Aset Standar I investment	COMPLETED	BALANCE_HOLD	\N	\N	\N	\N	2026-03-08 16:44:45.946784+07	25	\N	\N	2
2348	AUTO-20260308164445-F89351	INTEREST	1000.00	Hold profit (accrual) from Aset Standar II investment	COMPLETED	BALANCE_HOLD	\N	\N	\N	\N	2026-03-08 16:44:45.962436+07	26	\N	\N	2
2409	AUTO-20260311023553-526923	INTEREST	500.00	Hold profit (accrual) from Aset Standar I investment	COMPLETED	BALANCE_HOLD	\N	\N	\N	\N	2026-03-11 02:35:53.133764+07	25	\N	\N	147
2411	AUTO-20260311023553-6038AA	INTEREST	500.00	Hold profit (accrual) from Aset Standar I investment	COMPLETED	BALANCE_HOLD	\N	\N	\N	\N	2026-03-11 02:35:53.153973+07	25	\N	\N	147
2412	AUTO-20260311023553-26D529	INTEREST	500.00	Hold profit (accrual) from Aset Standar I investment	COMPLETED	BALANCE_HOLD	\N	\N	\N	\N	2026-03-11 02:35:53.163261+07	25	\N	\N	145
2413	AUTO-20260311023553-4EEB11	INTEREST	500.00	Hold profit (accrual) from Aset Standar I investment	COMPLETED	BALANCE_HOLD	\N	\N	\N	\N	2026-03-11 02:35:53.171069+07	25	\N	\N	143
2415	AUTO-20260311023553-09073C	INTEREST	500.00	Hold profit (accrual) from Aset Standar I investment	COMPLETED	BALANCE_HOLD	\N	\N	\N	\N	2026-03-11 02:35:53.186369+07	25	\N	\N	143
2416	AUTO-20260311023553-353E77	INTEREST	500.00	Hold profit (accrual) from Aset Standar I investment	COMPLETED	BALANCE_HOLD	\N	\N	\N	\N	2026-03-11 02:35:53.193598+07	25	\N	\N	2
2417	AUTO-20260311023553-4E92A9	INTEREST	1000.00	Hold profit (accrual) from Aset Standar II investment	COMPLETED	BALANCE_HOLD	\N	\N	\N	\N	2026-03-11 02:35:53.201358+07	26	\N	\N	2
1859	REB-20260217095638-E2B663	PURCHASE_COMMISSION	10000.00	Purchase rebate L1 from +6289494949494 - Proyek Konservasi-Penyu Laut	COMPLETED	BALANCE	\N	1	\N	\N	2026-02-17 16:56:38.031175+07	\N	\N	\N	2
1860	REB-20260217095638-9E7AB6	PURCHASE_COMMISSION	5000.00	Purchase rebate L2 from +6289494949494 - Proyek Konservasi-Penyu Laut	COMPLETED	BALANCE	\N	2	\N	\N	2026-02-17 16:56:38.032709+07	\N	\N	\N	1
2332	AUTO-20260308164445-90687D	INTEREST	5550.00	Automatic profit from Aset Pilihan I investment	COMPLETED	BALANCE	\N	\N	\N	\N	2026-03-08 16:44:45.64961+07	\N	\N	\N	148
2333	AUTO-20260308164445-952C50	INTEREST	6600.00	Hold profit (accrual) from Kesejahteraan I investment	COMPLETED	BALANCE_HOLD	\N	\N	\N	\N	2026-03-08 16:44:45.670936+07	\N	\N	\N	148
2335	AUTO-20260308164445-0B4F37	INTEREST	10000.00	Automatic profit from Prioritas I investment	COMPLETED	BALANCE	\N	\N	\N	\N	2026-03-08 16:44:45.710285+07	\N	\N	\N	148
2336	AUTO-20260308164445-A58849	INTEREST	18000.00	Automatic profit from Prioritas III investment	COMPLETED	BALANCE	\N	\N	\N	\N	2026-03-08 16:44:45.742797+07	\N	\N	\N	147
2337	AUTO-20260308164445-EC2B7E	INTEREST	12000.00	Automatic profit from Prioritas II investment	COMPLETED	BALANCE	\N	\N	\N	\N	2026-03-08 16:44:45.761331+07	\N	\N	\N	147
2338	AUTO-20260308164445-88A6EF	INTEREST	12000.00	Automatic profit from Prioritas II investment	COMPLETED	BALANCE	\N	\N	\N	\N	2026-03-08 16:44:45.78332+07	\N	\N	\N	147
2339	AUTO-20260308164445-B5659C	INTEREST	10000.00	Automatic profit from Prioritas I investment	COMPLETED	BALANCE	\N	\N	\N	\N	2026-03-08 16:44:45.802767+07	\N	\N	\N	147
2341	AUTO-20260308164445-6B4711	INTEREST	10000.00	Automatic profit from Prioritas I investment	COMPLETED	BALANCE	\N	\N	\N	\N	2026-03-08 16:44:45.835605+07	\N	\N	\N	147
2345	AUTO-20260308164445-201C64	INTEREST	10000.00	Automatic profit from Prioritas I investment	COMPLETED	BALANCE	\N	\N	\N	\N	2026-03-08 16:44:45.91524+07	\N	\N	\N	2
2410	AUTO-20260311023553-18E089	INTEREST	10000.00	Automatic profit from Prioritas I investment	COMPLETED	BALANCE	\N	\N	\N	\N	2026-03-11 02:35:53.1431+07	\N	\N	\N	147
2908	AUTO-20260402220117-1E8907	INTEREST	17400.00	Automatic profit from Drone Arundala (U7S9DFF) investment	COMPLETED	BALANCE	\N	\N	\N	\N	2026-04-02 22:01:17.021194+07	25	\N	\N	149
2909	PRB-20260402150117-CBAF52	PROFIT_COMMISSION	870.00	Profit rebate L1 from +6281123456789 - Drone Arundala (U7S9DFF)	COMPLETED	BALANCE	\N	1	\N	\N	2026-04-02 22:01:17.046157+07	25	2908	149	148
2910	PRB-20260402150117-D4059E	PROFIT_COMMISSION	522.00	Profit rebate L2 from +6281123456789 - Drone Arundala (U7S9DFF)	COMPLETED	BALANCE	\N	2	\N	\N	2026-04-02 22:01:17.05127+07	25	2908	149	147
2911	PRB-20260402150117-5E7DDD	PROFIT_COMMISSION	174.00	Profit rebate L3 from +6281123456789 - Drone Arundala (U7S9DFF)	COMPLETED	BALANCE	\N	3	\N	\N	2026-04-02 22:01:17.055935+07	25	2908	149	145
2912	AUTO-20260402220117-F8B146	INTEREST	17400.00	Automatic profit from Drone Arundala (U7S9DFF) investment	COMPLETED	BALANCE	\N	\N	\N	\N	2026-04-02 22:01:17.107618+07	25	\N	\N	158
2913	PRB-20260402150117-2FE782	PROFIT_COMMISSION	870.00	Profit rebate L1 from +62857319731843 - Drone Arundala (U7S9DFF)	COMPLETED	BALANCE	\N	1	\N	\N	2026-04-02 22:01:17.1124+07	25	2912	158	149
2914	PRB-20260402150117-18C233	PROFIT_COMMISSION	522.00	Profit rebate L2 from +62857319731843 - Drone Arundala (U7S9DFF)	COMPLETED	BALANCE	\N	2	\N	\N	2026-04-02 22:01:17.11563+07	25	2912	158	148
2915	PRB-20260402150117-9774AE	PROFIT_COMMISSION	174.00	Profit rebate L3 from +62857319731843 - Drone Arundala (U7S9DFF)	COMPLETED	BALANCE	\N	3	\N	\N	2026-04-02 22:01:17.120303+07	25	2912	158	147
2916	AUTO-20260402220117-CD9785	INTEREST	17400.00	Automatic profit from Drone Arundala (U7S9DFF) investment	COMPLETED	BALANCE	\N	\N	\N	\N	2026-04-02 22:01:17.137668+07	25	\N	\N	157
2171	WD-05C6BF407D	WITHDRAW	50000.00	Withdrawal request	PENDING	BALANCE	\N	\N	\N	\N	2026-03-05 22:13:05.276299+07	\N	\N	\N	2
2177	PUR-20260305193100-7421D7	INVESTMENTS	10000.00	Purchase Aset Standar I (x1)	COMPLETED	BALANCE_DEPOSIT	1	\N	\N	\N	2026-03-06 02:31:00.220807+07	25	\N	\N	143
2178	REB-20260305193100-9B25C0	PURCHASE_COMMISSION	3300.00	Purchase rebate L1 from +6287123456789 - Aset Standar I	COMPLETED	BALANCE	\N	1	\N	\N	2026-03-06 02:31:00.267095+07	25	2177	143	2
2179	REB-20260305193100-6090DC	PURCHASE_COMMISSION	200.00	Purchase rebate L2 from +6287123456789 - Aset Standar I	COMPLETED	BALANCE	\N	2	\N	\N	2026-03-06 02:31:00.270158+07	25	2177	143	1
2349	WD-A3CB94FE9F	WITHDRAW	259120.00	Withdrawal request	PENDING	BALANCE	\N	\N	\N	\N	2026-03-08 17:02:41.332811+07	\N	\N	\N	149
1927	REB-20260218160403-363104	PURCHASE_COMMISSION	1800.00	Purchase rebate L2 from +62812345678902 - Proyek Konservasi-Uji Coba Biota	COMPLETED	BALANCE	\N	2	\N	\N	2026-02-18 23:04:03.044427+07	\N	\N	\N	2
2423	AUTO-20260325113638-FE928F	INTEREST	17400.00	Hold profit (accrual) from Aset Standar I investment	COMPLETED	BALANCE_HOLD	\N	\N	\N	\N	2026-03-25 11:36:38.651293+07	25	\N	\N	149
2167	ATT-20260303183720-D1D5B4	ATTENDANCE	364.68	Daily attendance claim	COMPLETED	BALANCE	\N	\N	\N	\N	2026-03-04 01:37:20.635877+07	\N	\N	\N	2
2424	AUTO-20260325113638-F647B1	INTEREST	17400.00	Hold profit (accrual) from Aset Standar I investment	COMPLETED	BALANCE_HOLD	\N	\N	\N	\N	2026-03-25 11:36:38.661799+07	25	\N	\N	158
2425	AUTO-20260325113638-6D9BEE	INTEREST	17400.00	Hold profit (accrual) from Aset Standar I investment	COMPLETED	BALANCE_HOLD	\N	\N	\N	\N	2026-03-25 11:36:38.669687+07	25	\N	\N	157
2426	AUTO-20260325113638-6F99CD	INTEREST	17400.00	Hold profit (accrual) from Aset Standar I investment	COMPLETED	BALANCE_HOLD	\N	\N	\N	\N	2026-03-25 11:36:38.680061+07	25	\N	\N	156
2427	AUTO-20260325113638-EC8BB0	INTEREST	17400.00	Hold profit (accrual) from Aset Standar I investment	COMPLETED	BALANCE_HOLD	\N	\N	\N	\N	2026-03-25 11:36:38.688626+07	25	\N	\N	155
2428	AUTO-20260325113638-F3A777	INTEREST	17400.00	Hold profit (accrual) from Aset Standar I investment	COMPLETED	BALANCE_HOLD	\N	\N	\N	\N	2026-03-25 11:36:38.69742+07	25	\N	\N	154
2429	AUTO-20260325113638-A8099E	INTEREST	17400.00	Hold profit (accrual) from Aset Standar I investment	COMPLETED	BALANCE_HOLD	\N	\N	\N	\N	2026-03-25 11:36:38.708458+07	25	\N	\N	153
2430	AUTO-20260325113638-D7B743	INTEREST	17400.00	Hold profit (accrual) from Aset Standar I investment	COMPLETED	BALANCE_HOLD	\N	\N	\N	\N	2026-03-25 11:36:38.715909+07	25	\N	\N	152
1674	WD-DD2A9F01FC	WITHDRAW	35000.00	Withdrawal request	PENDING	BALANCE	\N	\N	\N	\N	2026-01-25 03:17:57.480032+07	\N	\N	\N	2
2431	AUTO-20260325113638-5D61C4	INTEREST	17400.00	Hold profit (accrual) from Aset Standar I investment	COMPLETED	BALANCE_HOLD	\N	\N	\N	\N	2026-03-25 11:36:38.726549+07	25	\N	\N	151
2432	AUTO-20260325113638-007C73	INTEREST	17400.00	Hold profit (accrual) from Aset Standar I investment	COMPLETED	BALANCE_HOLD	\N	\N	\N	\N	2026-03-25 11:36:38.733995+07	25	\N	\N	150
2433	AUTO-20260325113638-024F4A	INTEREST	17400.00	Hold profit (accrual) from Aset Standar I investment	COMPLETED	BALANCE_HOLD	\N	\N	\N	\N	2026-03-25 11:36:38.743988+07	25	\N	\N	148
2436	AUTO-20260325113638-138EFE	INTEREST	500.00	Hold profit (accrual) from Aset Standar I investment	COMPLETED	BALANCE_HOLD	\N	\N	\N	\N	2026-03-25 11:36:38.770269+07	25	\N	\N	148
8	WD-1A948089C1	WITHDRAW	50000.00	Withdrawal request	REJECTED	BALANCE	\N	\N	\N	\N	2025-11-10 00:09:21.327296+07	\N	\N	\N	2
170	WDREF-DF0B901828	REJECT	50000.00	Withdrawal rejected - refund	COMPLETED	BALANCE	\N	\N	\N	\N	2025-11-10 12:52:29.250887+07	\N	8	\N	2
172	WDREF-F2DC9A57F7	REJECT	50000.00	Withdrawal rejected - refund	COMPLETED	BALANCE	\N	\N	\N	\N	2025-11-10 12:53:55.646198+07	\N	171	\N	2
173	ADM-BALANCE_DEPOSIT-2-1762754218	CREDIT	150000.00	Admin increased balance_deposit by 150000	COMPLETED	BALANCE_DEPOSIT	\N	\N	\N	\N	2025-11-10 12:56:58.210895+07	\N	\N	\N	2
2442	AUTO-20260325113638-929838	INTEREST	500.00	Hold profit (accrual) from Aset Standar I investment	COMPLETED	BALANCE_HOLD	\N	\N	\N	\N	2026-03-25 11:36:38.819719+07	25	\N	\N	147
2444	AUTO-20260325113638-436D39	INTEREST	500.00	Hold profit (accrual) from Aset Standar I investment	COMPLETED	BALANCE_HOLD	\N	\N	\N	\N	2026-03-25 11:36:38.835866+07	25	\N	\N	147
171	WD-33625F0256	WITHDRAW	50000.00	Withdrawal request	COMPLETED	BALANCE	\N	\N	\N	\N	2025-11-10 12:53:36.008394+07	\N	\N	\N	2
180	WD-F0F7B1B55A	WITHDRAW	50000.00	Withdrawal request	COMPLETED	BALANCE	\N	\N	\N	\N	2025-11-10 15:28:00.500638+07	\N	\N	\N	2
181	WD-DFCA4909BF	WITHDRAW	50000.00	Withdrawal request	REJECTED	BALANCE	\N	\N	\N	\N	2025-11-10 16:12:00.666151+07	\N	\N	\N	2
182	WDREF-8C62A618C7	REJECT	50000.00	Withdrawal rejected - refund	COMPLETED	BALANCE	\N	\N	\N	\N	2025-11-10 16:55:00.243299+07	\N	181	\N	2
2445	AUTO-20260325113638-D81B3A	INTEREST	500.00	Hold profit (accrual) from Aset Standar I investment	COMPLETED	BALANCE_HOLD	\N	\N	\N	\N	2026-03-25 11:36:38.843343+07	25	\N	\N	145
2446	AUTO-20260325113638-F0D841	INTEREST	500.00	Hold profit (accrual) from Aset Standar I investment	COMPLETED	BALANCE_HOLD	\N	\N	\N	\N	2026-03-25 11:36:38.851016+07	25	\N	\N	143
2172	DEP-20260305221343-AAEEDC	DEPOSIT	35000.00	Deposit via Jayapay (BALANCE_DEPOSIT)	FAILED	BALANCE_DEPOSIT	\N	\N	\N	\N	2026-03-05 22:13:43.390671+07	\N	\N	\N	2
2448	AUTO-20260325113638-D1AA63	INTEREST	500.00	Hold profit (accrual) from Aset Standar I investment	COMPLETED	BALANCE_HOLD	\N	\N	\N	\N	2026-03-25 11:36:38.864271+07	25	\N	\N	143
2449	AUTO-20260325113638-8C3053	INTEREST	500.00	Hold profit (accrual) from Aset Standar I investment	COMPLETED	BALANCE_HOLD	\N	\N	\N	\N	2026-03-25 11:36:38.872752+07	25	\N	\N	2
2450	AUTO-20260325113638-6BE17C	INTEREST	1000.00	Hold profit (accrual) from Aset Standar II investment	COMPLETED	BALANCE_HOLD	\N	\N	\N	\N	2026-03-25 11:36:38.879008+07	26	\N	\N	2
2180	PUR-20260306050628-7CE5CB	INVESTMENTS	100000.00	Purchase Prioritas I (x1)	COMPLETED	BALANCE_DEPOSIT	1	\N	\N	\N	2026-03-06 12:06:28.728096+07	\N	\N	\N	2
2181	REB-20260306050628-558275	PURCHASE_COMMISSION	33000.00	Purchase rebate L1 from +6289595959595 - Prioritas I	COMPLETED	BALANCE	\N	1	\N	\N	2026-03-06 12:06:28.739938+07	\N	2180	2	1
2917	PRB-20260402150117-996D7F	PROFIT_COMMISSION	870.00	Profit rebate L1 from +6281111111189 - Drone Arundala (U7S9DFF)	COMPLETED	BALANCE	\N	1	\N	\N	2026-04-02 22:01:17.14186+07	25	2916	157	149
2918	PRB-20260402150117-06DA0F	PROFIT_COMMISSION	522.00	Profit rebate L2 from +6281111111189 - Drone Arundala (U7S9DFF)	COMPLETED	BALANCE	\N	2	\N	\N	2026-04-02 22:01:17.161759+07	25	2916	157	148
1930	REB-20260218160501-40FC45	PURCHASE_COMMISSION	1800.00	Purchase rebate L2 from +62812345678902 - Proyek Konservasi-Uji Coba Biota	COMPLETED	BALANCE	\N	2	\N	\N	2026-02-18 23:05:01.71171+07	\N	\N	\N	2
2919	PRB-20260402150117-5512B1	PROFIT_COMMISSION	174.00	Profit rebate L3 from +6281111111189 - Drone Arundala (U7S9DFF)	COMPLETED	BALANCE	\N	3	\N	\N	2026-04-02 22:01:17.164872+07	25	2916	157	147
2920	AUTO-20260402220117-22E556	INTEREST	17400.00	Automatic profit from Drone Arundala (U7S9DFF) investment	COMPLETED	BALANCE	\N	\N	\N	\N	2026-04-02 22:01:17.182058+07	25	\N	\N	156
2921	PRB-20260402150117-BB1EB8	PROFIT_COMMISSION	870.00	Profit rebate L1 from +6281111111789 - Drone Arundala (U7S9DFF)	COMPLETED	BALANCE	\N	1	\N	\N	2026-04-02 22:01:17.185207+07	25	2920	156	149
2922	PRB-20260402150117-E65601	PROFIT_COMMISSION	522.00	Profit rebate L2 from +6281111111789 - Drone Arundala (U7S9DFF)	COMPLETED	BALANCE	\N	2	\N	\N	2026-04-02 22:01:17.189934+07	25	2920	156	148
2923	PRB-20260402150117-2D94F0	PROFIT_COMMISSION	174.00	Profit rebate L3 from +6281111111789 - Drone Arundala (U7S9DFF)	COMPLETED	BALANCE	\N	3	\N	\N	2026-04-02 22:01:17.194609+07	25	2920	156	147
2924	AUTO-20260402220117-4170D7	INTEREST	17400.00	Automatic profit from Drone Arundala (U7S9DFF) investment	COMPLETED	BALANCE	\N	\N	\N	\N	2026-04-02 22:01:17.210433+07	25	\N	\N	155
2925	PRB-20260402150117-D9C53E	PROFIT_COMMISSION	870.00	Profit rebate L1 from +62811111456789 - Drone Arundala (U7S9DFF)	COMPLETED	BALANCE	\N	1	\N	\N	2026-04-02 22:01:17.214708+07	25	2924	155	149
2926	PRB-20260402150117-C23C9C	PROFIT_COMMISSION	522.00	Profit rebate L2 from +62811111456789 - Drone Arundala (U7S9DFF)	COMPLETED	BALANCE	\N	2	\N	\N	2026-04-02 22:01:17.217822+07	25	2924	155	148
2927	PRB-20260402150117-AD3227	PROFIT_COMMISSION	174.00	Profit rebate L3 from +62811111456789 - Drone Arundala (U7S9DFF)	COMPLETED	BALANCE	\N	3	\N	\N	2026-04-02 22:01:17.224142+07	25	2924	155	147
2928	AUTO-20260402220117-BC1CAA	INTEREST	17400.00	Automatic profit from Drone Arundala (U7S9DFF) investment	COMPLETED	BALANCE	\N	\N	\N	\N	2026-04-02 22:01:17.239403+07	25	\N	\N	154
2929	PRB-20260402150117-04F4BC	PROFIT_COMMISSION	870.00	Profit rebate L1 from +62811113456789 - Drone Arundala (U7S9DFF)	COMPLETED	BALANCE	\N	1	\N	\N	2026-04-02 22:01:17.24405+07	25	2928	154	149
2930	PRB-20260402150117-07C24E	PROFIT_COMMISSION	522.00	Profit rebate L2 from +62811113456789 - Drone Arundala (U7S9DFF)	COMPLETED	BALANCE	\N	2	\N	\N	2026-04-02 22:01:17.247172+07	25	2928	154	148
2931	PRB-20260402150117-FD22F5	PROFIT_COMMISSION	174.00	Profit rebate L3 from +62811113456789 - Drone Arundala (U7S9DFF)	COMPLETED	BALANCE	\N	3	\N	\N	2026-04-02 22:01:17.251967+07	25	2928	154	147
2932	AUTO-20260402220117-0AF92D	INTEREST	17400.00	Automatic profit from Drone Arundala (U7S9DFF) investment	COMPLETED	BALANCE	\N	\N	\N	\N	2026-04-02 22:01:17.269601+07	25	\N	\N	153
2933	PRB-20260402150117-812A40	PROFIT_COMMISSION	870.00	Profit rebate L1 from +62811123456789 - Drone Arundala (U7S9DFF)	COMPLETED	BALANCE	\N	1	\N	\N	2026-04-02 22:01:17.274273+07	25	2932	153	149
2934	PRB-20260402150117-1A742B	PROFIT_COMMISSION	522.00	Profit rebate L2 from +62811123456789 - Drone Arundala (U7S9DFF)	COMPLETED	BALANCE	\N	2	\N	\N	2026-04-02 22:01:17.277383+07	25	2932	153	148
2935	PRB-20260402150117-33450C	PROFIT_COMMISSION	174.00	Profit rebate L3 from +62811123456789 - Drone Arundala (U7S9DFF)	COMPLETED	BALANCE	\N	3	\N	\N	2026-04-02 22:01:17.282588+07	25	2932	153	147
2936	AUTO-20260402220117-AE2C4A	INTEREST	17400.00	Automatic profit from Drone Arundala (U7S9DFF) investment	COMPLETED	BALANCE	\N	\N	\N	\N	2026-04-02 22:01:17.300363+07	25	\N	\N	152
2937	PRB-20260402150117-962681	PROFIT_COMMISSION	870.00	Profit rebate L1 from +6281234456789 - Drone Arundala (U7S9DFF)	COMPLETED	BALANCE	\N	1	\N	\N	2026-04-02 22:01:17.304924+07	25	2936	152	151
2938	PRB-20260402150117-92A4EF	PROFIT_COMMISSION	522.00	Profit rebate L2 from +6281234456789 - Drone Arundala (U7S9DFF)	COMPLETED	BALANCE	\N	2	\N	\N	2026-04-02 22:01:17.308471+07	25	2936	152	150
2939	PRB-20260402150117-1C290F	PROFIT_COMMISSION	174.00	Profit rebate L3 from +6281234456789 - Drone Arundala (U7S9DFF)	COMPLETED	BALANCE	\N	3	\N	\N	2026-04-02 22:01:17.312559+07	25	2936	152	149
2940	AUTO-20260402220117-DFEA66	INTEREST	17400.00	Automatic profit from Drone Arundala (U7S9DFF) investment	COMPLETED	BALANCE	\N	\N	\N	\N	2026-04-02 22:01:17.326924+07	25	\N	\N	151
2941	PRB-20260402150117-DA2753	PROFIT_COMMISSION	870.00	Profit rebate L1 from +6281233456789 - Drone Arundala (U7S9DFF)	COMPLETED	BALANCE	\N	1	\N	\N	2026-04-02 22:01:17.334723+07	25	2940	151	150
2942	PRB-20260402150117-EC59CA	PROFIT_COMMISSION	522.00	Profit rebate L2 from +6281233456789 - Drone Arundala (U7S9DFF)	COMPLETED	BALANCE	\N	2	\N	\N	2026-04-02 22:01:17.338903+07	25	2940	151	149
2943	PRB-20260402150117-CF7461	PROFIT_COMMISSION	174.00	Profit rebate L3 from +6281233456789 - Drone Arundala (U7S9DFF)	COMPLETED	BALANCE	\N	3	\N	\N	2026-04-02 22:01:17.343605+07	25	2940	151	148
2944	AUTO-20260402220117-EB04FC	INTEREST	17400.00	Automatic profit from Drone Arundala (U7S9DFF) investment	COMPLETED	BALANCE	\N	\N	\N	\N	2026-04-02 22:01:17.36404+07	25	\N	\N	150
2945	PRB-20260402150117-D365F8	PROFIT_COMMISSION	870.00	Profit rebate L1 from +6281223456789 - Drone Arundala (U7S9DFF)	COMPLETED	BALANCE	\N	1	\N	\N	2026-04-02 22:01:17.369168+07	25	2944	150	149
2946	PRB-20260402150117-72D360	PROFIT_COMMISSION	522.00	Profit rebate L2 from +6281223456789 - Drone Arundala (U7S9DFF)	COMPLETED	BALANCE	\N	2	\N	\N	2026-04-02 22:01:17.373741+07	25	2944	150	148
213	PRB-20251126134655-A1E6A6	PROFIT_COMMISSION	905.92	Profit rebate L2 from 0800123456789 - Sistem Lyvion	COMPLETED	BALANCE	\N	2	\N	\N	2025-11-26 20:46:55.322237+07	\N	\N	\N	2
214	PRB-20251126134655-0861D9	PROFIT_COMMISSION	452.96	Profit rebate L3 from 0800123456789 - Sistem Lyvion	COMPLETED	BALANCE	\N	3	\N	\N	2025-11-26 20:46:55.393825+07	\N	\N	\N	1
2173	PUR-20260305152227-575EF8	INVESTMENTS	10000.00	Purchase Aset Standar I (x1)	COMPLETED	BALANCE_DEPOSIT	1	\N	\N	\N	2026-03-05 22:22:27.27555+07	25	\N	\N	2
2174	REB-20260305152227-CEE9DC	PURCHASE_COMMISSION	3300.00	Purchase rebate L1 from +6289595959595 - Aset Standar I	COMPLETED	BALANCE	\N	1	\N	\N	2026-03-05 22:22:27.292335+07	25	2173	2	1
2182	ADM-BALANCE-143-1772786954	CREDIT	500000.00	Admin increased balance by 500000	COMPLETED	BALANCE	\N	\N	\N	\N	2026-03-06 15:49:14.635431+07	\N	\N	\N	143
1933	REB-20260218160545-B9C1DF	PURCHASE_COMMISSION	1800.00	Purchase rebate L2 from +62812345678902 - Proyek Konservasi-Uji Coba Biota	COMPLETED	BALANCE	\N	2	\N	\N	2026-02-18 23:05:45.493117+07	\N	\N	\N	2
2456	AUTO-20260326123129-8F6BA4	INTEREST	17400.00	Hold profit (accrual) from Aset Standar I investment	COMPLETED	BALANCE_HOLD	\N	\N	\N	\N	2026-03-26 12:31:29.449325+07	25	\N	\N	149
2457	AUTO-20260326123129-A44711	INTEREST	17400.00	Hold profit (accrual) from Aset Standar I investment	COMPLETED	BALANCE_HOLD	\N	\N	\N	\N	2026-03-26 12:31:29.467119+07	25	\N	\N	158
2458	AUTO-20260326123129-68B2B4	INTEREST	17400.00	Hold profit (accrual) from Aset Standar I investment	COMPLETED	BALANCE_HOLD	\N	\N	\N	\N	2026-03-26 12:31:29.48381+07	25	\N	\N	157
2459	AUTO-20260326123129-E520DE	INTEREST	17400.00	Hold profit (accrual) from Aset Standar I investment	COMPLETED	BALANCE_HOLD	\N	\N	\N	\N	2026-03-26 12:31:29.501328+07	25	\N	\N	156
2460	AUTO-20260326123129-9C585F	INTEREST	17400.00	Hold profit (accrual) from Aset Standar I investment	COMPLETED	BALANCE_HOLD	\N	\N	\N	\N	2026-03-26 12:31:29.518027+07	25	\N	\N	155
2461	AUTO-20260326123129-BE42D6	INTEREST	17400.00	Hold profit (accrual) from Aset Standar I investment	COMPLETED	BALANCE_HOLD	\N	\N	\N	\N	2026-03-26 12:31:29.536462+07	25	\N	\N	154
2462	AUTO-20260326123129-AABBD1	INTEREST	17400.00	Hold profit (accrual) from Aset Standar I investment	COMPLETED	BALANCE_HOLD	\N	\N	\N	\N	2026-03-26 12:31:29.553562+07	25	\N	\N	153
1863	PUR-20260217123106-709DCB	INVESTMENTS	100000.00	Purchase Proyek Konservasi-Penyu Laut (x1)	COMPLETED	BALANCE	1	\N	\N	\N	2026-02-17 19:31:06.969639+07	\N	\N	\N	2
1864	REB-20260217123106-81598B	PURCHASE_COMMISSION	10000.00	Purchase rebate L1 from +6289595959595 - Proyek Konservasi-Penyu Laut	COMPLETED	BALANCE	\N	1	\N	\N	2026-02-17 19:31:06.983788+07	\N	1863	2	1
2463	AUTO-20260326123129-29FE6D	INTEREST	17400.00	Hold profit (accrual) from Aset Standar I investment	COMPLETED	BALANCE_HOLD	\N	\N	\N	\N	2026-03-26 12:31:29.570611+07	25	\N	\N	152
2464	AUTO-20260326123129-B75636	INTEREST	17400.00	Hold profit (accrual) from Aset Standar I investment	COMPLETED	BALANCE_HOLD	\N	\N	\N	\N	2026-03-26 12:31:29.588393+07	25	\N	\N	151
2465	AUTO-20260326123129-4950A2	INTEREST	17400.00	Hold profit (accrual) from Aset Standar I investment	COMPLETED	BALANCE_HOLD	\N	\N	\N	\N	2026-03-26 12:31:29.606132+07	25	\N	\N	150
2466	AUTO-20260326123129-3A2B4E	INTEREST	17400.00	Hold profit (accrual) from Aset Standar I investment	COMPLETED	BALANCE_HOLD	\N	\N	\N	\N	2026-03-26 12:31:29.623797+07	25	\N	\N	148
2469	AUTO-20260326123129-48F663	INTEREST	500.00	Hold profit (accrual) from Aset Standar I investment	COMPLETED	BALANCE_HOLD	\N	\N	\N	\N	2026-03-26 12:31:29.679078+07	25	\N	\N	148
2475	AUTO-20260326123129-D8D849	INTEREST	500.00	Hold profit (accrual) from Aset Standar I investment	COMPLETED	BALANCE_HOLD	\N	\N	\N	\N	2026-03-26 12:31:29.778552+07	25	\N	\N	147
2477	AUTO-20260326123129-528653	INTEREST	500.00	Hold profit (accrual) from Aset Standar I investment	COMPLETED	BALANCE_HOLD	\N	\N	\N	\N	2026-03-26 12:31:29.809514+07	25	\N	\N	147
2478	AUTO-20260326123129-D13233	INTEREST	500.00	Hold profit (accrual) from Aset Standar I investment	COMPLETED	BALANCE_HOLD	\N	\N	\N	\N	2026-03-26 12:31:29.82511+07	25	\N	\N	145
2479	AUTO-20260326123129-2D59D2	INTEREST	500.00	Hold profit (accrual) from Aset Standar I investment	COMPLETED	BALANCE_HOLD	\N	\N	\N	\N	2026-03-26 12:31:29.837827+07	25	\N	\N	143
2481	AUTO-20260326123129-ACACF9	INTEREST	500.00	Hold profit (accrual) from Aset Standar I investment	COMPLETED	BALANCE_HOLD	\N	\N	\N	\N	2026-03-26 12:31:29.870784+07	25	\N	\N	143
2482	AUTO-20260326123129-6DB998	INTEREST	500.00	Hold profit (accrual) from Aset Standar I investment	COMPLETED	BALANCE_HOLD	\N	\N	\N	\N	2026-03-26 12:31:29.883184+07	25	\N	\N	2
2483	AUTO-20260326123129-9415D7	INTEREST	1000.00	Hold profit (accrual) from Aset Standar II investment	COMPLETED	BALANCE_HOLD	\N	\N	\N	\N	2026-03-26 12:31:29.895369+07	26	\N	\N	2
2352	REB-20260308100647-73DB81	PURCHASE_COMMISSION	19140.00	Purchase rebate L1 from +6281808368211 - Aset Standar I	COMPLETED	BALANCE	\N	1	\N	\N	2026-03-08 17:06:47.605404+07	25	\N	\N	149
2353	REB-20260308100647-75DCCB	PURCHASE_COMMISSION	1160.00	Purchase rebate L2 from +6281808368211 - Aset Standar I	COMPLETED	BALANCE	\N	2	\N	\N	2026-03-08 17:06:47.612882+07	25	\N	\N	148
2354	REB-20260308100647-BB0485	PURCHASE_COMMISSION	580.00	Purchase rebate L3 from +6281808368211 - Aset Standar I	COMPLETED	BALANCE	\N	3	\N	\N	2026-03-08 17:06:47.617495+07	25	\N	\N	147
2183	PUR-20260306085023-967903	INVESTMENTS	10000.00	Purchase Aset Standar I (x1)	COMPLETED	BALANCE_DEPOSIT	1	\N	\N	\N	2026-03-06 15:50:23.829453+07	25	\N	\N	143
2184	REB-20260306085023-AEDC41	PURCHASE_COMMISSION	3300.00	Purchase rebate L1 from +6287123456789 - Aset Standar I	COMPLETED	BALANCE	\N	1	\N	\N	2026-03-06 15:50:23.860601+07	25	2183	143	2
2185	REB-20260306085023-0210A1	PURCHASE_COMMISSION	200.00	Purchase rebate L2 from +6287123456789 - Aset Standar I	COMPLETED	BALANCE	\N	2	\N	\N	2026-03-06 15:50:23.865275+07	25	2183	143	1
1777	VCH-20260212191244-370A8B	VOUCHER	10000.00	Voucher claim auto	COMPLETED	BALANCE_DEPOSIT	\N	\N	8	auto	2026-02-12 19:12:44.446682+07	\N	\N	\N	2
1865	WD-313E7DB733	WITHDRAW	50000.00	Withdrawal request	PENDING	BALANCE	\N	\N	\N	\N	2026-02-17 19:42:13.915052+07	\N	\N	\N	2
1936	REB-20260218160653-D9006D	PURCHASE_COMMISSION	7900.00	Purchase rebate L2 from +62812345678902 - Proyek Konservasi-Kuda Laut	COMPLETED	BALANCE	\N	2	\N	\N	2026-02-18 23:06:53.258226+07	\N	\N	\N	2
2489	AUTO-20260327123844-DF12E5	INTEREST	17400.00	Hold profit (accrual) from Aset Standar I investment	COMPLETED	BALANCE_HOLD	\N	\N	\N	\N	2026-03-27 12:38:44.912415+07	25	\N	\N	149
2490	AUTO-20260327123844-692167	INTEREST	17400.00	Hold profit (accrual) from Aset Standar I investment	COMPLETED	BALANCE_HOLD	\N	\N	\N	\N	2026-03-27 12:38:44.932456+07	25	\N	\N	158
2491	AUTO-20260327123844-D9A127	INTEREST	17400.00	Hold profit (accrual) from Aset Standar I investment	COMPLETED	BALANCE_HOLD	\N	\N	\N	\N	2026-03-27 12:38:44.951763+07	25	\N	\N	157
2492	AUTO-20260327123844-C02FE2	INTEREST	17400.00	Hold profit (accrual) from Aset Standar I investment	COMPLETED	BALANCE_HOLD	\N	\N	\N	\N	2026-03-27 12:38:44.97281+07	25	\N	\N	156
2493	AUTO-20260327123844-EC1C85	INTEREST	17400.00	Hold profit (accrual) from Aset Standar I investment	COMPLETED	BALANCE_HOLD	\N	\N	\N	\N	2026-03-27 12:38:44.991127+07	25	\N	\N	155
2494	AUTO-20260327123845-945792	INTEREST	17400.00	Hold profit (accrual) from Aset Standar I investment	COMPLETED	BALANCE_HOLD	\N	\N	\N	\N	2026-03-27 12:38:45.013459+07	25	\N	\N	154
2495	AUTO-20260327123845-44483E	INTEREST	17400.00	Hold profit (accrual) from Aset Standar I investment	COMPLETED	BALANCE_HOLD	\N	\N	\N	\N	2026-03-27 12:38:45.031071+07	25	\N	\N	153
2496	AUTO-20260327123845-8FFB6C	INTEREST	17400.00	Hold profit (accrual) from Aset Standar I investment	COMPLETED	BALANCE_HOLD	\N	\N	\N	\N	2026-03-27 12:38:45.048428+07	25	\N	\N	152
2497	AUTO-20260327123845-2E9352	INTEREST	17400.00	Hold profit (accrual) from Aset Standar I investment	COMPLETED	BALANCE_HOLD	\N	\N	\N	\N	2026-03-27 12:38:45.065711+07	25	\N	\N	151
2498	AUTO-20260327123845-A4AEFB	INTEREST	17400.00	Hold profit (accrual) from Aset Standar I investment	COMPLETED	BALANCE_HOLD	\N	\N	\N	\N	2026-03-27 12:38:45.085519+07	25	\N	\N	150
2499	AUTO-20260327123845-661D03	INTEREST	17400.00	Hold profit (accrual) from Aset Standar I investment	COMPLETED	BALANCE_HOLD	\N	\N	\N	\N	2026-03-27 12:38:45.104986+07	25	\N	\N	148
1913	REB-20260218122937-3BB99B	PURCHASE_COMMISSION	3000.00	Purchase rebate L2 from +6285770404473 - Proyek Konservasi-Uji Coba Biota	COMPLETED	BALANCE	\N	2	\N	\N	2026-02-18 19:29:37.940998+07	\N	\N	\N	2
2502	AUTO-20260327123845-A16C05	INTEREST	500.00	Hold profit (accrual) from Aset Standar I investment	COMPLETED	BALANCE_HOLD	\N	\N	\N	\N	2026-03-27 12:38:45.159141+07	25	\N	\N	148
2508	AUTO-20260327123845-5944FB	INTEREST	500.00	Hold profit (accrual) from Aset Standar I investment	COMPLETED	BALANCE_HOLD	\N	\N	\N	\N	2026-03-27 12:38:45.25895+07	25	\N	\N	147
2510	AUTO-20260327123845-0DCB2E	INTEREST	500.00	Hold profit (accrual) from Aset Standar I investment	COMPLETED	BALANCE_HOLD	\N	\N	\N	\N	2026-03-27 12:38:45.291407+07	25	\N	\N	147
2511	AUTO-20260327123845-A092EC	INTEREST	500.00	Hold profit (accrual) from Aset Standar I investment	COMPLETED	BALANCE_HOLD	\N	\N	\N	\N	2026-03-27 12:38:45.306677+07	25	\N	\N	145
2512	AUTO-20260327123845-8BC184	INTEREST	500.00	Hold profit (accrual) from Aset Standar I investment	COMPLETED	BALANCE_HOLD	\N	\N	\N	\N	2026-03-27 12:38:45.320203+07	25	\N	\N	143
2514	AUTO-20260327123845-9F359C	INTEREST	500.00	Hold profit (accrual) from Aset Standar I investment	COMPLETED	BALANCE_HOLD	\N	\N	\N	\N	2026-03-27 12:38:45.34629+07	25	\N	\N	143
2515	AUTO-20260327123845-29A2FD	INTEREST	500.00	Hold profit (accrual) from Aset Standar I investment	COMPLETED	BALANCE_HOLD	\N	\N	\N	\N	2026-03-27 12:38:45.358784+07	25	\N	\N	2
2186	WD-9684139EFD	WITHDRAW	100000.00	Withdrawal request	PENDING	BALANCE	\N	\N	\N	\N	2026-03-06 16:06:42.309535+07	\N	\N	\N	2
2516	AUTO-20260327123845-935BBE	INTEREST	1000.00	Hold profit (accrual) from Aset Standar II investment	COMPLETED	BALANCE_HOLD	\N	\N	\N	\N	2026-03-27 12:38:45.370222+07	26	\N	\N	2
1939	REB-20260218160942-9FBA49	PURCHASE_COMMISSION	7900.00	Purchase rebate L2 from +62812345678902 - Proyek Konservasi-Kuda Laut	COMPLETED	BALANCE	\N	2	\N	\N	2026-02-18 23:09:42.901039+07	\N	\N	\N	2
1778	PUR-20260212132705-D19FD5	INVESTMENTS	348000.00	Purchase InsightAi-10382 (x1)	COMPLETED	BALANCE_DEPOSIT	1	\N	\N	\N	2026-02-12 20:27:05.428957+07	\N	\N	\N	2
1779	REB-20260212132705-EC9474	PURCHASE_COMMISSION	69600.00	Purchase rebate L1 from +6289595959595 - InsightAi-10382	COMPLETED	BALANCE	\N	1	\N	\N	2026-02-12 20:27:05.456098+07	\N	1778	2	1
1866	WD-5F411CCEA1	WITHDRAW	50000.00	Withdrawal request	PENDING	BALANCE	\N	\N	\N	\N	2026-02-17 19:42:22.680318+07	\N	\N	\N	2
2360	REB-20260308100800-1AA880	PURCHASE_COMMISSION	41250.00	Purchase rebate L1 from +6281808368211 - Aset Pilihan I	COMPLETED	BALANCE	\N	1	\N	\N	2026-03-08 17:08:00.71267+07	\N	\N	\N	149
2361	REB-20260308100800-585CDA	PURCHASE_COMMISSION	2500.00	Purchase rebate L2 from +6281808368211 - Aset Pilihan I	COMPLETED	BALANCE	\N	2	\N	\N	2026-03-08 17:08:00.718657+07	\N	\N	\N	148
2362	REB-20260308100800-F970FB	PURCHASE_COMMISSION	1250.00	Purchase rebate L3 from +6281808368211 - Aset Pilihan I	COMPLETED	BALANCE	\N	3	\N	\N	2026-03-08 17:08:00.723326+07	\N	\N	\N	147
2947	PRB-20260402150117-351164	PROFIT_COMMISSION	174.00	Profit rebate L3 from +6281223456789 - Drone Arundala (U7S9DFF)	COMPLETED	BALANCE	\N	3	\N	\N	2026-04-02 22:01:17.378306+07	25	2944	150	147
2948	AUTO-20260402220117-2B0749	INTEREST	17400.00	Automatic profit from Drone Arundala (U7S9DFF) investment	COMPLETED	BALANCE	\N	\N	\N	\N	2026-04-02 22:01:17.395012+07	25	\N	\N	148
2949	PRB-20260402150117-15B680	PROFIT_COMMISSION	870.00	Profit rebate L1 from +6289123456789 - Drone Arundala (U7S9DFF)	COMPLETED	BALANCE	\N	1	\N	\N	2026-04-02 22:01:17.400103+07	25	2948	148	147
2950	PRB-20260402150117-39D769	PROFIT_COMMISSION	522.00	Profit rebate L2 from +6289123456789 - Drone Arundala (U7S9DFF)	COMPLETED	BALANCE	\N	2	\N	\N	2026-04-02 22:01:17.404195+07	25	2948	148	145
2951	PRB-20260402150117-98CB43	PROFIT_COMMISSION	174.00	Profit rebate L3 from +6289123456789 - Drone Arundala (U7S9DFF)	COMPLETED	BALANCE	\N	3	\N	\N	2026-04-02 22:01:17.409263+07	25	2948	148	143
2952	AUTO-20260402220117-D9129B	INTEREST	500.00	Automatic profit from Drone Arundala (U7S9DFF) investment	COMPLETED	BALANCE	\N	\N	\N	\N	2026-04-02 22:01:17.424872+07	25	\N	\N	148
2953	PRB-20260402150117-133630	PROFIT_COMMISSION	25.00	Profit rebate L1 from +6289123456789 - Drone Arundala (U7S9DFF)	COMPLETED	BALANCE	\N	1	\N	\N	2026-04-02 22:01:17.430641+07	25	2952	148	147
2954	PRB-20260402150117-256117	PROFIT_COMMISSION	15.00	Profit rebate L2 from +6289123456789 - Drone Arundala (U7S9DFF)	COMPLETED	BALANCE	\N	2	\N	\N	2026-04-02 22:01:17.435362+07	25	2952	148	145
2955	PRB-20260402150117-7EED3C	PROFIT_COMMISSION	5.00	Profit rebate L3 from +6289123456789 - Drone Arundala (U7S9DFF)	COMPLETED	BALANCE	\N	3	\N	\N	2026-04-02 22:01:17.440927+07	25	2952	148	143
2956	AUTO-20260402220117-AE9F1C	INTEREST	500.00	Automatic profit from Drone Arundala (U7S9DFF) investment	COMPLETED	BALANCE	\N	\N	\N	\N	2026-04-02 22:01:17.456603+07	25	\N	\N	147
2957	PRB-20260402150117-CF14FF	PROFIT_COMMISSION	25.00	Profit rebate L1 from +62883123456789 - Drone Arundala (U7S9DFF)	COMPLETED	BALANCE	\N	1	\N	\N	2026-04-02 22:01:17.461278+07	25	2956	147	145
2958	PRB-20260402150117-02B237	PROFIT_COMMISSION	15.00	Profit rebate L2 from +62883123456789 - Drone Arundala (U7S9DFF)	COMPLETED	BALANCE	\N	2	\N	\N	2026-04-02 22:01:17.465976+07	25	2956	147	143
2959	PRB-20260402150117-D93A81	PROFIT_COMMISSION	5.00	Profit rebate L3 from +62883123456789 - Drone Arundala (U7S9DFF)	COMPLETED	BALANCE	\N	3	\N	\N	2026-04-02 22:01:17.471344+07	25	2956	147	2
2960	AUTO-20260402220117-EA6BF0	INTEREST	500.00	Automatic profit from Drone Arundala (U7S9DFF) investment	COMPLETED	BALANCE	\N	\N	\N	\N	2026-04-02 22:01:17.485402+07	25	\N	\N	147
2961	PRB-20260402150117-080EC8	PROFIT_COMMISSION	25.00	Profit rebate L1 from +62883123456789 - Drone Arundala (U7S9DFF)	COMPLETED	BALANCE	\N	1	\N	\N	2026-04-02 22:01:17.490154+07	25	2960	147	145
2962	PRB-20260402150117-D61C20	PROFIT_COMMISSION	15.00	Profit rebate L2 from +62883123456789 - Drone Arundala (U7S9DFF)	COMPLETED	BALANCE	\N	2	\N	\N	2026-04-02 22:01:17.49484+07	25	2960	147	143
2963	PRB-20260402150117-462ADE	PROFIT_COMMISSION	5.00	Profit rebate L3 from +62883123456789 - Drone Arundala (U7S9DFF)	COMPLETED	BALANCE	\N	3	\N	\N	2026-04-02 22:01:17.499596+07	25	2960	147	2
2964	AUTO-20260402220117-8C8DF2	INTEREST	500.00	Automatic profit from Drone Arundala (U7S9DFF) investment	COMPLETED	BALANCE	\N	\N	\N	\N	2026-04-02 22:01:17.513553+07	25	\N	\N	145
2965	PRB-20260402150117-A1D55F	PROFIT_COMMISSION	25.00	Profit rebate L1 from +6288123456789 - Drone Arundala (U7S9DFF)	COMPLETED	BALANCE	\N	1	\N	\N	2026-04-02 22:01:17.517801+07	25	2964	145	143
2966	PRB-20260402150117-80BBA3	PROFIT_COMMISSION	15.00	Profit rebate L2 from +6288123456789 - Drone Arundala (U7S9DFF)	COMPLETED	BALANCE	\N	2	\N	\N	2026-04-02 22:01:17.522487+07	25	2964	145	2
2967	AUTO-20260402220117-DC3EAC	INTEREST	500.00	Automatic profit from Drone Arundala (U7S9DFF) investment	COMPLETED	BALANCE	\N	\N	\N	\N	2026-04-02 22:01:17.539274+07	25	\N	\N	143
2968	PRB-20260402150117-47A528	PROFIT_COMMISSION	25.00	Profit rebate L1 from +6287123456789 - Drone Arundala (U7S9DFF)	COMPLETED	BALANCE	\N	1	\N	\N	2026-04-02 22:01:17.543843+07	25	2967	143	2
2969	AUTO-20260402220117-BFA6BC	INTEREST	500.00	Automatic profit from Drone Arundala (U7S9DFF) investment	COMPLETED	BALANCE	\N	\N	\N	\N	2026-04-02 22:01:17.560021+07	25	\N	\N	143
2970	PRB-20260402150117-6BB2FE	PROFIT_COMMISSION	25.00	Profit rebate L1 from +6287123456789 - Drone Arundala (U7S9DFF)	COMPLETED	BALANCE	\N	1	\N	\N	2026-04-02 22:01:17.565476+07	25	2969	143	2
564	PRB-20251129135224-836CAB	PROFIT_COMMISSION	1491.60	Profit rebate L3 from 0800123456789 - Sistem Vitaris	COMPLETED	BALANCE	\N	3	\N	\N	2025-11-29 20:52:24.545664+07	\N	\N	\N	1
2971	AUTO-20260402220117-14E4F0	INTEREST	500.00	Automatic profit from Drone Arundala (U7S9DFF) investment	COMPLETED	BALANCE	\N	\N	\N	\N	2026-04-02 22:01:17.582243+07	25	\N	\N	2
567	PRB-20251129135225-3BEA5A	PROFIT_COMMISSION	1580.80	Profit rebate L2 from 0800123456789 - Sistem Hermis	COMPLETED	BALANCE	\N	2	\N	\N	2025-11-29 20:52:25.092083+07	\N	\N	\N	2
568	PRB-20251129135225-969120	PROFIT_COMMISSION	790.40	Profit rebate L3 from 0800123456789 - Sistem Hermis	COMPLETED	BALANCE	\N	3	\N	\N	2025-11-29 20:52:25.211111+07	\N	\N	\N	1
2972	AUTO-20260402220117-3104B9	INTEREST	1000.00	Automatic profit from Drone Amythis (U9SODWK) investment	COMPLETED	BALANCE	\N	\N	\N	\N	2026-04-02 22:01:17.598164+07	26	\N	\N	2
3106	VCH-20260403223923-29C377	VOUCHER	1000.00	Voucher claim TEST123	COMPLETED	BALANCE	\N	\N	15	TEST123	2026-04-03 22:39:23.995538+07	\N	\N	\N	178
3192	DEP-20260404113651-01F832	DEPOSIT	950000.00	Deposit via Jayapay (BALANCE_DEPOSIT)	FAILED	BALANCE_DEPOSIT	\N	\N	\N	\N	2026-04-04 11:36:51.972482+07	\N	\N	\N	195
3343	AUTO-20260406104549-06F4F1	INTEREST	6055.49	Automatic profit from Drone Meleza (K80SDML) investment	COMPLETED	BALANCE	\N	\N	\N	\N	2026-04-06 10:45:49.051117+07	80	\N	\N	191
2187	ADM-BALANCE_DEPOSIT-145-1772790009	CREDIT	100000000.00	Admin increased balance_deposit by 100000000	COMPLETED	BALANCE_DEPOSIT	\N	\N	\N	\N	2026-03-06 16:40:09.770196+07	\N	\N	\N	145
2327	PUR-20260307171920-01BD2E	INVESTMENTS	125000.00	Purchase Aset Pilihan I (x1)	COMPLETED	BALANCE_DEPOSIT	1	\N	\N	\N	2026-03-08 00:19:20.962321+07	\N	\N	\N	149
2328	REB-20260307171920-E0E6AC	PURCHASE_COMMISSION	41250.00	Purchase rebate L1 from +6281123456789 - Aset Pilihan I	COMPLETED	BALANCE	\N	1	\N	\N	2026-03-08 00:19:20.978107+07	\N	2327	149	148
2329	REB-20260307171920-705E69	PURCHASE_COMMISSION	2500.00	Purchase rebate L2 from +6281123456789 - Aset Pilihan I	COMPLETED	BALANCE	\N	2	\N	\N	2026-03-08 00:19:20.983733+07	\N	2327	149	147
2330	REB-20260307171920-DCAF6C	PURCHASE_COMMISSION	1250.00	Purchase rebate L3 from +6281123456789 - Aset Pilihan I	COMPLETED	BALANCE	\N	3	\N	\N	2026-03-08 00:19:20.987937+07	\N	2327	149	145
1920	REB-20260218125330-EF0002	PURCHASE_COMMISSION	3000.00	Purchase rebate L2 from +6285770404473 - Proyek Konservasi-Uji Coba Biota	COMPLETED	BALANCE	\N	2	\N	\N	2026-02-18 19:53:30.476661+07	\N	\N	\N	2
2386	AUTO-20260311023552-387D35	INTEREST	56250.00	Hold profit (accrual) from Aset Pilihan I investment	COMPLETED	BALANCE_HOLD	\N	\N	\N	\N	2026-03-11 02:35:52.820416+07	\N	\N	\N	149
552	DEP-20251129093849-B1AE66	DEPOSIT	100000.00	Deposit via Jayapay (BALANCE_DEPOSIT)	PENDING	BALANCE_DEPOSIT	\N	\N	\N	\N	2025-11-29 16:38:49.678749+07	\N	\N	\N	2
2387	AUTO-20260311023552-C32009	INTEREST	17600.00	Hold profit (accrual) from Kesejahteraan I investment	COMPLETED	BALANCE_HOLD	\N	\N	\N	\N	2026-03-11 02:35:52.83595+07	\N	\N	\N	149
2388	AUTO-20260311023552-1869AE	INTEREST	50400.00	Automatic profit from Prioritas I investment	COMPLETED	BALANCE	\N	\N	\N	\N	2026-03-11 02:35:52.856674+07	\N	\N	\N	149
2398	AUTO-20260311023553-58DC47	INTEREST	50400.00	Automatic profit from Prioritas I investment	COMPLETED	BALANCE	\N	\N	\N	\N	2026-03-11 02:35:53.01068+07	\N	\N	\N	150
1685	AUTO-20260126000342-B324D5	INTEREST	7520.00	Automatic profit from Cloud AI investment	COMPLETED	BALANCE	\N	\N	\N	\N	2026-01-26 00:03:42.549674+07	\N	\N	\N	2
2401	AUTO-20260311023553-A4674A	INTEREST	5550.00	Hold profit (accrual) from Aset Pilihan I investment	COMPLETED	BALANCE_HOLD	\N	\N	\N	\N	2026-03-11 02:35:53.047559+07	\N	\N	\N	148
2402	AUTO-20260311023553-E7A31E	INTEREST	6600.00	Hold profit (accrual) from Kesejahteraan I investment	COMPLETED	BALANCE_HOLD	\N	\N	\N	\N	2026-03-11 02:35:53.057928+07	\N	\N	\N	148
2404	AUTO-20260311023553-6E8EC8	INTEREST	10000.00	Automatic profit from Prioritas I investment	COMPLETED	BALANCE	\N	\N	\N	\N	2026-03-11 02:35:53.07965+07	\N	\N	\N	148
2405	AUTO-20260311023553-84937D	INTEREST	18000.00	Automatic profit from Prioritas III investment	COMPLETED	BALANCE	\N	\N	\N	\N	2026-03-11 02:35:53.089588+07	\N	\N	\N	147
2406	AUTO-20260311023553-2335FA	INTEREST	12000.00	Automatic profit from Prioritas II investment	COMPLETED	BALANCE	\N	\N	\N	\N	2026-03-11 02:35:53.101574+07	\N	\N	\N	147
1782	AUTO-20260212203638-5F1AEB	INTEREST	8800.00	Automatic profit from Cloud AI investment	COMPLETED	BALANCE	\N	\N	\N	\N	2026-02-12 20:36:38.87295+07	\N	\N	\N	2
2407	AUTO-20260311023553-19709B	INTEREST	12000.00	Automatic profit from Prioritas II investment	COMPLETED	BALANCE	\N	\N	\N	\N	2026-03-11 02:35:53.112599+07	\N	\N	\N	147
2408	AUTO-20260311023553-77DF3D	INTEREST	10000.00	Automatic profit from Prioritas I investment	COMPLETED	BALANCE	\N	\N	\N	\N	2026-03-11 02:35:53.121412+07	\N	\N	\N	147
2414	AUTO-20260311023553-0F7417	INTEREST	10000.00	Automatic profit from Prioritas I investment	COMPLETED	BALANCE	\N	\N	\N	\N	2026-03-11 02:35:53.179812+07	\N	\N	\N	2
1867	VCH-20260217195746-244076	VOUCHER	10000.00	Voucher claim auto	COMPLETED	BALANCE	\N	\N	8	auto	2026-02-17 19:57:46.139796+07	\N	\N	\N	2
2421	AUTO-20260325113638-A83103	INTEREST	56250.00	Hold profit (accrual) from Aset Pilihan I investment	COMPLETED	BALANCE_HOLD	\N	\N	\N	\N	2026-03-25 11:36:38.63006+07	\N	\N	\N	149
2422	AUTO-20260325113638-BA268B	INTEREST	17600.00	Hold profit (accrual) from Kesejahteraan I investment	COMPLETED	BALANCE_HOLD	\N	\N	\N	\N	2026-03-25 11:36:38.641998+07	\N	\N	\N	149
2434	AUTO-20260325113638-0A3132	INTEREST	5550.00	Hold profit (accrual) from Aset Pilihan I investment	COMPLETED	BALANCE_HOLD	\N	\N	\N	\N	2026-03-25 11:36:38.752624+07	\N	\N	\N	148
2435	AUTO-20260325113638-17F916	INTEREST	6600.00	Hold profit (accrual) from Kesejahteraan I investment	COMPLETED	BALANCE_HOLD	\N	\N	\N	\N	2026-03-25 11:36:38.761491+07	\N	\N	\N	148
2437	AUTO-20260325113638-0987FD	INTEREST	10000.00	Automatic profit from Prioritas I investment	COMPLETED	BALANCE	\N	\N	\N	\N	2026-03-25 11:36:38.77787+07	\N	\N	\N	148
2438	AUTO-20260325113638-C03AE0	INTEREST	18000.00	Automatic profit from Prioritas III investment	COMPLETED	BALANCE	\N	\N	\N	\N	2026-03-25 11:36:38.787734+07	\N	\N	\N	147
2439	AUTO-20260325113638-B322B1	INTEREST	12000.00	Automatic profit from Prioritas II investment	COMPLETED	BALANCE	\N	\N	\N	\N	2026-03-25 11:36:38.795431+07	\N	\N	\N	147
2440	AUTO-20260325113638-60FA6E	INTEREST	12000.00	Automatic profit from Prioritas II investment	COMPLETED	BALANCE	\N	\N	\N	\N	2026-03-25 11:36:38.803133+07	\N	\N	\N	147
2441	AUTO-20260325113638-367277	INTEREST	10000.00	Automatic profit from Prioritas I investment	COMPLETED	BALANCE	\N	\N	\N	\N	2026-03-25 11:36:38.81184+07	\N	\N	\N	147
2443	AUTO-20260325113638-2E3C0B	INTEREST	10000.00	Automatic profit from Prioritas I investment	COMPLETED	BALANCE	\N	\N	\N	\N	2026-03-25 11:36:38.82816+07	\N	\N	\N	147
2447	AUTO-20260325113638-5E84D4	INTEREST	10000.00	Automatic profit from Prioritas I investment	COMPLETED	BALANCE	\N	\N	\N	\N	2026-03-25 11:36:38.858047+07	\N	\N	\N	2
660	ATT-20251129200202-6E2664	ATTENDANCE	472.40	Daily attendance claim	COMPLETED	BALANCE	\N	\N	\N	\N	2025-11-30 03:02:02.717392+07	\N	\N	\N	2
661	DEP-20251130031220-E61609	DEPOSIT	30000.00	Deposit via Jayapay (BALANCE_DEPOSIT)	PENDING	BALANCE_DEPOSIT	\N	\N	\N	\N	2025-11-30 10:12:20.822687+07	\N	\N	\N	2
2454	AUTO-20260326123129-DE72FD	INTEREST	56250.00	Hold profit (accrual) from Aset Pilihan I investment	COMPLETED	BALANCE_HOLD	\N	\N	\N	\N	2026-03-26 12:31:29.411651+07	\N	\N	\N	149
2455	AUTO-20260326123129-553E34	INTEREST	17600.00	Hold profit (accrual) from Kesejahteraan I investment	COMPLETED	BALANCE_HOLD	\N	\N	\N	\N	2026-03-26 12:31:29.429505+07	\N	\N	\N	149
664	WD-861A13481A	WITHDRAW	100000.00	Withdrawal request	PENDING	BALANCE	\N	\N	\N	\N	2025-11-30 17:32:42.986899+07	\N	\N	\N	2
665	WD-484EB56D88	WITHDRAW	100000.00	Withdrawal request	PENDING	BALANCE	\N	\N	\N	\N	2025-11-30 17:39:21.800122+07	\N	\N	\N	2
11	REB-20251109173951-99333E	PURCHASE_COMMISSION	20991.60	Purchase rebate L1 from 89595959595 - Sistem Omnisurg	COMPLETED	BALANCE	\N	1	\N	\N	2025-11-10 00:39:51.482608+07	\N	10	2	1
17	CBK-20251109175906-B8E27A	CASHBACK	5997.60	Manual cashback claim 2.00% from Sistem Omnisurg purchase	COMPLETED	BALANCE	\N	\N	\N	\N	2025-11-10 00:59:06.477258+07	\N	10	\N	2
2188	ATT-20260306094157-0A432F	ATTENDANCE	1000.00	Daily attendance claim	COMPLETED	BALANCE	\N	\N	\N	\N	2026-03-06 16:41:57.161381+07	\N	\N	\N	145
2467	AUTO-20260326123129-DAEF41	INTEREST	5550.00	Hold profit (accrual) from Aset Pilihan I investment	COMPLETED	BALANCE_HOLD	\N	\N	\N	\N	2026-03-26 12:31:29.64262+07	\N	\N	\N	148
2468	AUTO-20260326123129-8FE5A7	INTEREST	6600.00	Hold profit (accrual) from Kesejahteraan I investment	COMPLETED	BALANCE_HOLD	\N	\N	\N	\N	2026-03-26 12:31:29.660763+07	\N	\N	\N	148
2470	AUTO-20260326123129-593FFD	INTEREST	10000.00	Automatic profit from Prioritas I investment	COMPLETED	BALANCE	\N	\N	\N	\N	2026-03-26 12:31:29.695094+07	\N	\N	\N	148
2471	AUTO-20260326123129-F35F3B	INTEREST	18000.00	Automatic profit from Prioritas III investment	COMPLETED	BALANCE	\N	\N	\N	\N	2026-03-26 12:31:29.713895+07	\N	\N	\N	147
2472	AUTO-20260326123129-C4D155	INTEREST	12000.00	Automatic profit from Prioritas II investment	COMPLETED	BALANCE	\N	\N	\N	\N	2026-03-26 12:31:29.728005+07	\N	\N	\N	147
2473	AUTO-20260326123129-798615	INTEREST	12000.00	Automatic profit from Prioritas II investment	COMPLETED	BALANCE	\N	\N	\N	\N	2026-03-26 12:31:29.74527+07	\N	\N	\N	147
2474	AUTO-20260326123129-24B20E	INTEREST	10000.00	Automatic profit from Prioritas I investment	COMPLETED	BALANCE	\N	\N	\N	\N	2026-03-26 12:31:29.761607+07	\N	\N	\N	147
2476	AUTO-20260326123129-DC8847	INTEREST	10000.00	Automatic profit from Prioritas I investment	COMPLETED	BALANCE	\N	\N	\N	\N	2026-03-26 12:31:29.794547+07	\N	\N	\N	147
2480	AUTO-20260326123129-FA98E1	INTEREST	10000.00	Automatic profit from Prioritas I investment	COMPLETED	BALANCE	\N	\N	\N	\N	2026-03-26 12:31:29.856022+07	\N	\N	\N	2
2487	AUTO-20260327123844-A3DDCF	INTEREST	56250.00	Hold profit (accrual) from Aset Pilihan I investment	COMPLETED	BALANCE_HOLD	\N	\N	\N	\N	2026-03-27 12:38:44.872033+07	\N	\N	\N	149
2488	AUTO-20260327123844-C6AE9B	INTEREST	17600.00	Hold profit (accrual) from Kesejahteraan I investment	COMPLETED	BALANCE_HOLD	\N	\N	\N	\N	2026-03-27 12:38:44.892008+07	\N	\N	\N	149
2500	AUTO-20260327123845-77EE84	INTEREST	5550.00	Hold profit (accrual) from Aset Pilihan I investment	COMPLETED	BALANCE_HOLD	\N	\N	\N	\N	2026-03-27 12:38:45.122456+07	\N	\N	\N	148
2501	AUTO-20260327123845-9DCF77	INTEREST	6600.00	Hold profit (accrual) from Kesejahteraan I investment	COMPLETED	BALANCE_HOLD	\N	\N	\N	\N	2026-03-27 12:38:45.142021+07	\N	\N	\N	148
2503	AUTO-20260327123845-9E14FD	INTEREST	10000.00	Automatic profit from Prioritas I investment	COMPLETED	BALANCE	\N	\N	\N	\N	2026-03-27 12:38:45.176516+07	\N	\N	\N	148
2504	AUTO-20260327123845-3FF5E3	INTEREST	18000.00	Automatic profit from Prioritas III investment	COMPLETED	BALANCE	\N	\N	\N	\N	2026-03-27 12:38:45.193567+07	\N	\N	\N	147
2505	AUTO-20260327123845-504BE0	INTEREST	12000.00	Automatic profit from Prioritas II investment	COMPLETED	BALANCE	\N	\N	\N	\N	2026-03-27 12:38:45.211593+07	\N	\N	\N	147
2506	AUTO-20260327123845-383EB3	INTEREST	12000.00	Automatic profit from Prioritas II investment	COMPLETED	BALANCE	\N	\N	\N	\N	2026-03-27 12:38:45.227603+07	\N	\N	\N	147
2507	AUTO-20260327123845-528051	INTEREST	10000.00	Automatic profit from Prioritas I investment	COMPLETED	BALANCE	\N	\N	\N	\N	2026-03-27 12:38:45.243658+07	\N	\N	\N	147
2509	AUTO-20260327123845-C8E612	INTEREST	10000.00	Automatic profit from Prioritas I investment	COMPLETED	BALANCE	\N	\N	\N	\N	2026-03-27 12:38:45.274236+07	\N	\N	\N	147
2513	AUTO-20260327123845-110FF2	INTEREST	10000.00	Automatic profit from Prioritas I investment	COMPLETED	BALANCE	\N	\N	\N	\N	2026-03-27 12:38:45.333636+07	\N	\N	\N	2
2356	REB-20260308100752-D24911	PURCHASE_COMMISSION	29040.00	Purchase rebate L1 from +6281808368211 - Kesejahteraan I	COMPLETED	BALANCE	\N	1	\N	\N	2026-03-08 17:07:52.871435+07	\N	\N	\N	149
2357	REB-20260308100752-8E1DDF	PURCHASE_COMMISSION	1760.00	Purchase rebate L2 from +6281808368211 - Kesejahteraan I	COMPLETED	BALANCE	\N	2	\N	\N	2026-03-08 17:07:52.874074+07	\N	\N	\N	148
2358	REB-20260308100752-12B992	PURCHASE_COMMISSION	880.00	Purchase rebate L3 from +6281808368211 - Kesejahteraan I	COMPLETED	BALANCE	\N	3	\N	\N	2026-03-08 17:07:52.894112+07	\N	\N	\N	147
2365	REB-20260308100945-E78696	PURCHASE_COMMISSION	26400.00	Purchase rebate L1 from +6281808368211 - Prioritas I	COMPLETED	BALANCE	\N	1	\N	\N	2026-03-08 17:09:45.156695+07	\N	\N	\N	149
2366	REB-20260308100945-41F62F	PURCHASE_COMMISSION	1600.00	Purchase rebate L2 from +6281808368211 - Prioritas I	COMPLETED	BALANCE	\N	2	\N	\N	2026-03-08 17:09:45.166974+07	\N	\N	\N	148
2973	ATT-20260402161950-1F8B7D	ATTENDANCE	100.00	Daily attendance claim	COMPLETED	BALANCE	\N	\N	\N	\N	2026-04-02 23:19:50.008942+07	\N	\N	\N	173
3107	RLT-20260403153951-C49C51	BONUS	5000.00	Roulette prize: 5000	COMPLETED	BALANCE	\N	\N	\N	\N	2026-04-03 22:39:51.114207+07	\N	\N	\N	178
3193	DEP-20260404113734-9B5023	DEPOSIT	950000.00	Deposit via Jayapay (BALANCE_DEPOSIT)	FAILED	BALANCE_DEPOSIT	\N	\N	\N	\N	2026-04-04 11:37:34.767623+07	\N	\N	\N	191
3344	PRB-20260406034549-3B27D4	PROFIT_COMMISSION	302.77	Profit rebate L1 from +6282122425470 - Drone Meleza (K80SDML)	COMPLETED	BALANCE	\N	1	\N	\N	2026-04-06 10:45:49.082915+07	80	3343	191	178
3345	PRB-20260406034549-EA342B	PROFIT_COMMISSION	181.66	Profit rebate L2 from +6282122425470 - Drone Meleza (K80SDML)	COMPLETED	BALANCE	\N	2	\N	\N	2026-04-06 10:45:49.089737+07	80	3343	191	169
3346	AUTO-20260406104549-026972	INTEREST	10310.37	Automatic profit from Drone Czorto (MU7PL6A) investment	COMPLETED	BALANCE	\N	\N	\N	\N	2026-04-06 10:45:49.125164+07	73	\N	\N	191
3347	PRB-20260406034549-CCF6E9	PROFIT_COMMISSION	515.52	Profit rebate L1 from +6282122425470 - Drone Czorto (MU7PL6A)	COMPLETED	BALANCE	\N	1	\N	\N	2026-04-06 10:45:49.129979+07	73	3346	191	178
3348	PRB-20260406034549-62B156	PROFIT_COMMISSION	309.31	Profit rebate L2 from +6282122425470 - Drone Czorto (MU7PL6A)	COMPLETED	BALANCE	\N	2	\N	\N	2026-04-06 10:45:49.134621+07	73	3346	191	169
2189	PUR-20260306094413-615BCC	INVESTMENTS	10000.00	Purchase Aset Standar I (x1)	COMPLETED	BALANCE_DEPOSIT	1	\N	\N	\N	2026-03-06 16:44:13.837883+07	25	\N	\N	145
2190	REB-20260306094413-1814E2	PURCHASE_COMMISSION	3300.00	Purchase rebate L1 from +6288123456789 - Aset Standar I	COMPLETED	BALANCE	\N	1	\N	\N	2026-03-06 16:44:13.856099+07	25	2189	145	143
2191	REB-20260306094413-483125	PURCHASE_COMMISSION	200.00	Purchase rebate L2 from +6288123456789 - Aset Standar I	COMPLETED	BALANCE	\N	2	\N	\N	2026-03-06 16:44:13.861916+07	25	2189	145	2
2192	REB-20260306094413-FDFDC0	PURCHASE_COMMISSION	100.00	Purchase rebate L3 from +6288123456789 - Aset Standar I	COMPLETED	BALANCE	\N	3	\N	\N	2026-03-06 16:44:13.867655+07	25	2189	145	1
2368	AUTO-20260308183719-F33CC7	INTEREST	17400.00	Hold profit (accrual) from Aset Standar I investment	COMPLETED	BALANCE_HOLD	\N	\N	\N	\N	2026-03-08 18:37:19.890271+07	25	\N	\N	150
2521	AUTO-20260328214647-147394	INTEREST	17400.00	Automatic profit from Produk 1 (U8S03O) investment	COMPLETED	BALANCE	\N	\N	\N	\N	2026-03-28 21:46:47.701395+07	25	\N	\N	149
2522	PRB-20260328144647-B35608	PROFIT_COMMISSION	870.00	Profit rebate L1 from +6281123456789 - Produk 1 (U8S03O)	COMPLETED	BALANCE	\N	1	\N	\N	2026-03-28 21:46:47.705428+07	25	2521	149	148
2523	PRB-20260328144647-43A148	PROFIT_COMMISSION	522.00	Profit rebate L2 from +6281123456789 - Produk 1 (U8S03O)	COMPLETED	BALANCE	\N	2	\N	\N	2026-03-28 21:46:47.708739+07	25	2521	149	147
2524	PRB-20260328144647-89C02A	PROFIT_COMMISSION	174.00	Profit rebate L3 from +6281123456789 - Produk 1 (U8S03O)	COMPLETED	BALANCE	\N	3	\N	\N	2026-03-28 21:46:47.712391+07	25	2521	149	145
2525	AUTO-20260328214647-064FB4	INTEREST	17400.00	Automatic profit from Produk 1 (U8S03O) investment	COMPLETED	BALANCE	\N	\N	\N	\N	2026-03-28 21:46:47.723296+07	25	\N	\N	158
2526	PRB-20260328144647-A3B36E	PROFIT_COMMISSION	870.00	Profit rebate L1 from +62857319731843 - Produk 1 (U8S03O)	COMPLETED	BALANCE	\N	1	\N	\N	2026-03-28 21:46:47.726962+07	25	2525	158	149
2527	PRB-20260328144647-672F5B	PROFIT_COMMISSION	522.00	Profit rebate L2 from +62857319731843 - Produk 1 (U8S03O)	COMPLETED	BALANCE	\N	2	\N	\N	2026-03-28 21:46:47.730031+07	25	2525	158	148
2528	PRB-20260328144647-746CCC	PROFIT_COMMISSION	174.00	Profit rebate L3 from +62857319731843 - Produk 1 (U8S03O)	COMPLETED	BALANCE	\N	3	\N	\N	2026-03-28 21:46:47.732945+07	25	2525	158	147
2529	AUTO-20260328214647-5CC739	INTEREST	17400.00	Automatic profit from Produk 1 (U8S03O) investment	COMPLETED	BALANCE	\N	\N	\N	\N	2026-03-28 21:46:47.744939+07	25	\N	\N	157
2530	PRB-20260328144647-434674	PROFIT_COMMISSION	870.00	Profit rebate L1 from +6281111111189 - Produk 1 (U8S03O)	COMPLETED	BALANCE	\N	1	\N	\N	2026-03-28 21:46:47.748549+07	25	2529	157	149
2531	PRB-20260328144647-42B18D	PROFIT_COMMISSION	522.00	Profit rebate L2 from +6281111111189 - Produk 1 (U8S03O)	COMPLETED	BALANCE	\N	2	\N	\N	2026-03-28 21:46:47.751434+07	25	2529	157	148
2532	PRB-20260328144647-630C46	PROFIT_COMMISSION	174.00	Profit rebate L3 from +6281111111189 - Produk 1 (U8S03O)	COMPLETED	BALANCE	\N	3	\N	\N	2026-03-28 21:46:47.754479+07	25	2529	157	147
2533	AUTO-20260328214647-BB6F44	INTEREST	17400.00	Automatic profit from Produk 1 (U8S03O) investment	COMPLETED	BALANCE	\N	\N	\N	\N	2026-03-28 21:46:47.768635+07	25	\N	\N	156
2534	PRB-20260328144647-CA4780	PROFIT_COMMISSION	870.00	Profit rebate L1 from +6281111111789 - Produk 1 (U8S03O)	COMPLETED	BALANCE	\N	1	\N	\N	2026-03-28 21:46:47.772486+07	25	2533	156	149
2535	PRB-20260328144647-8709FD	PROFIT_COMMISSION	522.00	Profit rebate L2 from +6281111111789 - Produk 1 (U8S03O)	COMPLETED	BALANCE	\N	2	\N	\N	2026-03-28 21:46:47.785523+07	25	2533	156	148
2536	PRB-20260328144647-F85BA8	PROFIT_COMMISSION	174.00	Profit rebate L3 from +6281111111789 - Produk 1 (U8S03O)	COMPLETED	BALANCE	\N	3	\N	\N	2026-03-28 21:46:47.789795+07	25	2533	156	147
2537	AUTO-20260328214647-7A9B0B	INTEREST	17400.00	Automatic profit from Produk 1 (U8S03O) investment	COMPLETED	BALANCE	\N	\N	\N	\N	2026-03-28 21:46:47.801334+07	25	\N	\N	155
2538	PRB-20260328144647-11A9A8	PROFIT_COMMISSION	870.00	Profit rebate L1 from +62811111456789 - Produk 1 (U8S03O)	COMPLETED	BALANCE	\N	1	\N	\N	2026-03-28 21:46:47.805784+07	25	2537	155	149
2539	PRB-20260328144647-82786E	PROFIT_COMMISSION	522.00	Profit rebate L2 from +62811111456789 - Produk 1 (U8S03O)	COMPLETED	BALANCE	\N	2	\N	\N	2026-03-28 21:46:47.809526+07	25	2537	155	148
2540	PRB-20260328144647-D6D695	PROFIT_COMMISSION	174.00	Profit rebate L3 from +62811111456789 - Produk 1 (U8S03O)	COMPLETED	BALANCE	\N	3	\N	\N	2026-03-28 21:46:47.812572+07	25	2537	155	147
2541	AUTO-20260328214647-D55EC0	INTEREST	17400.00	Automatic profit from Produk 1 (U8S03O) investment	COMPLETED	BALANCE	\N	\N	\N	\N	2026-03-28 21:46:47.82328+07	25	\N	\N	154
2542	PRB-20260328144647-FC7ACB	PROFIT_COMMISSION	870.00	Profit rebate L1 from +62811113456789 - Produk 1 (U8S03O)	COMPLETED	BALANCE	\N	1	\N	\N	2026-03-28 21:46:47.826461+07	25	2541	154	149
2543	PRB-20260328144647-995F44	PROFIT_COMMISSION	522.00	Profit rebate L2 from +62811113456789 - Produk 1 (U8S03O)	COMPLETED	BALANCE	\N	2	\N	\N	2026-03-28 21:46:47.829512+07	25	2541	154	148
2544	PRB-20260328144647-A46F92	PROFIT_COMMISSION	174.00	Profit rebate L3 from +62811113456789 - Produk 1 (U8S03O)	COMPLETED	BALANCE	\N	3	\N	\N	2026-03-28 21:46:47.832557+07	25	2541	154	147
2545	AUTO-20260328214647-0797A6	INTEREST	17400.00	Automatic profit from Produk 1 (U8S03O) investment	COMPLETED	BALANCE	\N	\N	\N	\N	2026-03-28 21:46:47.844283+07	25	\N	\N	153
2546	PRB-20260328144647-136191	PROFIT_COMMISSION	870.00	Profit rebate L1 from +62811123456789 - Produk 1 (U8S03O)	COMPLETED	BALANCE	\N	1	\N	\N	2026-03-28 21:46:47.84691+07	25	2545	153	149
2547	PRB-20260328144647-DF94BB	PROFIT_COMMISSION	522.00	Profit rebate L2 from +62811123456789 - Produk 1 (U8S03O)	COMPLETED	BALANCE	\N	2	\N	\N	2026-03-28 21:46:47.851431+07	25	2545	153	148
2548	PRB-20260328144647-1793CB	PROFIT_COMMISSION	174.00	Profit rebate L3 from +62811123456789 - Produk 1 (U8S03O)	COMPLETED	BALANCE	\N	3	\N	\N	2026-03-28 21:46:47.854329+07	25	2545	153	147
2549	AUTO-20260328214647-66147C	INTEREST	17400.00	Automatic profit from Produk 1 (U8S03O) investment	COMPLETED	BALANCE	\N	\N	\N	\N	2026-03-28 21:46:47.865221+07	25	\N	\N	152
2550	PRB-20260328144647-6B70B3	PROFIT_COMMISSION	870.00	Profit rebate L1 from +6281234456789 - Produk 1 (U8S03O)	COMPLETED	BALANCE	\N	1	\N	\N	2026-03-28 21:46:47.868598+07	25	2549	152	151
2193	ADM-BALANCE_DEPOSIT-147-1772813495	CREDIT	100000.00	Admin increased balance_deposit by 100000	COMPLETED	BALANCE_DEPOSIT	\N	\N	\N	\N	2026-03-06 23:11:35.223011+07	\N	\N	\N	147
2369	AUTO-20260308184220-91CD4D	INTEREST	50400.00	Automatic profit from Prioritas I investment	COMPLETED	BALANCE	\N	\N	\N	\N	2026-03-08 18:42:20.197594+07	\N	\N	\N	150
2551	PRB-20260328144647-7B9F06	PROFIT_COMMISSION	522.00	Profit rebate L2 from +6281234456789 - Produk 1 (U8S03O)	COMPLETED	BALANCE	\N	2	\N	\N	2026-03-28 21:46:47.872526+07	25	2549	152	150
2552	PRB-20260328144647-7D71B7	PROFIT_COMMISSION	174.00	Profit rebate L3 from +6281234456789 - Produk 1 (U8S03O)	COMPLETED	BALANCE	\N	3	\N	\N	2026-03-28 21:46:47.87556+07	25	2549	152	149
2553	AUTO-20260328214647-D9F8A1	INTEREST	17400.00	Automatic profit from Produk 1 (U8S03O) investment	COMPLETED	BALANCE	\N	\N	\N	\N	2026-03-28 21:46:47.888649+07	25	\N	\N	151
2554	PRB-20260328144647-CDE902	PROFIT_COMMISSION	870.00	Profit rebate L1 from +6281233456789 - Produk 1 (U8S03O)	COMPLETED	BALANCE	\N	1	\N	\N	2026-03-28 21:46:47.891962+07	25	2553	151	150
2555	PRB-20260328144647-55B8C0	PROFIT_COMMISSION	522.00	Profit rebate L2 from +6281233456789 - Produk 1 (U8S03O)	COMPLETED	BALANCE	\N	2	\N	\N	2026-03-28 21:46:47.895049+07	25	2553	151	149
2556	PRB-20260328144647-C38CA9	PROFIT_COMMISSION	174.00	Profit rebate L3 from +6281233456789 - Produk 1 (U8S03O)	COMPLETED	BALANCE	\N	3	\N	\N	2026-03-28 21:46:47.899068+07	25	2553	151	148
2557	AUTO-20260328214647-2EFAAA	INTEREST	17400.00	Automatic profit from Produk 1 (U8S03O) investment	COMPLETED	BALANCE	\N	\N	\N	\N	2026-03-28 21:46:47.910226+07	25	\N	\N	150
2558	PRB-20260328144647-5B1F3C	PROFIT_COMMISSION	870.00	Profit rebate L1 from +6281223456789 - Produk 1 (U8S03O)	COMPLETED	BALANCE	\N	1	\N	\N	2026-03-28 21:46:47.914606+07	25	2557	150	149
2559	PRB-20260328144647-8E0303	PROFIT_COMMISSION	522.00	Profit rebate L2 from +6281223456789 - Produk 1 (U8S03O)	COMPLETED	BALANCE	\N	2	\N	\N	2026-03-28 21:46:47.917741+07	25	2557	150	148
2560	PRB-20260328144647-CCB180	PROFIT_COMMISSION	174.00	Profit rebate L3 from +6281223456789 - Produk 1 (U8S03O)	COMPLETED	BALANCE	\N	3	\N	\N	2026-03-28 21:46:47.921052+07	25	2557	150	147
2561	AUTO-20260328214647-74589B	INTEREST	17400.00	Automatic profit from Produk 1 (U8S03O) investment	COMPLETED	BALANCE	\N	\N	\N	\N	2026-03-28 21:46:47.933318+07	25	\N	\N	148
2562	PRB-20260328144647-8FDD87	PROFIT_COMMISSION	870.00	Profit rebate L1 from +6289123456789 - Produk 1 (U8S03O)	COMPLETED	BALANCE	\N	1	\N	\N	2026-03-28 21:46:47.936412+07	25	2561	148	147
2563	PRB-20260328144647-656877	PROFIT_COMMISSION	522.00	Profit rebate L2 from +6289123456789 - Produk 1 (U8S03O)	COMPLETED	BALANCE	\N	2	\N	\N	2026-03-28 21:46:47.940438+07	25	2561	148	145
2564	PRB-20260328144647-7EF072	PROFIT_COMMISSION	174.00	Profit rebate L3 from +6289123456789 - Produk 1 (U8S03O)	COMPLETED	BALANCE	\N	3	\N	\N	2026-03-28 21:46:47.944296+07	25	2561	148	143
2565	AUTO-20260328214647-A00604	INTEREST	500.00	Automatic profit from Produk 1 (U8S03O) investment	COMPLETED	BALANCE	\N	\N	\N	\N	2026-03-28 21:46:47.953968+07	25	\N	\N	148
2566	PRB-20260328144647-58839C	PROFIT_COMMISSION	25.00	Profit rebate L1 from +6289123456789 - Produk 1 (U8S03O)	COMPLETED	BALANCE	\N	1	\N	\N	2026-03-28 21:46:47.958277+07	25	2565	148	147
174	PUR-20251110055739-B9F7EF	INVESTMENTS	566200.00	Purchase Sistem Lyvion (x1)	COMPLETED	BALANCE_DEPOSIT	1	\N	\N	\N	2025-11-10 12:57:39.116594+07	\N	\N	\N	2
175	REB-20251110055739-A08808	PURCHASE_COMMISSION	56620.00	Purchase rebate L1 from 89595959595 - Sistem Lyvion	COMPLETED	BALANCE	\N	1	\N	\N	2025-11-10 12:57:39.120044+07	\N	174	2	1
176	CBK-20251110055747-20CE33	CASHBACK	16986.00	Manual cashback claim 3.00% from Sistem Lyvion purchase	COMPLETED	BALANCE	\N	\N	\N	\N	2025-11-10 12:57:47.07323+07	\N	174	\N	2
177	PUR-20251110055834-478B45	INVESTMENTS	988000.00	Purchase Sistem Hermis (x1)	COMPLETED	BALANCE_DEPOSIT	1	\N	\N	\N	2025-11-10 12:58:34.574433+07	\N	\N	\N	2
178	REB-20251110055834-D25AA4	PURCHASE_COMMISSION	98800.00	Purchase rebate L1 from 89595959595 - Sistem Hermis	COMPLETED	BALANCE	\N	1	\N	\N	2025-11-10 12:58:34.577576+07	\N	177	2	1
179	CBK-20251110055845-09F735	CASHBACK	39520.00	Manual cashback claim 4.00% from Sistem Hermis purchase	COMPLETED	BALANCE	\N	\N	\N	\N	2025-11-10 12:58:45.713608+07	\N	177	\N	2
183	AUTO-20251126134651-16C28D	INTEREST	39520.00	Automatic profit from Sistem Hermis investment	COMPLETED	BALANCE	\N	\N	\N	\N	2025-11-26 20:46:51.101377+07	\N	\N	\N	2
184	PRB-20251126134651-1A4B36	PROFIT_COMMISSION	2766.40	Profit rebate L1 from 89595959595 - Sistem Hermis	COMPLETED	BALANCE	\N	1	\N	\N	2025-11-26 20:46:51.205841+07	\N	183	2	1
185	AUTO-20251126134651-AF6A00	INTEREST	22648.00	Automatic profit from Sistem Lyvion investment	COMPLETED	BALANCE	\N	\N	\N	\N	2025-11-26 20:46:51.397513+07	\N	\N	\N	2
186	PRB-20251126134651-F7E454	PROFIT_COMMISSION	1585.36	Profit rebate L1 from 89595959595 - Sistem Lyvion	COMPLETED	BALANCE	\N	1	\N	\N	2025-11-26 20:46:51.458526+07	\N	185	2	1
2567	PRB-20260328144647-30600B	PROFIT_COMMISSION	15.00	Profit rebate L2 from +6289123456789 - Produk 1 (U8S03O)	COMPLETED	BALANCE	\N	2	\N	\N	2026-03-28 21:46:47.962533+07	25	2565	148	145
2568	PRB-20260328144647-DB083D	PROFIT_COMMISSION	5.00	Profit rebate L3 from +6289123456789 - Produk 1 (U8S03O)	COMPLETED	BALANCE	\N	3	\N	\N	2026-03-28 21:46:47.965955+07	25	2565	148	143
2569	AUTO-20260328214647-68D38C	INTEREST	500.00	Automatic profit from Produk 1 (U8S03O) investment	COMPLETED	BALANCE	\N	\N	\N	\N	2026-03-28 21:46:47.976371+07	25	\N	\N	147
2570	PRB-20260328144647-0286DA	PROFIT_COMMISSION	25.00	Profit rebate L1 from +62883123456789 - Produk 1 (U8S03O)	COMPLETED	BALANCE	\N	1	\N	\N	2026-03-28 21:46:47.979338+07	25	2569	147	145
2571	PRB-20260328144647-BF9561	PROFIT_COMMISSION	15.00	Profit rebate L2 from +62883123456789 - Produk 1 (U8S03O)	COMPLETED	BALANCE	\N	2	\N	\N	2026-03-28 21:46:47.982313+07	25	2569	147	143
2572	PRB-20260328144647-56D19B	PROFIT_COMMISSION	5.00	Profit rebate L3 from +62883123456789 - Produk 1 (U8S03O)	COMPLETED	BALANCE	\N	3	\N	\N	2026-03-28 21:46:47.985884+07	25	2569	147	2
2573	AUTO-20260328214647-E03ADF	INTEREST	500.00	Automatic profit from Produk 1 (U8S03O) investment	COMPLETED	BALANCE	\N	\N	\N	\N	2026-03-28 21:46:47.995332+07	25	\N	\N	147
2574	PRB-20260328144647-84E0BD	PROFIT_COMMISSION	25.00	Profit rebate L1 from +62883123456789 - Produk 1 (U8S03O)	COMPLETED	BALANCE	\N	1	\N	\N	2026-03-28 21:46:47.998444+07	25	2573	147	145
2575	PRB-20260328144648-14E6D4	PROFIT_COMMISSION	15.00	Profit rebate L2 from +62883123456789 - Produk 1 (U8S03O)	COMPLETED	BALANCE	\N	2	\N	\N	2026-03-28 21:46:48.002387+07	25	2573	147	143
2576	PRB-20260328144648-FF1644	PROFIT_COMMISSION	5.00	Profit rebate L3 from +62883123456789 - Produk 1 (U8S03O)	COMPLETED	BALANCE	\N	3	\N	\N	2026-03-28 21:46:48.005931+07	25	2573	147	2
2577	AUTO-20260328214648-B4B8E5	INTEREST	500.00	Automatic profit from Produk 1 (U8S03O) investment	COMPLETED	BALANCE	\N	\N	\N	\N	2026-03-28 21:46:48.016498+07	25	\N	\N	145
2578	PRB-20260328144648-B29F0C	PROFIT_COMMISSION	25.00	Profit rebate L1 from +6288123456789 - Produk 1 (U8S03O)	COMPLETED	BALANCE	\N	1	\N	\N	2026-03-28 21:46:48.019526+07	25	2577	145	143
1311	DEP-20260111110233-3C1224	DEPOSIT	50000.00	Deposit via Jayapay (BALANCE_DEPOSIT)	FAILED	BALANCE_DEPOSIT	\N	\N	\N	\N	2026-01-11 11:02:33.510409+07	\N	\N	\N	2
2194	ATT-20260306161254-1B2806	ATTENDANCE	1000.00	Daily attendance claim	COMPLETED	BALANCE	\N	\N	\N	\N	2026-03-06 23:12:54.818638+07	\N	\N	\N	147
2370	AUTO-20260308184720-14BA03	INTEREST	17400.00	Hold profit (accrual) from Aset Standar I investment	COMPLETED	BALANCE_HOLD	\N	\N	\N	\N	2026-03-08 18:47:20.46926+07	25	\N	\N	151
2579	PRB-20260328144648-A5D23F	PROFIT_COMMISSION	15.00	Profit rebate L2 from +6288123456789 - Produk 1 (U8S03O)	COMPLETED	BALANCE	\N	2	\N	\N	2026-03-28 21:46:48.024698+07	25	2577	145	2
2580	AUTO-20260328214648-35B6BE	INTEREST	500.00	Automatic profit from Produk 1 (U8S03O) investment	COMPLETED	BALANCE	\N	\N	\N	\N	2026-03-28 21:46:48.033545+07	25	\N	\N	143
2581	PRB-20260328144648-E7D692	PROFIT_COMMISSION	25.00	Profit rebate L1 from +6287123456789 - Produk 1 (U8S03O)	COMPLETED	BALANCE	\N	1	\N	\N	2026-03-28 21:46:48.03789+07	25	2580	143	2
2582	AUTO-20260328214648-8101D8	INTEREST	500.00	Automatic profit from Produk 1 (U8S03O) investment	COMPLETED	BALANCE	\N	\N	\N	\N	2026-03-28 21:46:48.048359+07	25	\N	\N	143
2583	PRB-20260328144648-1AA942	PROFIT_COMMISSION	25.00	Profit rebate L1 from +6287123456789 - Produk 1 (U8S03O)	COMPLETED	BALANCE	\N	1	\N	\N	2026-03-28 21:46:48.051814+07	25	2582	143	2
2584	AUTO-20260328214648-AFE959	INTEREST	500.00	Automatic profit from Produk 1 (U8S03O) investment	COMPLETED	BALANCE	\N	\N	\N	\N	2026-03-28 21:46:48.062089+07	25	\N	\N	2
2585	AUTO-20260328214648-AB683D	INTEREST	1000.00	Automatic profit from Produk 2 (U78DFDF) investment	COMPLETED	BALANCE	\N	\N	\N	\N	2026-03-28 21:46:48.071883+07	26	\N	\N	2
2974	ADM-BALANCE_DEPOSIT-173-1775147533	CREDIT	900000.00	Admin increased balance_deposit by 900000	COMPLETED	BALANCE_DEPOSIT	\N	\N	\N	\N	2026-04-02 23:32:13.626697+07	\N	\N	\N	173
3108	RLT-20260403154013-EA4C41	BONUS	20000.00	Roulette prize: 20000	COMPLETED	BALANCE	\N	\N	\N	\N	2026-04-03 22:40:13.569129+07	\N	\N	\N	178
3194	PUR-20260404043858-3D066A	INVESTMENTS	950000.00	Purchase Drone Aqriac (U1IS3MD) (x1)	COMPLETED	BALANCE_DEPOSIT	1	\N	\N	\N	2026-04-04 11:38:58.601907+07	27	\N	\N	195
3349	AUTO-20260406161510-5B8AC7	INTEREST	175646.32	Automatic profit from Drone Avurpa (U3MLZTY) investment	COMPLETED	BALANCE	\N	\N	\N	\N	2026-04-06 16:15:10.853557+07	29	\N	\N	191
3350	AUTO-20260406161510-D7EDD4	INTEREST	293604.22	Automatic profit from Drone Aterio (U5MLSKI) investment	COMPLETED	BALANCE	\N	\N	\N	\N	2026-04-06 16:15:10.89657+07	71	\N	\N	191
3351	AUTO-20260406161510-75C600	INTEREST	4507.72	Automatic profit from Drone Arundala (U7S9DFF) investment	COMPLETED	BALANCE	\N	\N	\N	\N	2026-04-06 16:15:10.913503+07	25	\N	\N	203
3352	PRB-20260406091510-FA627C	PROFIT_COMMISSION	225.39	Profit rebate L1 from +6282122425451 - Drone Arundala (U7S9DFF)	COMPLETED	BALANCE	\N	1	\N	\N	2026-04-06 16:15:10.916592+07	25	3351	203	191
3353	PRB-20260406091510-9A8837	PROFIT_COMMISSION	135.23	Profit rebate L2 from +6282122425451 - Drone Arundala (U7S9DFF)	COMPLETED	BALANCE	\N	2	\N	\N	2026-04-06 16:15:10.921186+07	25	3351	203	178
3354	PRB-20260406091510-41AB0C	PROFIT_COMMISSION	45.08	Profit rebate L3 from +6282122425451 - Drone Arundala (U7S9DFF)	COMPLETED	BALANCE	\N	3	\N	\N	2026-04-06 16:15:10.924256+07	25	3351	203	169
3355	AUTO-20260406161510-BEDC92	INTEREST	35747.63	Automatic profit from Drone Aqriac (U1IS3MD) investment	COMPLETED	BALANCE	\N	\N	\N	\N	2026-04-06 16:15:10.936512+07	27	\N	\N	192
3356	PRB-20260406091510-9C0706	PROFIT_COMMISSION	1787.38	Profit rebate L1 from +6282122425471 - Drone Aqriac (U1IS3MD)	COMPLETED	BALANCE	\N	1	\N	\N	2026-04-06 16:15:10.939586+07	27	3355	192	191
3357	AUTO-20260406161510-E016FF	INTEREST	79695.10	Automatic profit from Drone Alouz (U0M3KDX) investment	COMPLETED	BALANCE	\N	\N	\N	\N	2026-04-06 16:15:10.954467+07	28	\N	\N	191
3358	AUTO-20260406161510-65EEF2	INTEREST	4664.59	Automatic profit from Drone Arundala (U7S9DFF) investment	COMPLETED	BALANCE	\N	\N	\N	\N	2026-04-06 16:15:10.96984+07	25	\N	\N	199
3359	PRB-20260406091510-9C5542	PROFIT_COMMISSION	233.23	Profit rebate L1 from +6282122425479 - Drone Arundala (U7S9DFF)	COMPLETED	BALANCE	\N	1	\N	\N	2026-04-06 16:15:10.971378+07	25	3358	199	191
3360	PRB-20260406091510-978DF3	PROFIT_COMMISSION	139.94	Profit rebate L2 from +6282122425479 - Drone Arundala (U7S9DFF)	COMPLETED	BALANCE	\N	2	\N	\N	2026-04-06 16:15:10.974473+07	25	3358	199	178
3361	PRB-20260406091510-E10292	PROFIT_COMMISSION	46.65	Profit rebate L3 from +6282122425479 - Drone Arundala (U7S9DFF)	COMPLETED	BALANCE	\N	3	\N	\N	2026-04-06 16:15:10.977548+07	25	3358	199	169
3362	AUTO-20260406161510-09D568	INTEREST	4576.43	Automatic profit from Drone Arundala (U7S9DFF) investment	COMPLETED	BALANCE	\N	\N	\N	\N	2026-04-06 16:15:10.988307+07	25	\N	\N	198
3363	PRB-20260406091510-F31675	PROFIT_COMMISSION	228.82	Profit rebate L1 from +6282122425478 - Drone Arundala (U7S9DFF)	COMPLETED	BALANCE	\N	1	\N	\N	2026-04-06 16:15:10.991381+07	25	3362	198	191
3364	PRB-20260406091510-D2C7E2	PROFIT_COMMISSION	137.29	Profit rebate L2 from +6282122425478 - Drone Arundala (U7S9DFF)	COMPLETED	BALANCE	\N	2	\N	\N	2026-04-06 16:15:10.994523+07	25	3362	198	178
3365	PRB-20260406091510-562D7E	PROFIT_COMMISSION	45.76	Profit rebate L3 from +6282122425478 - Drone Arundala (U7S9DFF)	COMPLETED	BALANCE	\N	3	\N	\N	2026-04-06 16:15:10.996058+07	25	3362	198	169
3366	AUTO-20260406161511-994A93	INTEREST	34693.68	Automatic profit from Drone Aqriac (U1IS3MD) investment	COMPLETED	BALANCE	\N	\N	\N	\N	2026-04-06 16:15:11.007775+07	27	\N	\N	191
3367	AUTO-20260406161511-EBD6AE	INTEREST	35793.94	Automatic profit from Drone Aqriac (U1IS3MD) investment	COMPLETED	BALANCE	\N	\N	\N	\N	2026-04-06 16:15:11.021917+07	27	\N	\N	195
3368	PRB-20260406091511-B8D1A1	PROFIT_COMMISSION	1073.82	Profit rebate L2 from +6282122425475 - Drone Aqriac (U1IS3MD)	COMPLETED	BALANCE	\N	2	\N	\N	2026-04-06 16:15:11.025488+07	27	3367	195	192
3369	PRB-20260406091511-C21137	PROFIT_COMMISSION	357.94	Profit rebate L3 from +6282122425475 - Drone Aqriac (U1IS3MD)	COMPLETED	BALANCE	\N	3	\N	\N	2026-04-06 16:15:11.028511+07	27	3367	195	191
3370	AUTO-20260406161511-CCF69A	INTEREST	16491.01	Automatic profit from Drone Amythis (U9SODWK) investment	COMPLETED	BALANCE	\N	\N	\N	\N	2026-04-06 16:15:11.046651+07	26	\N	\N	194
3371	PRB-20260406091511-B41CBF	PROFIT_COMMISSION	824.55	Profit rebate L1 from +6282122425473 - Drone Amythis (U9SODWK)	COMPLETED	BALANCE	\N	1	\N	\N	2026-04-06 16:15:11.049178+07	26	3370	194	193
3372	PRB-20260406091511-69605D	PROFIT_COMMISSION	494.73	Profit rebate L2 from +6282122425473 - Drone Amythis (U9SODWK)	COMPLETED	BALANCE	\N	2	\N	\N	2026-04-06 16:15:11.050703+07	26	3370	194	192
3373	AUTO-20260406161511-2AD207	INTEREST	4431.97	Automatic profit from Drone Arundala (U7S9DFF) investment	COMPLETED	BALANCE	\N	\N	\N	\N	2026-04-06 16:15:11.064488+07	25	\N	\N	194
3374	PRB-20260406091511-708A29	PROFIT_COMMISSION	221.60	Profit rebate L1 from +6282122425473 - Drone Arundala (U7S9DFF)	COMPLETED	BALANCE	\N	1	\N	\N	2026-04-06 16:15:11.067538+07	25	3373	194	193
3375	PRB-20260406091511-229217	PROFIT_COMMISSION	132.96	Profit rebate L2 from +6282122425473 - Drone Arundala (U7S9DFF)	COMPLETED	BALANCE	\N	2	\N	\N	2026-04-06 16:15:11.070627+07	25	3373	194	192
3376	PRB-20260406091511-96F496	PROFIT_COMMISSION	44.32	Profit rebate L3 from +6282122425473 - Drone Arundala (U7S9DFF)	COMPLETED	BALANCE	\N	3	\N	\N	2026-04-06 16:15:11.073186+07	25	3373	194	191
2195	ATT-20260306171000-9E183A	ATTENDANCE	1000.00	Daily attendance claim	COMPLETED	BALANCE	\N	\N	\N	\N	2026-03-07 00:10:00.751498+07	\N	\N	\N	147
2371	AUTO-20260308185220-4CD327	INTEREST	17400.00	Hold profit (accrual) from Aset Standar I investment	COMPLETED	BALANCE_HOLD	\N	\N	\N	\N	2026-03-08 18:52:20.709972+07	25	\N	\N	153
2372	AUTO-20260308185220-667041	INTEREST	17400.00	Hold profit (accrual) from Aset Standar I investment	COMPLETED	BALANCE_HOLD	\N	\N	\N	\N	2026-03-08 18:52:20.75488+07	25	\N	\N	152
2590	AUTO-20260329214727-E9E793	INTEREST	17400.00	Automatic profit from Produk 1 (U8S03O) investment	COMPLETED	BALANCE	\N	\N	\N	\N	2026-03-29 21:47:27.52515+07	25	\N	\N	149
2591	PRB-20260329144727-41EFA6	PROFIT_COMMISSION	870.00	Profit rebate L1 from +6281123456789 - Produk 1 (U8S03O)	COMPLETED	BALANCE	\N	1	\N	\N	2026-03-29 21:47:27.528188+07	25	2590	149	148
2592	PRB-20260329144727-F53206	PROFIT_COMMISSION	522.00	Profit rebate L2 from +6281123456789 - Produk 1 (U8S03O)	COMPLETED	BALANCE	\N	2	\N	\N	2026-03-29 21:47:27.53072+07	25	2590	149	147
2593	PRB-20260329144727-6E2D03	PROFIT_COMMISSION	174.00	Profit rebate L3 from +6281123456789 - Produk 1 (U8S03O)	COMPLETED	BALANCE	\N	3	\N	\N	2026-03-29 21:47:27.532747+07	25	2590	149	145
2594	AUTO-20260329214727-A65649	INTEREST	17400.00	Automatic profit from Produk 1 (U8S03O) investment	COMPLETED	BALANCE	\N	\N	\N	\N	2026-03-29 21:47:27.541892+07	25	\N	\N	158
2595	PRB-20260329144727-D320A0	PROFIT_COMMISSION	870.00	Profit rebate L1 from +62857319731843 - Produk 1 (U8S03O)	COMPLETED	BALANCE	\N	1	\N	\N	2026-03-29 21:47:27.543417+07	25	2594	158	149
2596	PRB-20260329144727-80D204	PROFIT_COMMISSION	522.00	Profit rebate L2 from +62857319731843 - Produk 1 (U8S03O)	COMPLETED	BALANCE	\N	2	\N	\N	2026-03-29 21:47:27.546444+07	25	2594	158	148
2597	PRB-20260329144727-CDC543	PROFIT_COMMISSION	174.00	Profit rebate L3 from +62857319731843 - Produk 1 (U8S03O)	COMPLETED	BALANCE	\N	3	\N	\N	2026-03-29 21:47:27.549476+07	25	2594	158	147
2598	AUTO-20260329214727-2FA500	INTEREST	17400.00	Automatic profit from Produk 1 (U8S03O) investment	COMPLETED	BALANCE	\N	\N	\N	\N	2026-03-29 21:47:27.557123+07	25	\N	\N	157
2599	PRB-20260329144727-BE6C53	PROFIT_COMMISSION	870.00	Profit rebate L1 from +6281111111189 - Produk 1 (U8S03O)	COMPLETED	BALANCE	\N	1	\N	\N	2026-03-29 21:47:27.559141+07	25	2598	157	149
2600	PRB-20260329144727-BEF10A	PROFIT_COMMISSION	522.00	Profit rebate L2 from +6281111111189 - Produk 1 (U8S03O)	COMPLETED	BALANCE	\N	2	\N	\N	2026-03-29 21:47:27.561658+07	25	2598	157	148
2601	PRB-20260329144727-C7C156	PROFIT_COMMISSION	174.00	Profit rebate L3 from +6281111111189 - Produk 1 (U8S03O)	COMPLETED	BALANCE	\N	3	\N	\N	2026-03-29 21:47:27.563674+07	25	2598	157	147
2602	AUTO-20260329214727-865365	INTEREST	17400.00	Automatic profit from Produk 1 (U8S03O) investment	COMPLETED	BALANCE	\N	\N	\N	\N	2026-03-29 21:47:27.571253+07	25	\N	\N	156
2603	PRB-20260329144727-F66455	PROFIT_COMMISSION	870.00	Profit rebate L1 from +6281111111789 - Produk 1 (U8S03O)	COMPLETED	BALANCE	\N	1	\N	\N	2026-03-29 21:47:27.573276+07	25	2602	156	149
2604	PRB-20260329144727-85CB80	PROFIT_COMMISSION	522.00	Profit rebate L2 from +6281111111789 - Produk 1 (U8S03O)	COMPLETED	BALANCE	\N	2	\N	\N	2026-03-29 21:47:27.575794+07	25	2602	156	148
2605	PRB-20260329144727-F41355	PROFIT_COMMISSION	174.00	Profit rebate L3 from +6281111111789 - Produk 1 (U8S03O)	COMPLETED	BALANCE	\N	3	\N	\N	2026-03-29 21:47:27.578053+07	25	2602	156	147
334	AUTO-20251126134718-EBD169	INTEREST	11995.20	Automatic profit from Sistem Omnisurg investment	COMPLETED	BALANCE	\N	\N	\N	\N	2025-11-26 20:47:18.277914+07	\N	\N	\N	2
335	PRB-20251126134718-95F072	PROFIT_COMMISSION	839.66	Profit rebate L1 from 89595959595 - Sistem Omnisurg	COMPLETED	BALANCE	\N	1	\N	\N	2025-11-26 20:47:18.364546+07	\N	334	2	1
338	AUTO-20251127134701-A95E31	INTEREST	39520.00	Automatic profit from Sistem Hermis investment	COMPLETED	BALANCE	\N	\N	\N	\N	2025-11-27 20:47:01.039837+07	\N	\N	\N	2
339	PRB-20251127134701-351027	PROFIT_COMMISSION	2766.40	Profit rebate L1 from 89595959595 - Sistem Hermis	COMPLETED	BALANCE	\N	1	\N	\N	2025-11-27 20:47:01.123165+07	\N	338	2	1
340	AUTO-20251127134701-7883C9	INTEREST	22648.00	Automatic profit from Sistem Lyvion investment	COMPLETED	BALANCE	\N	\N	\N	\N	2025-11-27 20:47:01.318989+07	\N	\N	\N	2
341	PRB-20251127134701-F22731	PROFIT_COMMISSION	1585.36	Profit rebate L1 from 89595959595 - Sistem Lyvion	COMPLETED	BALANCE	\N	1	\N	\N	2025-11-27 20:47:01.372157+07	\N	340	2	1
2606	AUTO-20260329214727-0FEEAC	INTEREST	17400.00	Automatic profit from Produk 1 (U8S03O) investment	COMPLETED	BALANCE	\N	\N	\N	\N	2026-03-29 21:47:27.585284+07	25	\N	\N	155
2607	PRB-20260329144727-DF288B	PROFIT_COMMISSION	870.00	Profit rebate L1 from +62811111456789 - Produk 1 (U8S03O)	COMPLETED	BALANCE	\N	1	\N	\N	2026-03-29 21:47:27.588358+07	25	2606	155	149
2608	PRB-20260329144727-A365FF	PROFIT_COMMISSION	522.00	Profit rebate L2 from +62811111456789 - Produk 1 (U8S03O)	COMPLETED	BALANCE	\N	2	\N	\N	2026-03-29 21:47:27.591407+07	25	2606	155	148
2609	PRB-20260329144727-DED1CE	PROFIT_COMMISSION	174.00	Profit rebate L3 from +62811111456789 - Produk 1 (U8S03O)	COMPLETED	BALANCE	\N	3	\N	\N	2026-03-29 21:47:27.593159+07	25	2606	155	147
2610	AUTO-20260329214727-F94BA8	INTEREST	17400.00	Automatic profit from Produk 1 (U8S03O) investment	COMPLETED	BALANCE	\N	\N	\N	\N	2026-03-29 21:47:27.600852+07	25	\N	\N	154
2611	PRB-20260329144727-015A77	PROFIT_COMMISSION	870.00	Profit rebate L1 from +62811113456789 - Produk 1 (U8S03O)	COMPLETED	BALANCE	\N	1	\N	\N	2026-03-29 21:47:27.603929+07	25	2610	154	149
2612	PRB-20260329144727-AC6BE9	PROFIT_COMMISSION	522.00	Profit rebate L2 from +62811113456789 - Produk 1 (U8S03O)	COMPLETED	BALANCE	\N	2	\N	\N	2026-03-29 21:47:27.606995+07	25	2610	154	148
2613	PRB-20260329144727-9FDD6C	PROFIT_COMMISSION	174.00	Profit rebate L3 from +62811113456789 - Produk 1 (U8S03O)	COMPLETED	BALANCE	\N	3	\N	\N	2026-03-29 21:47:27.608519+07	25	2610	154	147
2614	AUTO-20260329214727-FA742F	INTEREST	17400.00	Automatic profit from Produk 1 (U8S03O) investment	COMPLETED	BALANCE	\N	\N	\N	\N	2026-03-29 21:47:27.615704+07	25	\N	\N	153
2615	PRB-20260329144727-7A322B	PROFIT_COMMISSION	870.00	Profit rebate L1 from +62811123456789 - Produk 1 (U8S03O)	COMPLETED	BALANCE	\N	1	\N	\N	2026-03-29 21:47:27.618915+07	25	2614	153	149
2616	PRB-20260329144727-E05AFA	PROFIT_COMMISSION	522.00	Profit rebate L2 from +62811123456789 - Produk 1 (U8S03O)	COMPLETED	BALANCE	\N	2	\N	\N	2026-03-29 21:47:27.620442+07	25	2614	153	148
2196	PUR-20260306171730-BD8540	INVESTMENTS	10000.00	Purchase Aset Standar I (x1)	COMPLETED	BALANCE_DEPOSIT	1	\N	\N	\N	2026-03-07 00:17:30.075254+07	25	\N	\N	147
2197	REB-20260306171730-163073	PURCHASE_COMMISSION	3300.00	Purchase rebate L1 from +62883123456789 - Aset Standar I	COMPLETED	BALANCE	\N	1	\N	\N	2026-03-07 00:17:30.114256+07	25	2196	147	145
2198	REB-20260306171730-B46A98	PURCHASE_COMMISSION	200.00	Purchase rebate L2 from +62883123456789 - Aset Standar I	COMPLETED	BALANCE	\N	2	\N	\N	2026-03-07 00:17:30.117342+07	25	2196	147	143
2199	REB-20260306171730-C97FF4	PURCHASE_COMMISSION	100.00	Purchase rebate L3 from +62883123456789 - Aset Standar I	COMPLETED	BALANCE	\N	3	\N	\N	2026-03-07 00:17:30.121511+07	25	2196	147	2
2373	AUTO-20260308185721-FA2600	INTEREST	17400.00	Hold profit (accrual) from Aset Standar I investment	COMPLETED	BALANCE_HOLD	\N	\N	\N	\N	2026-03-08 18:57:21.092739+07	25	\N	\N	155
2374	AUTO-20260308185721-FC07E4	INTEREST	17400.00	Hold profit (accrual) from Aset Standar I investment	COMPLETED	BALANCE_HOLD	\N	\N	\N	\N	2026-03-08 18:57:21.130547+07	25	\N	\N	154
2617	PRB-20260329144727-78503B	PROFIT_COMMISSION	174.00	Profit rebate L3 from +62811123456789 - Produk 1 (U8S03O)	COMPLETED	BALANCE	\N	3	\N	\N	2026-03-29 21:47:27.623511+07	25	2614	153	147
2618	AUTO-20260329214727-127F6D	INTEREST	17400.00	Automatic profit from Produk 1 (U8S03O) investment	COMPLETED	BALANCE	\N	\N	\N	\N	2026-03-29 21:47:27.630846+07	25	\N	\N	152
1948	PRB-20260218163821-DB0C65	PROFIT_COMMISSION	316.00	Profit rebate L2 from +62812345678902 - Proyek Konservasi-Kuda Laut	COMPLETED	BALANCE	\N	2	\N	\N	2026-02-18 23:38:21.635513+07	\N	\N	\N	2
1949	PRB-20260218163821-9EFDF7	PROFIT_COMMISSION	63.20	Profit rebate L3 from +62812345678902 - Proyek Konservasi-Kuda Laut	COMPLETED	BALANCE	\N	3	\N	\N	2026-02-18 23:38:21.638585+07	\N	\N	\N	1
2619	PRB-20260329144727-533C2E	PROFIT_COMMISSION	870.00	Profit rebate L1 from +6281234456789 - Produk 1 (U8S03O)	COMPLETED	BALANCE	\N	1	\N	\N	2026-03-29 21:47:27.633903+07	25	2618	152	151
2620	PRB-20260329144727-6035E8	PROFIT_COMMISSION	522.00	Profit rebate L2 from +6281234456789 - Produk 1 (U8S03O)	COMPLETED	BALANCE	\N	2	\N	\N	2026-03-29 21:47:27.635432+07	25	2618	152	150
2621	PRB-20260329144727-0E1B1B	PROFIT_COMMISSION	174.00	Profit rebate L3 from +6281234456789 - Produk 1 (U8S03O)	COMPLETED	BALANCE	\N	3	\N	\N	2026-03-29 21:47:27.638484+07	25	2618	152	149
2622	AUTO-20260329214727-B074D1	INTEREST	17400.00	Automatic profit from Produk 1 (U8S03O) investment	COMPLETED	BALANCE	\N	\N	\N	\N	2026-03-29 21:47:27.646189+07	25	\N	\N	151
2623	PRB-20260329144727-04D009	PROFIT_COMMISSION	870.00	Profit rebate L1 from +6281233456789 - Produk 1 (U8S03O)	COMPLETED	BALANCE	\N	1	\N	\N	2026-03-29 21:47:27.647401+07	25	2622	151	150
2624	PRB-20260329144727-5220C7	PROFIT_COMMISSION	522.00	Profit rebate L2 from +6281233456789 - Produk 1 (U8S03O)	COMPLETED	BALANCE	\N	2	\N	\N	2026-03-29 21:47:27.650466+07	25	2622	151	149
2625	PRB-20260329144727-3E4704	PROFIT_COMMISSION	174.00	Profit rebate L3 from +6281233456789 - Produk 1 (U8S03O)	COMPLETED	BALANCE	\N	3	\N	\N	2026-03-29 21:47:27.652007+07	25	2622	151	148
2626	AUTO-20260329214727-9AB8E3	INTEREST	17400.00	Automatic profit from Produk 1 (U8S03O) investment	COMPLETED	BALANCE	\N	\N	\N	\N	2026-03-29 21:47:27.659668+07	25	\N	\N	150
2627	PRB-20260329144727-515027	PROFIT_COMMISSION	870.00	Profit rebate L1 from +6281223456789 - Produk 1 (U8S03O)	COMPLETED	BALANCE	\N	1	\N	\N	2026-03-29 21:47:27.661206+07	25	2626	150	149
2628	PRB-20260329144727-F1FCE6	PROFIT_COMMISSION	522.00	Profit rebate L2 from +6281223456789 - Produk 1 (U8S03O)	COMPLETED	BALANCE	\N	2	\N	\N	2026-03-29 21:47:27.664281+07	25	2626	150	148
2629	PRB-20260329144727-CA2305	PROFIT_COMMISSION	174.00	Profit rebate L3 from +6281223456789 - Produk 1 (U8S03O)	COMPLETED	BALANCE	\N	3	\N	\N	2026-03-29 21:47:27.66736+07	25	2626	150	147
2630	AUTO-20260329214727-09EBD1	INTEREST	17400.00	Automatic profit from Produk 1 (U8S03O) investment	COMPLETED	BALANCE	\N	\N	\N	\N	2026-03-29 21:47:27.674584+07	25	\N	\N	148
2631	PRB-20260329144727-A2F01C	PROFIT_COMMISSION	870.00	Profit rebate L1 from +6289123456789 - Produk 1 (U8S03O)	COMPLETED	BALANCE	\N	1	\N	\N	2026-03-29 21:47:27.677187+07	25	2630	148	147
2632	PRB-20260329144727-8ECF6F	PROFIT_COMMISSION	522.00	Profit rebate L2 from +6289123456789 - Produk 1 (U8S03O)	COMPLETED	BALANCE	\N	2	\N	\N	2026-03-29 21:47:27.67872+07	25	2630	148	145
2633	PRB-20260329144727-8597F3	PROFIT_COMMISSION	174.00	Profit rebate L3 from +6289123456789 - Produk 1 (U8S03O)	COMPLETED	BALANCE	\N	3	\N	\N	2026-03-29 21:47:27.681785+07	25	2630	148	143
2634	AUTO-20260329214727-8E4ADE	INTEREST	500.00	Automatic profit from Produk 1 (U8S03O) investment	COMPLETED	BALANCE	\N	\N	\N	\N	2026-03-29 21:47:27.687909+07	25	\N	\N	148
2635	PRB-20260329144727-56D39C	PROFIT_COMMISSION	25.00	Profit rebate L1 from +6289123456789 - Produk 1 (U8S03O)	COMPLETED	BALANCE	\N	1	\N	\N	2026-03-29 21:47:27.68947+07	25	2634	148	147
2636	PRB-20260329144727-2D2966	PROFIT_COMMISSION	15.00	Profit rebate L2 from +6289123456789 - Produk 1 (U8S03O)	COMPLETED	BALANCE	\N	2	\N	\N	2026-03-29 21:47:27.69254+07	25	2634	148	145
2637	PRB-20260329144727-F9CDEE	PROFIT_COMMISSION	5.00	Profit rebate L3 from +6289123456789 - Produk 1 (U8S03O)	COMPLETED	BALANCE	\N	3	\N	\N	2026-03-29 21:47:27.694098+07	25	2634	148	143
2638	AUTO-20260329214727-4A8CAC	INTEREST	500.00	Automatic profit from Produk 1 (U8S03O) investment	COMPLETED	BALANCE	\N	\N	\N	\N	2026-03-29 21:47:27.700189+07	25	\N	\N	147
2639	PRB-20260329144727-AB2393	PROFIT_COMMISSION	25.00	Profit rebate L1 from +62883123456789 - Produk 1 (U8S03O)	COMPLETED	BALANCE	\N	1	\N	\N	2026-03-29 21:47:27.703251+07	25	2638	147	145
2640	PRB-20260329144727-B455E2	PROFIT_COMMISSION	15.00	Profit rebate L2 from +62883123456789 - Produk 1 (U8S03O)	COMPLETED	BALANCE	\N	2	\N	\N	2026-03-29 21:47:27.706305+07	25	2638	147	143
2641	PRB-20260329144727-D4CAE5	PROFIT_COMMISSION	5.00	Profit rebate L3 from +62883123456789 - Produk 1 (U8S03O)	COMPLETED	BALANCE	\N	3	\N	\N	2026-03-29 21:47:27.709413+07	25	2638	147	2
2642	AUTO-20260329214727-70CFA4	INTEREST	500.00	Automatic profit from Produk 1 (U8S03O) investment	COMPLETED	BALANCE	\N	\N	\N	\N	2026-03-29 21:47:27.715094+07	25	\N	\N	147
2643	PRB-20260329144727-77F37C	PROFIT_COMMISSION	25.00	Profit rebate L1 from +62883123456789 - Produk 1 (U8S03O)	COMPLETED	BALANCE	\N	1	\N	\N	2026-03-29 21:47:27.718145+07	25	2642	147	145
2644	PRB-20260329144727-B0A638	PROFIT_COMMISSION	15.00	Profit rebate L2 from +62883123456789 - Produk 1 (U8S03O)	COMPLETED	BALANCE	\N	2	\N	\N	2026-03-29 21:47:27.719687+07	25	2642	147	143
2645	PRB-20260329144727-C19533	PROFIT_COMMISSION	5.00	Profit rebate L3 from +62883123456789 - Produk 1 (U8S03O)	COMPLETED	BALANCE	\N	3	\N	\N	2026-03-29 21:47:27.722751+07	25	2642	147	2
2646	AUTO-20260329214727-2F0816	INTEREST	500.00	Automatic profit from Produk 1 (U8S03O) investment	COMPLETED	BALANCE	\N	\N	\N	\N	2026-03-29 21:47:27.727381+07	25	\N	\N	145
2647	PRB-20260329144727-EA00F3	PROFIT_COMMISSION	25.00	Profit rebate L1 from +6288123456789 - Produk 1 (U8S03O)	COMPLETED	BALANCE	\N	1	\N	\N	2026-03-29 21:47:27.73044+07	25	2646	145	143
3109	RLT-20260403154022-A29D6E	BONUS	5000.00	Roulette prize: 5000	COMPLETED	BALANCE	\N	\N	\N	\N	2026-04-03 22:40:22.222792+07	\N	\N	\N	178
2200	DEP-20260307001928-18F323	DEPOSIT	35000.00	Deposit via Jayapay (BALANCE_DEPOSIT)	FAILED	BALANCE_DEPOSIT	\N	\N	\N	\N	2026-03-07 00:19:28.574495+07	\N	\N	\N	147
2375	AUTO-20260308190221-7F2F2B	INTEREST	17400.00	Hold profit (accrual) from Aset Standar I investment	COMPLETED	BALANCE_HOLD	\N	\N	\N	\N	2026-03-08 19:02:21.425162+07	25	\N	\N	156
2648	PRB-20260329144727-2D4608	PROFIT_COMMISSION	15.00	Profit rebate L2 from +6288123456789 - Produk 1 (U8S03O)	COMPLETED	BALANCE	\N	2	\N	\N	2026-03-29 21:47:27.731967+07	25	2646	145	2
2649	AUTO-20260329214727-28D7FA	INTEREST	500.00	Automatic profit from Produk 1 (U8S03O) investment	COMPLETED	BALANCE	\N	\N	\N	\N	2026-03-29 21:47:27.738081+07	25	\N	\N	143
2650	PRB-20260329144727-D36B7D	PROFIT_COMMISSION	25.00	Profit rebate L1 from +6287123456789 - Produk 1 (U8S03O)	COMPLETED	BALANCE	\N	1	\N	\N	2026-03-29 21:47:27.741186+07	25	2649	143	2
2651	AUTO-20260329214727-7C6B2E	INTEREST	500.00	Automatic profit from Produk 1 (U8S03O) investment	COMPLETED	BALANCE	\N	\N	\N	\N	2026-03-29 21:47:27.748857+07	25	\N	\N	143
2652	PRB-20260329144727-5957B0	PROFIT_COMMISSION	25.00	Profit rebate L1 from +6287123456789 - Produk 1 (U8S03O)	COMPLETED	BALANCE	\N	1	\N	\N	2026-03-29 21:47:27.750396+07	25	2651	143	2
2653	AUTO-20260329214727-BA5804	INTEREST	500.00	Automatic profit from Produk 1 (U8S03O) investment	COMPLETED	BALANCE	\N	\N	\N	\N	2026-03-29 21:47:27.758118+07	25	\N	\N	2
2654	AUTO-20260329214727-F4CD63	INTEREST	1000.00	Automatic profit from Produk 2 (U78DFDF) investment	COMPLETED	BALANCE	\N	\N	\N	\N	2026-03-29 21:47:27.765769+07	26	\N	\N	2
2975	PUR-20260402164000-DFD0AC	INVESTMENTS	130000.00	Purchase Drone Arundala (U7S9DFF) (x1)	COMPLETED	BALANCE_DEPOSIT	1	\N	\N	\N	2026-04-02 23:40:00.233314+07	25	\N	\N	173
2976	REB-20260402164000-AE5A25	PURCHASE_COMMISSION	13000.00	Purchase rebate L1 from +6289191919191 - Drone Arundala (U7S9DFF)	COMPLETED	BALANCE	\N	1	\N	\N	2026-04-02 23:40:00.26589+07	25	2975	173	2
3110	RLT-20260403154044-E72CA4	BONUS	5000.00	Roulette prize: 5000	COMPLETED	BALANCE	\N	\N	\N	\N	2026-04-03 22:40:44.780695+07	\N	\N	\N	178
3195	PUR-20260404044041-3F672F	INVESTMENTS	950000.00	Purchase Drone Aqriac (U1IS3MD) (x1)	COMPLETED	BALANCE_DEPOSIT	1	\N	\N	\N	2026-04-04 11:40:41.281654+07	27	\N	\N	191
3377	AUTO-20260406161511-A7BD95	INTEREST	16562.16	Automatic profit from Drone Amythis (U9SODWK) investment	COMPLETED	BALANCE	\N	\N	\N	\N	2026-04-06 16:15:11.085429+07	26	\N	\N	193
3378	PRB-20260406091511-135F62	PROFIT_COMMISSION	828.11	Profit rebate L1 from +6282122425472 - Drone Amythis (U9SODWK)	COMPLETED	BALANCE	\N	1	\N	\N	2026-04-06 16:15:11.088501+07	26	3377	193	192
3379	AUTO-20260406161511-15DDCB	INTEREST	4676.71	Automatic profit from Drone Arundala (U7S9DFF) investment	COMPLETED	BALANCE	\N	\N	\N	\N	2026-04-06 16:15:11.103876+07	25	\N	\N	193
3380	PRB-20260406091511-178F3C	PROFIT_COMMISSION	233.84	Profit rebate L1 from +6282122425472 - Drone Arundala (U7S9DFF)	COMPLETED	BALANCE	\N	1	\N	\N	2026-04-06 16:15:11.106929+07	25	3379	193	192
3381	PRB-20260406091511-7A758C	PROFIT_COMMISSION	140.30	Profit rebate L2 from +6282122425472 - Drone Arundala (U7S9DFF)	COMPLETED	BALANCE	\N	2	\N	\N	2026-04-06 16:15:11.10999+07	25	3379	193	191
3382	PRB-20260406091511-2652DD	PROFIT_COMMISSION	46.77	Profit rebate L3 from +6282122425472 - Drone Arundala (U7S9DFF)	COMPLETED	BALANCE	\N	3	\N	\N	2026-04-06 16:15:11.113045+07	25	3379	193	178
3383	AUTO-20260406161511-54F301	INTEREST	16624.51	Automatic profit from Drone Amythis (U9SODWK) investment	COMPLETED	BALANCE	\N	\N	\N	\N	2026-04-06 16:15:11.123786+07	26	\N	\N	192
3384	AUTO-20260406161511-1594E7	INTEREST	4620.52	Automatic profit from Drone Arundala (U7S9DFF) investment	COMPLETED	BALANCE	\N	\N	\N	\N	2026-04-06 16:15:11.139086+07	25	\N	\N	192
3385	PRB-20260406091511-459749	PROFIT_COMMISSION	231.03	Profit rebate L1 from +6282122425471 - Drone Arundala (U7S9DFF)	COMPLETED	BALANCE	\N	1	\N	\N	2026-04-06 16:15:11.142634+07	25	3384	192	191
3386	PRB-20260406091511-59FADA	PROFIT_COMMISSION	138.62	Profit rebate L2 from +6282122425471 - Drone Arundala (U7S9DFF)	COMPLETED	BALANCE	\N	2	\N	\N	2026-04-06 16:15:11.14515+07	25	3384	192	178
3387	PRB-20260406091511-39DF89	PROFIT_COMMISSION	46.21	Profit rebate L3 from +6282122425471 - Drone Arundala (U7S9DFF)	COMPLETED	BALANCE	\N	3	\N	\N	2026-04-06 16:15:11.146684+07	25	3384	192	169
3388	AUTO-20260406161511-847B66	INTEREST	4655.64	Automatic profit from Drone Arundala (U7S9DFF) investment	COMPLETED	BALANCE	\N	\N	\N	\N	2026-04-06 16:15:11.163529+07	25	\N	\N	179
3389	PRB-20260406091511-DD05DE	PROFIT_COMMISSION	232.78	Profit rebate L1 from +62895403400601 - Drone Arundala (U7S9DFF)	COMPLETED	BALANCE	\N	1	\N	\N	2026-04-06 16:15:11.166591+07	25	3388	179	178
441	AUTO-20251127135213-77B17A	INTEREST	11995.20	Automatic profit from Sistem Omnisurg investment	COMPLETED	BALANCE	\N	\N	\N	\N	2025-11-27 20:52:13.952275+07	\N	\N	\N	2
442	PRB-20251127135214-3D41B7	PROFIT_COMMISSION	839.66	Profit rebate L1 from 89595959595 - Sistem Omnisurg	COMPLETED	BALANCE	\N	1	\N	\N	2025-11-27 20:52:14.017837+07	\N	441	2	1
445	AUTO-20251128135054-B2B915	INTEREST	39520.00	Automatic profit from Sistem Hermis investment	COMPLETED	BALANCE	\N	\N	\N	\N	2025-11-28 20:50:54.833349+07	\N	\N	\N	2
446	PRB-20251128135055-012D0C	PROFIT_COMMISSION	2766.40	Profit rebate L1 from 89595959595 - Sistem Hermis	COMPLETED	BALANCE	\N	1	\N	\N	2025-11-28 20:50:55.055041+07	\N	445	2	1
447	AUTO-20251128135055-7347BA	INTEREST	22648.00	Automatic profit from Sistem Lyvion investment	COMPLETED	BALANCE	\N	\N	\N	\N	2025-11-28 20:50:55.341337+07	\N	\N	\N	2
448	PRB-20251128135055-E54614	PROFIT_COMMISSION	1585.36	Profit rebate L1 from 89595959595 - Sistem Lyvion	COMPLETED	BALANCE	\N	1	\N	\N	2025-11-28 20:50:55.429543+07	\N	447	2	1
3390	PRB-20260406091511-107BC5	PROFIT_COMMISSION	139.67	Profit rebate L2 from +62895403400601 - Drone Arundala (U7S9DFF)	COMPLETED	BALANCE	\N	2	\N	\N	2026-04-06 16:15:11.168116+07	25	3388	179	169
3391	AUTO-20260406161511-2C777D	INTEREST	16380.82	Automatic profit from Drone Amythis (U9SODWK) investment	COMPLETED	BALANCE	\N	\N	\N	\N	2026-04-06 16:15:11.181935+07	26	\N	\N	179
3392	AUTO-20260406161511-F74820	INTEREST	6183.67	Automatic profit from Drone Meleza (K80SDML) investment	COMPLETED	BALANCE	\N	\N	\N	\N	2026-04-06 16:15:11.197252+07	80	\N	\N	178
3393	PRB-20260406091511-4511B3	PROFIT_COMMISSION	309.18	Profit rebate L1 from +62895403400600 - Drone Meleza (K80SDML)	COMPLETED	BALANCE	\N	1	\N	\N	2026-04-06 16:15:11.200311+07	80	3392	178	169
3394	AUTO-20260406161511-BBDF05	INTEREST	11059.78	Automatic profit from Drone Czorto (MU7PL6A) investment	COMPLETED	BALANCE	\N	\N	\N	\N	2026-04-06 16:15:11.214124+07	73	\N	\N	178
3395	PRB-20260406091511-63A938	PROFIT_COMMISSION	552.99	Profit rebate L1 from +62895403400600 - Drone Czorto (MU7PL6A)	COMPLETED	BALANCE	\N	1	\N	\N	2026-04-06 16:15:11.217184+07	73	3394	178	169
3396	AUTO-20260406161511-170A5F	INTEREST	4639.57	Automatic profit from Drone Arundala (U7S9DFF) investment	COMPLETED	BALANCE	\N	\N	\N	\N	2026-04-06 16:15:11.230959+07	25	\N	\N	178
3397	PRB-20260406091511-636BDD	PROFIT_COMMISSION	231.98	Profit rebate L1 from +62895403400600 - Drone Arundala (U7S9DFF)	COMPLETED	BALANCE	\N	1	\N	\N	2026-04-06 16:15:11.234017+07	25	3396	178	169
2201	ADM-BALANCE_DEPOSIT-147-1772823515	CREDIT	100000.00	Admin increased balance_deposit by 100000	COMPLETED	BALANCE_DEPOSIT	\N	\N	\N	\N	2026-03-07 01:58:35.438947+07	\N	\N	\N	147
2376	AUTO-20260308191221-F2631D	INTEREST	17400.00	Hold profit (accrual) from Aset Standar I investment	COMPLETED	BALANCE_HOLD	\N	\N	\N	\N	2026-03-08 19:12:21.889947+07	25	\N	\N	157
2655	ATT-20260330072701-EED263	ATTENDANCE	1000.00	Daily attendance claim	COMPLETED	BALANCE	\N	\N	\N	\N	2026-03-30 14:27:01.318754+07	\N	\N	\N	2
2977	PUR-20260402164110-533438	INVESTMENTS	460000.00	Purchase Drone Amythis (U9SODWK) (x1)	COMPLETED	BALANCE_DEPOSIT	1	\N	\N	\N	2026-04-02 23:41:10.22718+07	26	\N	\N	173
2978	REB-20260402164110-B24F39	PURCHASE_COMMISSION	46000.00	Purchase rebate L1 from +6289191919191 - Drone Amythis (U9SODWK)	COMPLETED	BALANCE	\N	1	\N	\N	2026-04-02 23:41:10.241415+07	26	2977	173	2
3111	WDREF-4B9B7114A8	REJECT	25000.00	Withdrawal rejected - refund	COMPLETED	BALANCE	\N	\N	\N	\N	2026-04-03 22:43:06.209745+07	\N	3024	\N	178
1954	PRB-20260218164256-CFC901	PROFIT_COMMISSION	316.00	Profit rebate L2 from +62812345678902 - Proyek Konservasi-Kuda Laut	COMPLETED	BALANCE	\N	2	\N	\N	2026-02-18 23:42:56.47534+07	\N	\N	\N	2
3196	PUR-20260404044805-B8EBDB	INVESTMENTS	130000.00	Purchase Drone Arundala (U7S9DFF) (x1)	COMPLETED	BALANCE_DEPOSIT	1	\N	\N	\N	2026-04-04 11:48:05.592681+07	25	\N	\N	198
3197	REB-20260404044805-637A03	PURCHASE_COMMISSION	13000.00	Purchase rebate L1 from +6282122425478 - Drone Arundala (U7S9DFF)	COMPLETED	BALANCE	\N	1	\N	\N	2026-04-04 11:48:05.601118+07	25	3196	198	191
3398	AUTO-20260406172513-8273DF	INTEREST	34467.85	Automatic profit from Drone Aqriac (U1IS3MD) investment	COMPLETED	BALANCE	\N	\N	\N	\N	2026-04-06 17:25:13.966601+07	27	\N	\N	2
1955	PRB-20260218164256-40F20A	PROFIT_COMMISSION	63.20	Profit rebate L3 from +62812345678902 - Proyek Konservasi-Kuda Laut	COMPLETED	BALANCE	\N	3	\N	\N	2026-02-18 23:42:56.482083+07	\N	\N	\N	1
2377	AUTO-20260309001332-011D91	INTEREST	17400.00	Hold profit (accrual) from Aset Standar I investment	COMPLETED	BALANCE_HOLD	\N	\N	\N	\N	2026-03-09 00:13:32.180887+07	25	\N	\N	158
2202	PUR-20260306185849-F39C19	INVESTMENTS	100000.00	Purchase Prioritas I (x1)	COMPLETED	BALANCE_DEPOSIT	1	\N	\N	\N	2026-03-07 01:58:49.999174+07	\N	\N	\N	147
2203	REB-20260306185850-13B132	PURCHASE_COMMISSION	33000.00	Purchase rebate L1 from +62883123456789 - Prioritas I	COMPLETED	BALANCE	\N	1	\N	\N	2026-03-07 01:58:50.029346+07	\N	2202	147	145
2204	REB-20260306185850-5727CE	PURCHASE_COMMISSION	2000.00	Purchase rebate L2 from +62883123456789 - Prioritas I	COMPLETED	BALANCE	\N	2	\N	\N	2026-03-07 01:58:50.032433+07	\N	2202	147	143
2205	REB-20260306185850-809A61	PURCHASE_COMMISSION	1000.00	Purchase rebate L3 from +62883123456789 - Prioritas I	COMPLETED	BALANCE	\N	3	\N	\N	2026-03-07 01:58:50.037181+07	\N	2202	147	2
2656	VCH-20260330145215-472741	VOUCHER	1000.00	Voucher claim TEST123	COMPLETED	BALANCE	\N	\N	15	TEST123	2026-03-30 14:52:15.723147+07	\N	\N	\N	2
2979	ATT-20260403014913-DDCE17	ATTENDANCE	150.00	Daily attendance claim	COMPLETED	BALANCE	\N	\N	\N	\N	2026-04-03 08:49:13.675684+07	\N	\N	\N	169
3112	DEP-20260403224915-B09B6F	DEPOSIT	3000.00	Deposit via Jayapay (BALANCE_DEPOSIT)	FAILED	BALANCE_DEPOSIT	\N	\N	\N	\N	2026-04-03 22:49:15.144841+07	\N	\N	\N	178
3198	DEP-20260404114815-285B34	DEPOSIT	950000.00	Deposit via Jayapay (BALANCE_DEPOSIT)	FAILED	BALANCE_DEPOSIT	\N	\N	\N	\N	2026-04-04 11:48:15.862461+07	\N	\N	\N	198
3399	AUTO-20260406180015-D456FF	INTEREST	4542.94	Automatic profit from Drone Arundala (U7S9DFF) investment	COMPLETED	BALANCE	\N	\N	\N	\N	2026-04-06 18:00:15.46051+07	25	\N	\N	177
3400	PRB-20260406110015-AAAC1D	PROFIT_COMMISSION	227.15	Profit rebate L1 from +6281808368215 - Drone Arundala (U7S9DFF)	COMPLETED	BALANCE	\N	1	\N	\N	2026-04-06 18:00:15.48158+07	25	3399	177	169
548	AUTO-20251128135615-A287A6	INTEREST	11995.20	Automatic profit from Sistem Omnisurg investment	COMPLETED	BALANCE	\N	\N	\N	\N	2025-11-28 20:56:15.922531+07	\N	\N	\N	2
549	PRB-20251128135615-3B8F6D	PROFIT_COMMISSION	839.66	Profit rebate L1 from 89595959595 - Sistem Omnisurg	COMPLETED	BALANCE	\N	1	\N	\N	2025-11-28 20:56:15.986349+07	\N	548	2	1
553	AUTO-20251129135223-35D472	INTEREST	39520.00	Automatic profit from Sistem Hermis investment	COMPLETED	BALANCE	\N	\N	\N	\N	2025-11-29 20:52:23.008659+07	\N	\N	\N	2
554	PRB-20251129135223-2CEBD5	PROFIT_COMMISSION	2766.40	Profit rebate L1 from 89595959595 - Sistem Hermis	COMPLETED	BALANCE	\N	1	\N	\N	2025-11-29 20:52:23.08227+07	\N	553	2	1
555	AUTO-20251129135223-5325CD	INTEREST	22648.00	Automatic profit from Sistem Lyvion investment	COMPLETED	BALANCE	\N	\N	\N	\N	2025-11-29 20:52:23.372843+07	\N	\N	\N	2
556	PRB-20251129135223-448426	PROFIT_COMMISSION	1585.36	Profit rebate L1 from 89595959595 - Sistem Lyvion	COMPLETED	BALANCE	\N	1	\N	\N	2025-11-29 20:52:23.442012+07	\N	555	2	1
2206	PUR-20260306190301-CFA63E	INVESTMENTS	10000.00	Purchase Aset Standar I (x1)	COMPLETED	BALANCE_DEPOSIT	1	\N	\N	\N	2026-03-07 02:03:01.718301+07	25	\N	\N	147
2207	REB-20260306190301-0144E6	PURCHASE_COMMISSION	3300.00	Purchase rebate L1 from +62883123456789 - Aset Standar I	COMPLETED	BALANCE	\N	1	\N	\N	2026-03-07 02:03:01.741796+07	25	2206	147	145
2208	REB-20260306190301-5A92D0	PURCHASE_COMMISSION	200.00	Purchase rebate L2 from +62883123456789 - Aset Standar I	COMPLETED	BALANCE	\N	2	\N	\N	2026-03-07 02:03:01.744919+07	25	2206	147	143
2209	REB-20260306190301-2924CE	PURCHASE_COMMISSION	100.00	Purchase rebate L3 from +62883123456789 - Aset Standar I	COMPLETED	BALANCE	\N	3	\N	\N	2026-03-07 02:03:01.74805+07	25	2206	147	2
2379	AUTO-20260309001832-73ED1A	INTEREST	17400.00	Hold profit (accrual) from Aset Standar I investment	COMPLETED	BALANCE_HOLD	\N	\N	\N	\N	2026-03-09 00:18:32.388542+07	25	\N	\N	149
2378	AUTO-20260309001832-0888FD	INTEREST	50400.00	Automatic profit from Prioritas I investment	COMPLETED	BALANCE	\N	\N	\N	\N	2026-03-09 00:18:32.374181+07	\N	\N	\N	149
2661	AUTO-20260330215136-B36DE1	INTEREST	17400.00	Automatic profit from Produk 1 (U8S03O) investment	COMPLETED	BALANCE	\N	\N	\N	\N	2026-03-30 21:51:36.136318+07	25	\N	\N	149
2662	PRB-20260330145136-B38D97	PROFIT_COMMISSION	870.00	Profit rebate L1 from +6281123456789 - Produk 1 (U8S03O)	COMPLETED	BALANCE	\N	1	\N	\N	2026-03-30 21:51:36.139369+07	25	2661	149	148
2663	PRB-20260330145136-1F5E6D	PROFIT_COMMISSION	522.00	Profit rebate L2 from +6281123456789 - Produk 1 (U8S03O)	COMPLETED	BALANCE	\N	2	\N	\N	2026-03-30 21:51:36.140891+07	25	2661	149	147
2664	PRB-20260330145136-FC4C5C	PROFIT_COMMISSION	174.00	Profit rebate L3 from +6281123456789 - Produk 1 (U8S03O)	COMPLETED	BALANCE	\N	3	\N	\N	2026-03-30 21:51:36.143675+07	25	2661	149	145
2665	AUTO-20260330215136-D3B18A	INTEREST	17400.00	Automatic profit from Produk 1 (U8S03O) investment	COMPLETED	BALANCE	\N	\N	\N	\N	2026-03-30 21:51:36.152357+07	25	\N	\N	158
2666	PRB-20260330145136-5856DF	PROFIT_COMMISSION	870.00	Profit rebate L1 from +62857319731843 - Produk 1 (U8S03O)	COMPLETED	BALANCE	\N	1	\N	\N	2026-03-30 21:51:36.153879+07	25	2665	158	149
2667	PRB-20260330145136-4405EE	PROFIT_COMMISSION	522.00	Profit rebate L2 from +62857319731843 - Produk 1 (U8S03O)	COMPLETED	BALANCE	\N	2	\N	\N	2026-03-30 21:51:36.156926+07	25	2665	158	148
2668	PRB-20260330145136-CC7E67	PROFIT_COMMISSION	174.00	Profit rebate L3 from +62857319731843 - Produk 1 (U8S03O)	COMPLETED	BALANCE	\N	3	\N	\N	2026-03-30 21:51:36.15897+07	25	2665	158	147
2669	AUTO-20260330215136-C3FBCF	INTEREST	17400.00	Automatic profit from Produk 1 (U8S03O) investment	COMPLETED	BALANCE	\N	\N	\N	\N	2026-03-30 21:51:36.167716+07	25	\N	\N	157
2670	PRB-20260330145136-98C196	PROFIT_COMMISSION	870.00	Profit rebate L1 from +6281111111189 - Produk 1 (U8S03O)	COMPLETED	BALANCE	\N	1	\N	\N	2026-03-30 21:51:36.170273+07	25	2669	157	149
2671	PRB-20260330145136-5287CF	PROFIT_COMMISSION	522.00	Profit rebate L2 from +6281111111189 - Produk 1 (U8S03O)	COMPLETED	BALANCE	\N	2	\N	\N	2026-03-30 21:51:36.172175+07	25	2669	157	148
2672	PRB-20260330145136-3969EE	PROFIT_COMMISSION	174.00	Profit rebate L3 from +6281111111189 - Produk 1 (U8S03O)	COMPLETED	BALANCE	\N	3	\N	\N	2026-03-30 21:51:36.173711+07	25	2669	157	147
2673	AUTO-20260330215136-752C54	INTEREST	17400.00	Automatic profit from Produk 1 (U8S03O) investment	COMPLETED	BALANCE	\N	\N	\N	\N	2026-03-30 21:51:36.181269+07	25	\N	\N	156
2674	PRB-20260330145136-CF0A42	PROFIT_COMMISSION	870.00	Profit rebate L1 from +6281111111789 - Produk 1 (U8S03O)	COMPLETED	BALANCE	\N	1	\N	\N	2026-03-30 21:51:36.184322+07	25	2673	156	149
2675	PRB-20260330145136-76E078	PROFIT_COMMISSION	522.00	Profit rebate L2 from +6281111111789 - Produk 1 (U8S03O)	COMPLETED	BALANCE	\N	2	\N	\N	2026-03-30 21:51:36.185865+07	25	2673	156	148
2676	PRB-20260330145136-F9B765	PROFIT_COMMISSION	174.00	Profit rebate L3 from +6281111111789 - Produk 1 (U8S03O)	COMPLETED	BALANCE	\N	3	\N	\N	2026-03-30 21:51:36.188922+07	25	2673	156	147
2677	AUTO-20260330215136-2F7A02	INTEREST	17400.00	Automatic profit from Produk 1 (U8S03O) investment	COMPLETED	BALANCE	\N	\N	\N	\N	2026-03-30 21:51:36.196112+07	25	\N	\N	155
2678	PRB-20260330145136-07A9DB	PROFIT_COMMISSION	870.00	Profit rebate L1 from +62811111456789 - Produk 1 (U8S03O)	COMPLETED	BALANCE	\N	1	\N	\N	2026-03-30 21:51:36.199186+07	25	2677	155	149
2679	PRB-20260330145136-D67FD2	PROFIT_COMMISSION	522.00	Profit rebate L2 from +62811111456789 - Produk 1 (U8S03O)	COMPLETED	BALANCE	\N	2	\N	\N	2026-03-30 21:51:36.200723+07	25	2677	155	148
2680	PRB-20260330145136-83B7B6	PROFIT_COMMISSION	174.00	Profit rebate L3 from +62811111456789 - Produk 1 (U8S03O)	COMPLETED	BALANCE	\N	3	\N	\N	2026-03-30 21:51:36.202254+07	25	2677	155	147
2681	AUTO-20260330215136-A74934	INTEREST	17400.00	Automatic profit from Produk 1 (U8S03O) investment	COMPLETED	BALANCE	\N	\N	\N	\N	2026-03-30 21:51:36.210384+07	25	\N	\N	154
2682	PRB-20260330145136-D629F2	PROFIT_COMMISSION	870.00	Profit rebate L1 from +62811113456789 - Produk 1 (U8S03O)	COMPLETED	BALANCE	\N	1	\N	\N	2026-03-30 21:51:36.212442+07	25	2681	154	149
2683	PRB-20260330145136-3486AB	PROFIT_COMMISSION	522.00	Profit rebate L2 from +62811113456789 - Produk 1 (U8S03O)	COMPLETED	BALANCE	\N	2	\N	\N	2026-03-30 21:51:36.215517+07	25	2681	154	148
2684	PRB-20260330145136-2FBE73	PROFIT_COMMISSION	174.00	Profit rebate L3 from +62811113456789 - Produk 1 (U8S03O)	COMPLETED	BALANCE	\N	3	\N	\N	2026-03-30 21:51:36.21704+07	25	2681	154	147
2685	AUTO-20260330215136-4C3611	INTEREST	17400.00	Automatic profit from Produk 1 (U8S03O) investment	COMPLETED	BALANCE	\N	\N	\N	\N	2026-03-30 21:51:36.223155+07	25	\N	\N	153
2686	PRB-20260330145136-110E13	PROFIT_COMMISSION	870.00	Profit rebate L1 from +62811123456789 - Produk 1 (U8S03O)	COMPLETED	BALANCE	\N	1	\N	\N	2026-03-30 21:51:36.226945+07	25	2685	153	149
2687	PRB-20260330145136-1D2995	PROFIT_COMMISSION	522.00	Profit rebate L2 from +62811123456789 - Produk 1 (U8S03O)	COMPLETED	BALANCE	\N	2	\N	\N	2026-03-30 21:51:36.228994+07	25	2685	153	148
2688	PRB-20260330145136-3FEF75	PROFIT_COMMISSION	174.00	Profit rebate L3 from +62811123456789 - Produk 1 (U8S03O)	COMPLETED	BALANCE	\N	3	\N	\N	2026-03-30 21:51:36.230549+07	25	2685	153	147
2689	AUTO-20260330215136-FCA2F4	INTEREST	17400.00	Automatic profit from Produk 1 (U8S03O) investment	COMPLETED	BALANCE	\N	\N	\N	\N	2026-03-30 21:51:36.238013+07	25	\N	\N	152
2980	VCH-20260403085148-487267	VOUCHER	10870.64	Voucher claim TEST	COMPLETED	BALANCE	\N	\N	16	TEST	2026-04-03 08:51:48.593665+07	\N	\N	\N	169
3113	DEP-20260403224919-048BBD	DEPOSIT	30000.00	Deposit via Jayapay (BALANCE_DEPOSIT)	FAILED	BALANCE_DEPOSIT	\N	\N	\N	\N	2026-04-03 22:49:19.450844+07	\N	\N	\N	178
2210	ADM-BALANCE_DEPOSIT-147-1772823921	CREDIT	200000.00	Admin increased balance_deposit by 200000	COMPLETED	BALANCE_DEPOSIT	\N	\N	\N	\N	2026-03-07 02:05:21.22364+07	\N	\N	\N	147
2380	AUTO-20260309002332-3A4A6C	INTEREST	56250.00	Hold profit (accrual) from Aset Pilihan I investment	COMPLETED	BALANCE_HOLD	\N	\N	\N	\N	2026-03-09 00:23:32.538768+07	\N	\N	\N	149
2381	AUTO-20260309002332-5911C7	INTEREST	17600.00	Hold profit (accrual) from Kesejahteraan I investment	COMPLETED	BALANCE_HOLD	\N	\N	\N	\N	2026-03-09 00:23:32.552595+07	\N	\N	\N	149
2690	PRB-20260330145136-6AFA85	PROFIT_COMMISSION	870.00	Profit rebate L1 from +6281234456789 - Produk 1 (U8S03O)	COMPLETED	BALANCE	\N	1	\N	\N	2026-03-30 21:51:36.24005+07	25	2689	152	151
2691	PRB-20260330145136-831783	PROFIT_COMMISSION	522.00	Profit rebate L2 from +6281234456789 - Produk 1 (U8S03O)	COMPLETED	BALANCE	\N	2	\N	\N	2026-03-30 21:51:36.242275+07	25	2689	152	150
2692	PRB-20260330145136-ED986B	PROFIT_COMMISSION	174.00	Profit rebate L3 from +6281234456789 - Produk 1 (U8S03O)	COMPLETED	BALANCE	\N	3	\N	\N	2026-03-30 21:51:36.244254+07	25	2689	152	149
2693	AUTO-20260330215136-3CE6FD	INTEREST	17400.00	Automatic profit from Produk 1 (U8S03O) investment	COMPLETED	BALANCE	\N	\N	\N	\N	2026-03-30 21:51:36.251674+07	25	\N	\N	151
2694	PRB-20260330145136-789CF1	PROFIT_COMMISSION	870.00	Profit rebate L1 from +6281233456789 - Produk 1 (U8S03O)	COMPLETED	BALANCE	\N	1	\N	\N	2026-03-30 21:51:36.254191+07	25	2693	151	150
2695	PRB-20260330145136-A1054B	PROFIT_COMMISSION	522.00	Profit rebate L2 from +6281233456789 - Produk 1 (U8S03O)	COMPLETED	BALANCE	\N	2	\N	\N	2026-03-30 21:51:36.255725+07	25	2693	151	149
2696	PRB-20260330145136-D2913F	PROFIT_COMMISSION	174.00	Profit rebate L3 from +6281233456789 - Produk 1 (U8S03O)	COMPLETED	BALANCE	\N	3	\N	\N	2026-03-30 21:51:36.257248+07	25	2693	151	148
2697	AUTO-20260330215136-70428F	INTEREST	17400.00	Automatic profit from Produk 1 (U8S03O) investment	COMPLETED	BALANCE	\N	\N	\N	\N	2026-03-30 21:51:36.264642+07	25	\N	\N	150
2698	PRB-20260330145136-3EF5DB	PROFIT_COMMISSION	870.00	Profit rebate L1 from +6281223456789 - Produk 1 (U8S03O)	COMPLETED	BALANCE	\N	1	\N	\N	2026-03-30 21:51:36.26729+07	25	2697	150	149
2699	PRB-20260330145136-1CE4FA	PROFIT_COMMISSION	522.00	Profit rebate L2 from +6281223456789 - Produk 1 (U8S03O)	COMPLETED	BALANCE	\N	2	\N	\N	2026-03-30 21:51:36.270058+07	25	2697	150	148
2700	PRB-20260330145136-0690E3	PROFIT_COMMISSION	174.00	Profit rebate L3 from +6281223456789 - Produk 1 (U8S03O)	COMPLETED	BALANCE	\N	3	\N	\N	2026-03-30 21:51:36.271584+07	25	2697	150	147
2701	AUTO-20260330215136-3BF248	INTEREST	17400.00	Automatic profit from Produk 1 (U8S03O) investment	COMPLETED	BALANCE	\N	\N	\N	\N	2026-03-30 21:51:36.28017+07	25	\N	\N	148
2702	PRB-20260330145136-67CB5D	PROFIT_COMMISSION	870.00	Profit rebate L1 from +6289123456789 - Produk 1 (U8S03O)	COMPLETED	BALANCE	\N	1	\N	\N	2026-03-30 21:51:36.281705+07	25	2701	148	147
2703	PRB-20260330145136-229EDE	PROFIT_COMMISSION	522.00	Profit rebate L2 from +6289123456789 - Produk 1 (U8S03O)	COMPLETED	BALANCE	\N	2	\N	\N	2026-03-30 21:51:36.284759+07	25	2701	148	145
2704	PRB-20260330145136-9C6C72	PROFIT_COMMISSION	174.00	Profit rebate L3 from +6289123456789 - Produk 1 (U8S03O)	COMPLETED	BALANCE	\N	3	\N	\N	2026-03-30 21:51:36.286291+07	25	2701	148	143
2705	AUTO-20260330215136-01262C	INTEREST	500.00	Automatic profit from Produk 1 (U8S03O) investment	COMPLETED	BALANCE	\N	\N	\N	\N	2026-03-30 21:51:36.292459+07	25	\N	\N	148
2706	PRB-20260330145136-E7F573	PROFIT_COMMISSION	25.00	Profit rebate L1 from +6289123456789 - Produk 1 (U8S03O)	COMPLETED	BALANCE	\N	1	\N	\N	2026-03-30 21:51:36.295526+07	25	2705	148	147
2707	PRB-20260330145136-937369	PROFIT_COMMISSION	15.00	Profit rebate L2 from +6289123456789 - Produk 1 (U8S03O)	COMPLETED	BALANCE	\N	2	\N	\N	2026-03-30 21:51:36.297065+07	25	2705	148	145
2708	PRB-20260330145136-D3FE43	PROFIT_COMMISSION	5.00	Profit rebate L3 from +6289123456789 - Produk 1 (U8S03O)	COMPLETED	BALANCE	\N	3	\N	\N	2026-03-30 21:51:36.300126+07	25	2705	148	143
2709	AUTO-20260330215136-AE34D3	INTEREST	500.00	Automatic profit from Produk 1 (U8S03O) investment	COMPLETED	BALANCE	\N	\N	\N	\N	2026-03-30 21:51:36.30623+07	25	\N	\N	147
2710	PRB-20260330145136-F8AA96	PROFIT_COMMISSION	25.00	Profit rebate L1 from +62883123456789 - Produk 1 (U8S03O)	COMPLETED	BALANCE	\N	1	\N	\N	2026-03-30 21:51:36.307786+07	25	2709	147	145
2711	PRB-20260330145136-1EF6C0	PROFIT_COMMISSION	15.00	Profit rebate L2 from +62883123456789 - Produk 1 (U8S03O)	COMPLETED	BALANCE	\N	2	\N	\N	2026-03-30 21:51:36.311384+07	25	2709	147	143
2712	PRB-20260330145136-FE0350	PROFIT_COMMISSION	5.00	Profit rebate L3 from +62883123456789 - Produk 1 (U8S03O)	COMPLETED	BALANCE	\N	3	\N	\N	2026-03-30 21:51:36.314457+07	25	2709	147	2
2713	AUTO-20260330215136-BBE130	INTEREST	500.00	Automatic profit from Produk 1 (U8S03O) investment	COMPLETED	BALANCE	\N	\N	\N	\N	2026-03-30 21:51:36.320569+07	25	\N	\N	147
2714	PRB-20260330145136-5E51DD	PROFIT_COMMISSION	25.00	Profit rebate L1 from +62883123456789 - Produk 1 (U8S03O)	COMPLETED	BALANCE	\N	1	\N	\N	2026-03-30 21:51:36.323617+07	25	2713	147	145
2715	PRB-20260330145136-D41F31	PROFIT_COMMISSION	15.00	Profit rebate L2 from +62883123456789 - Produk 1 (U8S03O)	COMPLETED	BALANCE	\N	2	\N	\N	2026-03-30 21:51:36.326621+07	25	2713	147	143
2716	PRB-20260330145136-1F0BFB	PROFIT_COMMISSION	5.00	Profit rebate L3 from +62883123456789 - Produk 1 (U8S03O)	COMPLETED	BALANCE	\N	3	\N	\N	2026-03-30 21:51:36.329719+07	25	2713	147	2
2717	AUTO-20260330215136-BC259E	INTEREST	500.00	Automatic profit from Produk 1 (U8S03O) investment	COMPLETED	BALANCE	\N	\N	\N	\N	2026-03-30 21:51:36.334201+07	25	\N	\N	145
2718	PRB-20260330145136-9C3CFD	PROFIT_COMMISSION	25.00	Profit rebate L1 from +6288123456789 - Produk 1 (U8S03O)	COMPLETED	BALANCE	\N	1	\N	\N	2026-03-30 21:51:36.337264+07	25	2717	145	143
2719	PRB-20260330145136-374E98	PROFIT_COMMISSION	15.00	Profit rebate L2 from +6288123456789 - Produk 1 (U8S03O)	COMPLETED	BALANCE	\N	2	\N	\N	2026-03-30 21:51:36.339981+07	25	2717	145	2
656	AUTO-20251129135736-410473	INTEREST	11995.20	Automatic profit from Sistem Omnisurg investment	COMPLETED	BALANCE	\N	\N	\N	\N	2025-11-29 20:57:36.176398+07	\N	\N	\N	2
657	PRB-20251129135736-473288	PROFIT_COMMISSION	839.66	Profit rebate L1 from 89595959595 - Sistem Omnisurg	COMPLETED	BALANCE	\N	1	\N	\N	2025-11-29 20:57:36.242919+07	\N	656	2	1
662	PUR-20251130032010-397A44	INVESTMENTS	1864500.00	Purchase Sistem Vitaris (x1)	COMPLETED	BALANCE_DEPOSIT	1	\N	\N	\N	2025-11-30 10:20:10.204504+07	\N	\N	\N	2
663	REB-20251130032010-FB0970	PURCHASE_COMMISSION	186450.00	Purchase rebate L1 from 89595959595 - Sistem Vitaris	COMPLETED	BALANCE	\N	1	\N	\N	2025-11-30 10:20:10.371139+07	\N	662	2	1
2720	AUTO-20260330215136-DF5066	INTEREST	500.00	Automatic profit from Produk 1 (U8S03O) investment	COMPLETED	BALANCE	\N	\N	\N	\N	2026-03-30 21:51:36.346462+07	25	\N	\N	143
2721	PRB-20260330145136-6B3984	PROFIT_COMMISSION	25.00	Profit rebate L1 from +6287123456789 - Produk 1 (U8S03O)	COMPLETED	BALANCE	\N	1	\N	\N	2026-03-30 21:51:36.348+07	25	2720	143	2
2722	AUTO-20260330215136-B96FA7	INTEREST	500.00	Automatic profit from Produk 1 (U8S03O) investment	COMPLETED	BALANCE	\N	\N	\N	\N	2026-03-30 21:51:36.354341+07	25	\N	\N	143
2211	DEP-20260307031017-F1832C	DEPOSIT	35000.00	Deposit via Jayapay (BALANCE_DEPOSIT)	FAILED	BALANCE_DEPOSIT	\N	\N	\N	\N	2026-03-07 03:10:17.553013+07	\N	\N	\N	147
2723	PRB-20260330145136-5386E4	PROFIT_COMMISSION	25.00	Profit rebate L1 from +6287123456789 - Produk 1 (U8S03O)	COMPLETED	BALANCE	\N	1	\N	\N	2026-03-30 21:51:36.356872+07	25	2722	143	2
2724	AUTO-20260330215136-3A8574	INTEREST	500.00	Automatic profit from Produk 1 (U8S03O) investment	COMPLETED	BALANCE	\N	\N	\N	\N	2026-03-30 21:51:36.363638+07	25	\N	\N	2
2725	AUTO-20260330215136-FADBE9	INTEREST	1000.00	Automatic profit from Produk 2 (U78DFDF) investment	COMPLETED	BALANCE	\N	\N	\N	\N	2026-03-30 21:51:36.369201+07	26	\N	\N	2
2981	PUR-20260403015540-E7B556	INVESTMENTS	130000.00	Purchase Drone Arundala (U7S9DFF) (x1)	COMPLETED	BALANCE_DEPOSIT	1	\N	\N	\N	2026-04-03 08:55:40.832823+07	25	\N	\N	169
1690	AUTO-20260126004344-7C8AB1	INTEREST	8800.00	Automatic profit from Cloud AI investment	COMPLETED	BALANCE	\N	\N	\N	\N	2026-01-26 00:43:44.682139+07	\N	\N	\N	2
1788	AUTO-20260213000145-13B00B	INTEREST	7520.00	Automatic profit from Cloud AI investment	COMPLETED	BALANCE	\N	\N	\N	\N	2026-02-13 00:01:45.49226+07	\N	\N	\N	2
3114	RLT-20260403163258-83E167	BONUS	5000.00	Roulette prize: 5000	COMPLETED	BALANCE	\N	\N	\N	\N	2026-04-03 23:32:58.242388+07	\N	\N	\N	2
3199	PUR-20260404045217-A3BFA2	INVESTMENTS	130000.00	Purchase Drone Arundala (U7S9DFF) (x1)	COMPLETED	BALANCE_DEPOSIT	1	\N	\N	\N	2026-04-04 11:52:17.720541+07	25	\N	\N	199
3200	REB-20260404045217-EBDE7A	PURCHASE_COMMISSION	13000.00	Purchase rebate L1 from +6282122425479 - Drone Arundala (U7S9DFF)	COMPLETED	BALANCE	\N	1	\N	\N	2026-04-04 11:52:17.72666+07	25	3199	199	191
3401	AUTO-20260407085218-BC6F0D	INTEREST	16446.46	Automatic profit from Drone Amythis (U9SODWK) investment	COMPLETED	BALANCE	\N	\N	\N	\N	2026-04-07 08:52:18.523104+07	26	\N	\N	181
3402	AUTO-20260407085218-CDBB10	INTEREST	4654.55	Automatic profit from Drone Arundala (U7S9DFF) investment	COMPLETED	BALANCE	\N	\N	\N	\N	2026-04-07 08:52:18.610746+07	25	\N	\N	181
3403	PRB-20260407015218-71FCEF	PROFIT_COMMISSION	232.73	Profit rebate L1 from +6281234567812 - Drone Arundala (U7S9DFF)	COMPLETED	BALANCE	\N	1	\N	\N	2026-04-07 08:52:18.617144+07	25	3402	181	178
3404	PRB-20260407015218-BC0BCE	PROFIT_COMMISSION	139.64	Profit rebate L2 from +6281234567812 - Drone Arundala (U7S9DFF)	COMPLETED	BALANCE	\N	2	\N	\N	2026-04-07 08:52:18.624242+07	25	3402	181	169
3405	AUTO-20260407085218-688CDB	INTEREST	16685.70	Automatic profit from Drone Amythis (U9SODWK) investment	COMPLETED	BALANCE	\N	\N	\N	\N	2026-04-07 08:52:18.653446+07	26	\N	\N	180
3406	AUTO-20260407085218-7183D0	INTEREST	4510.56	Automatic profit from Drone Arundala (U7S9DFF) investment	COMPLETED	BALANCE	\N	\N	\N	\N	2026-04-07 08:52:18.685909+07	25	\N	\N	180
3407	PRB-20260407015218-210BDD	PROFIT_COMMISSION	225.53	Profit rebate L1 from +6281234567811 - Drone Arundala (U7S9DFF)	COMPLETED	BALANCE	\N	1	\N	\N	2026-04-07 08:52:18.690649+07	25	3406	180	178
3408	PRB-20260407015218-53C841	PROFIT_COMMISSION	135.32	Profit rebate L2 from +6281234567811 - Drone Arundala (U7S9DFF)	COMPLETED	BALANCE	\N	2	\N	\N	2026-04-07 08:52:18.697032+07	25	3406	180	169
3409	AUTO-20260407085218-437952	INTEREST	16926.42	Automatic profit from Drone Amythis (U9SODWK) investment	COMPLETED	BALANCE	\N	\N	\N	\N	2026-04-07 08:52:18.741937+07	26	\N	\N	173
3410	PRB-20260407015218-F033FE	PROFIT_COMMISSION	846.32	Profit rebate L1 from +6289191919191 - Drone Amythis (U9SODWK)	COMPLETED	BALANCE	\N	1	\N	\N	2026-04-07 08:52:18.748941+07	26	3409	173	2
3411	AUTO-20260407085218-D0F8AA	INTEREST	4468.39	Automatic profit from Drone Arundala (U7S9DFF) investment	COMPLETED	BALANCE	\N	\N	\N	\N	2026-04-07 08:52:18.777117+07	25	\N	\N	173
3412	PRB-20260407015218-31CDF4	PROFIT_COMMISSION	223.42	Profit rebate L1 from +6289191919191 - Drone Arundala (U7S9DFF)	COMPLETED	BALANCE	\N	1	\N	\N	2026-04-07 08:52:18.781815+07	25	3411	173	2
3413	AUTO-20260407085218-F4D30F	INTEREST	17400.00	Automatic profit from Drone Arundala (U7S9DFF) investment	COMPLETED	BALANCE	\N	\N	\N	\N	2026-04-07 08:52:18.805716+07	25	\N	\N	149
3414	PRB-20260407015218-47242E	PROFIT_COMMISSION	870.00	Profit rebate L1 from +6281123456789 - Drone Arundala (U7S9DFF)	COMPLETED	BALANCE	\N	1	\N	\N	2026-04-07 08:52:18.81202+07	25	3413	149	148
3415	PRB-20260407015218-CDD522	PROFIT_COMMISSION	522.00	Profit rebate L2 from +6281123456789 - Drone Arundala (U7S9DFF)	COMPLETED	BALANCE	\N	2	\N	\N	2026-04-07 08:52:18.815129+07	25	3413	149	147
3416	PRB-20260407015218-1A94BC	PROFIT_COMMISSION	174.00	Profit rebate L3 from +6281123456789 - Drone Arundala (U7S9DFF)	COMPLETED	BALANCE	\N	3	\N	\N	2026-04-07 08:52:18.819945+07	25	3413	149	145
3417	AUTO-20260407085218-E56C51	INTEREST	17400.00	Automatic profit from Drone Arundala (U7S9DFF) investment	COMPLETED	BALANCE	\N	\N	\N	\N	2026-04-07 08:52:18.869828+07	25	\N	\N	158
3418	PRB-20260407015218-5C89C2	PROFIT_COMMISSION	870.00	Profit rebate L1 from +62857319731843 - Drone Arundala (U7S9DFF)	COMPLETED	BALANCE	\N	1	\N	\N	2026-04-07 08:52:18.874579+07	25	3417	158	149
3419	PRB-20260407015218-822562	PROFIT_COMMISSION	522.00	Profit rebate L2 from +62857319731843 - Drone Arundala (U7S9DFF)	COMPLETED	BALANCE	\N	2	\N	\N	2026-04-07 08:52:18.879229+07	25	3417	158	148
3420	PRB-20260407015218-93ED08	PROFIT_COMMISSION	174.00	Profit rebate L3 from +62857319731843 - Drone Arundala (U7S9DFF)	COMPLETED	BALANCE	\N	3	\N	\N	2026-04-07 08:52:18.883922+07	25	3417	158	147
3421	AUTO-20260407085218-B9AF3F	INTEREST	17400.00	Automatic profit from Drone Arundala (U7S9DFF) investment	COMPLETED	BALANCE	\N	\N	\N	\N	2026-04-07 08:52:18.932153+07	25	\N	\N	157
3422	PRB-20260407015218-B04E74	PROFIT_COMMISSION	870.00	Profit rebate L1 from +6281111111189 - Drone Arundala (U7S9DFF)	COMPLETED	BALANCE	\N	1	\N	\N	2026-04-07 08:52:18.937301+07	25	3421	157	149
3423	PRB-20260407015218-39472C	PROFIT_COMMISSION	522.00	Profit rebate L2 from +6281111111189 - Drone Arundala (U7S9DFF)	COMPLETED	BALANCE	\N	2	\N	\N	2026-04-07 08:52:18.941965+07	25	3421	157	148
3424	PRB-20260407015218-EC5330	PROFIT_COMMISSION	174.00	Profit rebate L3 from +6281111111189 - Drone Arundala (U7S9DFF)	COMPLETED	BALANCE	\N	3	\N	\N	2026-04-07 08:52:18.946648+07	25	3421	157	147
3425	AUTO-20260407085218-4B24B9	INTEREST	17400.00	Automatic profit from Drone Arundala (U7S9DFF) investment	COMPLETED	BALANCE	\N	\N	\N	\N	2026-04-07 08:52:18.995493+07	25	\N	\N	156
3426	PRB-20260407015218-DC6008	PROFIT_COMMISSION	870.00	Profit rebate L1 from +6281111111789 - Drone Arundala (U7S9DFF)	COMPLETED	BALANCE	\N	1	\N	\N	2026-04-07 08:52:18.999644+07	25	3425	156	149
3427	PRB-20260407015219-51AFC2	PROFIT_COMMISSION	522.00	Profit rebate L2 from +6281111111789 - Drone Arundala (U7S9DFF)	COMPLETED	BALANCE	\N	2	\N	\N	2026-04-07 08:52:19.004365+07	25	3425	156	148
3428	PRB-20260407015219-814832	PROFIT_COMMISSION	174.00	Profit rebate L3 from +6281111111789 - Drone Arundala (U7S9DFF)	COMPLETED	BALANCE	\N	3	\N	\N	2026-04-07 08:52:19.009211+07	25	3425	156	147
3429	AUTO-20260407085219-DCC521	INTEREST	17400.00	Automatic profit from Drone Arundala (U7S9DFF) investment	COMPLETED	BALANCE	\N	\N	\N	\N	2026-04-07 08:52:19.057456+07	25	\N	\N	155
3430	PRB-20260407015219-F63528	PROFIT_COMMISSION	870.00	Profit rebate L1 from +62811111456789 - Drone Arundala (U7S9DFF)	COMPLETED	BALANCE	\N	1	\N	\N	2026-04-07 08:52:19.062258+07	25	3429	155	149
1792	DEP-20260213001144-B59D54	DEPOSIT	123444.00	Deposit via Jayapay (BALANCE_DEPOSIT)	FAILED	BALANCE_DEPOSIT	\N	\N	\N	\N	2026-02-13 00:11:44.765063+07	\N	\N	\N	2
1794	VCH-20260213140932-E1C688	VOUCHER	10000.00	Voucher claim auto	COMPLETED	BALANCE_DEPOSIT	\N	\N	8	auto	2026-02-13 14:09:32.867465+07	\N	\N	\N	2
2212	PUR-20260306201139-7C1441	INVESTMENTS	100000.00	Purchase Prioritas I (x1)	COMPLETED	BALANCE_DEPOSIT	1	\N	\N	\N	2026-03-07 03:11:39.966698+07	\N	\N	\N	147
2213	REB-20260306201139-696981	PURCHASE_COMMISSION	33000.00	Purchase rebate L1 from +62883123456789 - Prioritas I	COMPLETED	BALANCE	\N	1	\N	\N	2026-03-07 03:11:39.99382+07	\N	2212	147	145
2214	REB-20260306201139-29CDF8	PURCHASE_COMMISSION	2000.00	Purchase rebate L2 from +62883123456789 - Prioritas I	COMPLETED	BALANCE	\N	2	\N	\N	2026-03-07 03:11:39.998365+07	\N	2212	147	143
2157	PRB-20260219170200-7B725E	PROFIT_COMMISSION	316.00	Profit rebate L2 from +62812345678902 - Proyek Konservasi-Kuda Laut	COMPLETED	BALANCE	\N	2	\N	\N	2026-02-20 00:02:00.122619+07	\N	\N	\N	2
2215	REB-20260306201140-879EC6	PURCHASE_COMMISSION	1000.00	Purchase rebate L3 from +62883123456789 - Prioritas I	COMPLETED	BALANCE	\N	3	\N	\N	2026-03-07 03:11:40.00139+07	\N	2212	147	2
2726	ATT-20260330160028-8616CC	ATTENDANCE	1000.00	Daily attendance claim	COMPLETED	BALANCE	\N	\N	\N	\N	2026-03-30 23:00:28.812358+07	\N	\N	\N	161
1804	AUTO-20260214000058-60E477	INTEREST	7520.00	Automatic profit from Cloud AI investment	COMPLETED	BALANCE	\N	\N	\N	\N	2026-02-14 00:00:58.288505+07	\N	\N	\N	2
2728	ATT-20260331131758-569B49	ATTENDANCE	100.00	Daily attendance claim	COMPLETED	BALANCE	\N	\N	\N	\N	2026-03-31 20:17:58.323318+07	\N	\N	\N	1
2982	ADM-BALANCE_DEPOSIT-169-1775182449	CREDIT	270000.00	Admin increased balance_deposit by 270000	COMPLETED	BALANCE_DEPOSIT	\N	\N	\N	\N	2026-04-03 09:14:09.388281+07	\N	\N	\N	169
3115	RLT-20260403163312-112033	BONUS	5000.00	Roulette prize: 5000	COMPLETED	BALANCE	\N	\N	\N	\N	2026-04-03 23:33:12.09994+07	\N	\N	\N	2
3201	DEP-20260404115241-256674	DEPOSIT	780000.00	Deposit via Jayapay (BALANCE_DEPOSIT)	FAILED	BALANCE_DEPOSIT	\N	\N	\N	\N	2026-04-04 11:52:41.656592+07	\N	\N	\N	199
3431	PRB-20260407015219-9FDEFF	PROFIT_COMMISSION	522.00	Profit rebate L2 from +62811111456789 - Drone Arundala (U7S9DFF)	COMPLETED	BALANCE	\N	2	\N	\N	2026-04-07 08:52:19.066435+07	25	3429	155	148
1871	REB-20260217192257-F55E55	PURCHASE_COMMISSION	3000.00	Purchase rebate L2 from +6285770404473 - Proyek Konservasi-Penyu Laut	COMPLETED	BALANCE	\N	2	\N	\N	2026-02-18 02:22:57.891473+07	\N	\N	\N	2
2158	PRB-20260219170200-C19421	PROFIT_COMMISSION	63.20	Profit rebate L3 from +62812345678902 - Proyek Konservasi-Kuda Laut	COMPLETED	BALANCE	\N	3	\N	\N	2026-02-20 00:02:00.127208+07	\N	\N	\N	1
3432	PRB-20260407015219-5BF38A	PROFIT_COMMISSION	174.00	Profit rebate L3 from +62811111456789 - Drone Arundala (U7S9DFF)	COMPLETED	BALANCE	\N	3	\N	\N	2026-04-07 08:52:19.071796+07	25	3429	155	147
3433	AUTO-20260407085219-843972	INTEREST	17400.00	Automatic profit from Drone Arundala (U7S9DFF) investment	COMPLETED	BALANCE	\N	\N	\N	\N	2026-04-07 08:52:19.114496+07	25	\N	\N	154
3434	PRB-20260407015219-5DFE66	PROFIT_COMMISSION	870.00	Profit rebate L1 from +62811113456789 - Drone Arundala (U7S9DFF)	COMPLETED	BALANCE	\N	1	\N	\N	2026-04-07 08:52:19.11918+07	25	3433	154	149
3435	PRB-20260407015219-4CC235	PROFIT_COMMISSION	522.00	Profit rebate L2 from +62811113456789 - Drone Arundala (U7S9DFF)	COMPLETED	BALANCE	\N	2	\N	\N	2026-04-07 08:52:19.123922+07	25	3433	154	148
931	ATT-20251206154157-3159CF	ATTENDANCE	500.00	Daily attendance claim	COMPLETED	BALANCE	\N	\N	\N	\N	2025-12-06 22:41:57.385139+07	\N	\N	\N	2
932	DEP-20251206165728-6F37A8	DEPOSIT	2000000.00	Deposit via Jayapay (BALANCE_DEPOSIT)	FAILED	BALANCE_DEPOSIT	\N	\N	\N	\N	2025-12-06 23:57:28.686553+07	\N	\N	\N	2
3436	PRB-20260407015219-AC0292	PROFIT_COMMISSION	174.00	Profit rebate L3 from +62811113456789 - Drone Arundala (U7S9DFF)	COMPLETED	BALANCE	\N	3	\N	\N	2026-04-07 08:52:19.127035+07	25	3433	154	147
934	WD-7C24AD35EC	WITHDRAW	70000.00	Withdrawal request	PENDING	BALANCE	\N	\N	\N	\N	2025-12-06 23:59:58.559111+07	\N	\N	\N	2
935	ATT-20251206175821-3E5679	ATTENDANCE	500.00	Daily attendance claim	COMPLETED	BALANCE	\N	\N	\N	\N	2025-12-07 00:58:21.69913+07	\N	\N	\N	2
936	DEP-20251207162945-437066	DEPOSIT	500000.00	Deposit via Jayapay (BALANCE_DEPOSIT)	FAILED	BALANCE_DEPOSIT	\N	\N	\N	\N	2025-12-07 16:29:45.293058+07	\N	\N	\N	2
937	WD-951868BD5D	WITHDRAW	100000.00	Withdrawal request	PENDING	BALANCE	\N	\N	\N	\N	2025-12-07 16:29:58.913305+07	\N	\N	\N	2
3437	AUTO-20260407085219-C2F95B	INTEREST	17400.00	Automatic profit from Drone Arundala (U7S9DFF) investment	COMPLETED	BALANCE	\N	\N	\N	\N	2026-04-07 08:52:19.175082+07	25	\N	\N	153
3438	PRB-20260407015219-CAAA5B	PROFIT_COMMISSION	870.00	Profit rebate L1 from +62811123456789 - Drone Arundala (U7S9DFF)	COMPLETED	BALANCE	\N	1	\N	\N	2026-04-07 08:52:19.179467+07	25	3437	153	149
3439	PRB-20260407015219-6A35AC	PROFIT_COMMISSION	522.00	Profit rebate L2 from +62811123456789 - Drone Arundala (U7S9DFF)	COMPLETED	BALANCE	\N	2	\N	\N	2026-04-07 08:52:19.185852+07	25	3437	153	148
3440	PRB-20260407015219-1CFB1F	PROFIT_COMMISSION	174.00	Profit rebate L3 from +62811123456789 - Drone Arundala (U7S9DFF)	COMPLETED	BALANCE	\N	3	\N	\N	2026-04-07 08:52:19.19009+07	25	3437	153	147
3441	AUTO-20260407085219-CC6B9A	INTEREST	17400.00	Automatic profit from Drone Arundala (U7S9DFF) investment	COMPLETED	BALANCE	\N	\N	\N	\N	2026-04-07 08:52:19.235877+07	25	\N	\N	152
3442	PRB-20260407015219-B822D2	PROFIT_COMMISSION	870.00	Profit rebate L1 from +6281234456789 - Drone Arundala (U7S9DFF)	COMPLETED	BALANCE	\N	1	\N	\N	2026-04-07 08:52:19.240191+07	25	3441	152	151
944	WD-7E18AD3148	WITHDRAW	100000.00	Withdrawal request	PENDING	BALANCE	\N	\N	\N	\N	2025-12-07 16:47:31.796473+07	\N	\N	\N	2
945	WD-458E362D1A	WITHDRAW	100000.00	Withdrawal request	PENDING	BALANCE	\N	\N	\N	\N	2025-12-07 16:50:35.918984+07	\N	\N	\N	2
3443	PRB-20260407015219-0F2BD5	PROFIT_COMMISSION	522.00	Profit rebate L2 from +6281234456789 - Drone Arundala (U7S9DFF)	COMPLETED	BALANCE	\N	2	\N	\N	2026-04-07 08:52:19.244801+07	25	3441	152	150
3444	PRB-20260407015219-F597D9	PROFIT_COMMISSION	174.00	Profit rebate L3 from +6281234456789 - Drone Arundala (U7S9DFF)	COMPLETED	BALANCE	\N	3	\N	\N	2026-04-07 08:52:19.249349+07	25	3441	152	149
3445	AUTO-20260407085219-529334	INTEREST	17400.00	Automatic profit from Drone Arundala (U7S9DFF) investment	COMPLETED	BALANCE	\N	\N	\N	\N	2026-04-07 08:52:19.296998+07	25	\N	\N	151
3446	PRB-20260407015219-75B499	PROFIT_COMMISSION	870.00	Profit rebate L1 from +6281233456789 - Drone Arundala (U7S9DFF)	COMPLETED	BALANCE	\N	1	\N	\N	2026-04-07 08:52:19.301716+07	25	3445	151	150
3447	PRB-20260407015219-582EF1	PROFIT_COMMISSION	522.00	Profit rebate L2 from +6281233456789 - Drone Arundala (U7S9DFF)	COMPLETED	BALANCE	\N	2	\N	\N	2026-04-07 08:52:19.306491+07	25	3445	151	149
3448	PRB-20260407015219-019F10	PROFIT_COMMISSION	174.00	Profit rebate L3 from +6281233456789 - Drone Arundala (U7S9DFF)	COMPLETED	BALANCE	\N	3	\N	\N	2026-04-07 08:52:19.311052+07	25	3445	151	148
3449	AUTO-20260407085219-BB5283	INTEREST	17400.00	Automatic profit from Drone Arundala (U7S9DFF) investment	COMPLETED	BALANCE	\N	\N	\N	\N	2026-04-07 08:52:19.362673+07	25	\N	\N	150
1653	REB-20260124175246-F69483	PURCHASE_COMMISSION	1760.00	Purchase rebate L2 from +6286565656565 - Cloud AI	COMPLETED	BALANCE	\N	2	\N	\N	2026-01-25 00:52:46.249779+07	\N	\N	\N	1
1967	ATT-20260218184119-639518	ATTENDANCE	201.09	Daily attendance claim	COMPLETED	BALANCE	\N	\N	\N	\N	2026-02-19 01:41:19.93567+07	\N	\N	\N	2
2216	ADM-BALANCE_DEPOSIT-147-1772828252	CREDIT	1000000.00	Admin increased balance_deposit by 1000000	COMPLETED	BALANCE_DEPOSIT	\N	\N	\N	\N	2026-03-07 03:17:32.481342+07	\N	\N	\N	147
2727	VCH-20260330230603-9E6D3C	VOUCHER	1000.00	Voucher claim TEST123	COMPLETED	BALANCE	\N	\N	15	TEST123	2026-03-30 23:06:03.34434+07	\N	\N	\N	161
2729	ATT-20260331132345-9122C2	ATTENDANCE	150.00	Daily attendance claim	COMPLETED	BALANCE	\N	\N	\N	\N	2026-03-31 20:23:45.210111+07	\N	\N	\N	2
2983	PUR-20260403021425-5DEBB2	INVESTMENTS	280000.00	Purchase Drone Czorto (MU7PL6A) (x1)	COMPLETED	BALANCE_DEPOSIT	1	\N	\N	\N	2026-04-03 09:14:25.102638+07	73	\N	\N	169
3116	AUTO-20260403234252-04BCC9	INTEREST	16579.34	Automatic profit from Drone Amythis (U9SODWK) investment	COMPLETED	BALANCE	\N	\N	\N	\N	2026-04-03 23:42:52.316974+07	26	\N	\N	173
3117	PRB-20260403164252-B3DFD5	PROFIT_COMMISSION	828.97	Profit rebate L1 from +6289191919191 - Drone Amythis (U9SODWK)	COMPLETED	BALANCE	\N	1	\N	\N	2026-04-03 23:42:52.326145+07	26	3116	173	2
1793	WD-E1A8F9A115	WITHDRAW	50000.00	Withdrawal request	PENDING	BALANCE	\N	\N	\N	\N	2026-02-13 00:12:51.735682+07	\N	\N	\N	2
3118	AUTO-20260403234252-A65A87	INTEREST	4454.40	Automatic profit from Drone Arundala (U7S9DFF) investment	COMPLETED	BALANCE	\N	\N	\N	\N	2026-04-03 23:42:52.356233+07	25	\N	\N	173
3119	PRB-20260403164252-EFDC35	PROFIT_COMMISSION	222.72	Profit rebate L1 from +6289191919191 - Drone Arundala (U7S9DFF)	COMPLETED	BALANCE	\N	1	\N	\N	2026-04-03 23:42:52.360301+07	25	3118	173	2
3202	RLT-20260404045655-4AA6DA	BONUS	2000.00	Roulette prize: 2000	COMPLETED	BALANCE	\N	\N	\N	\N	2026-04-04 11:56:55.652591+07	\N	\N	\N	191
3450	PRB-20260407015219-66F629	PROFIT_COMMISSION	870.00	Profit rebate L1 from +6281223456789 - Drone Arundala (U7S9DFF)	COMPLETED	BALANCE	\N	1	\N	\N	2026-04-07 08:52:19.367783+07	25	3449	150	149
1872	PUR-20260218060755-74CE31	INVESTMENTS	2966000.00	Purchase Proyek Konservasi-Padang Lamun (x1)	COMPLETED	BALANCE	1	\N	\N	\N	2026-02-18 13:07:55.629075+07	\N	\N	\N	2
1873	REB-20260218060755-389E57	PURCHASE_COMMISSION	355920.00	Purchase rebate L1 from +6289595959595 - Proyek Konservasi-Padang Lamun	COMPLETED	BALANCE	\N	1	\N	\N	2026-02-18 13:07:55.668716+07	\N	1872	2	1
2162	PRB-20260219170240-BF245A	PROFIT_COMMISSION	316.00	Profit rebate L2 from +62812345678902 - Proyek Konservasi-Kuda Laut	COMPLETED	BALANCE	\N	2	\N	\N	2026-02-20 00:02:40.846414+07	\N	\N	\N	2
2163	PRB-20260219170240-F76162	PROFIT_COMMISSION	63.20	Profit rebate L3 from +62812345678902 - Proyek Konservasi-Kuda Laut	COMPLETED	BALANCE	\N	3	\N	\N	2026-02-20 00:02:40.849473+07	\N	\N	\N	1
3451	PRB-20260407015219-23D2F1	PROFIT_COMMISSION	522.00	Profit rebate L2 from +6281223456789 - Drone Arundala (U7S9DFF)	COMPLETED	BALANCE	\N	2	\N	\N	2026-04-07 08:52:19.372663+07	25	3449	150	148
3452	PRB-20260407015219-E7FEA0	PROFIT_COMMISSION	174.00	Profit rebate L3 from +6281223456789 - Drone Arundala (U7S9DFF)	COMPLETED	BALANCE	\N	3	\N	\N	2026-04-07 08:52:19.377468+07	25	3449	150	147
3453	AUTO-20260407085219-15FFF5	INTEREST	17400.00	Automatic profit from Drone Arundala (U7S9DFF) investment	COMPLETED	BALANCE	\N	\N	\N	\N	2026-04-07 08:52:19.42381+07	25	\N	\N	148
3454	PRB-20260407015219-2FB041	PROFIT_COMMISSION	870.00	Profit rebate L1 from +6289123456789 - Drone Arundala (U7S9DFF)	COMPLETED	BALANCE	\N	1	\N	\N	2026-04-07 08:52:19.428633+07	25	3453	148	147
3455	PRB-20260407015219-30A25F	PROFIT_COMMISSION	522.00	Profit rebate L2 from +6289123456789 - Drone Arundala (U7S9DFF)	COMPLETED	BALANCE	\N	2	\N	\N	2026-04-07 08:52:19.433377+07	25	3453	148	145
3456	PRB-20260407015219-16F63C	PROFIT_COMMISSION	174.00	Profit rebate L3 from +6289123456789 - Drone Arundala (U7S9DFF)	COMPLETED	BALANCE	\N	3	\N	\N	2026-04-07 08:52:19.436495+07	25	3453	148	143
3457	AUTO-20260407085219-3AE61A	INTEREST	500.00	Automatic profit from Drone Arundala (U7S9DFF) investment	COMPLETED	BALANCE	\N	\N	\N	\N	2026-04-07 08:52:19.486057+07	25	\N	\N	148
3458	PRB-20260407015219-D055AC	PROFIT_COMMISSION	25.00	Profit rebate L1 from +6289123456789 - Drone Arundala (U7S9DFF)	COMPLETED	BALANCE	\N	1	\N	\N	2026-04-07 08:52:19.490995+07	25	3457	148	147
3459	PRB-20260407015219-645149	PROFIT_COMMISSION	15.00	Profit rebate L2 from +6289123456789 - Drone Arundala (U7S9DFF)	COMPLETED	BALANCE	\N	2	\N	\N	2026-04-07 08:52:19.495688+07	25	3457	148	145
3460	PRB-20260407015219-D51259	PROFIT_COMMISSION	5.00	Profit rebate L3 from +6289123456789 - Drone Arundala (U7S9DFF)	COMPLETED	BALANCE	\N	3	\N	\N	2026-04-07 08:52:19.500473+07	25	3457	148	143
3461	AUTO-20260407085219-B47EB2	INTEREST	500.00	Automatic profit from Drone Arundala (U7S9DFF) investment	COMPLETED	BALANCE	\N	\N	\N	\N	2026-04-07 08:52:19.551062+07	25	\N	\N	147
3462	PRB-20260407015219-4EE7C0	PROFIT_COMMISSION	25.00	Profit rebate L1 from +62883123456789 - Drone Arundala (U7S9DFF)	COMPLETED	BALANCE	\N	1	\N	\N	2026-04-07 08:52:19.557446+07	25	3461	147	145
3463	PRB-20260407015219-32BC72	PROFIT_COMMISSION	15.00	Profit rebate L2 from +62883123456789 - Drone Arundala (U7S9DFF)	COMPLETED	BALANCE	\N	2	\N	\N	2026-04-07 08:52:19.562412+07	25	3461	147	143
3464	PRB-20260407015219-CE7B70	PROFIT_COMMISSION	5.00	Profit rebate L3 from +62883123456789 - Drone Arundala (U7S9DFF)	COMPLETED	BALANCE	\N	3	\N	\N	2026-04-07 08:52:19.567439+07	25	3461	147	2
3465	AUTO-20260407085219-1C7872	INTEREST	500.00	Automatic profit from Drone Arundala (U7S9DFF) investment	COMPLETED	BALANCE	\N	\N	\N	\N	2026-04-07 08:52:19.6147+07	25	\N	\N	147
3466	PRB-20260407015219-646BFA	PROFIT_COMMISSION	25.00	Profit rebate L1 from +62883123456789 - Drone Arundala (U7S9DFF)	COMPLETED	BALANCE	\N	1	\N	\N	2026-04-07 08:52:19.621185+07	25	3465	147	145
3467	PRB-20260407015219-D7F179	PROFIT_COMMISSION	15.00	Profit rebate L2 from +62883123456789 - Drone Arundala (U7S9DFF)	COMPLETED	BALANCE	\N	2	\N	\N	2026-04-07 08:52:19.625848+07	25	3465	147	143
3468	PRB-20260407015219-03DA9A	PROFIT_COMMISSION	5.00	Profit rebate L3 from +62883123456789 - Drone Arundala (U7S9DFF)	COMPLETED	BALANCE	\N	3	\N	\N	2026-04-07 08:52:19.63071+07	25	3465	147	2
988	DEP-20251208003517-964A55	DEPOSIT	50000.00	Deposit via Jayapay (BALANCE_DEPOSIT)	FAILED	BALANCE_DEPOSIT	\N	\N	\N	\N	2025-12-08 00:35:17.616703+07	\N	\N	\N	2
989	DEP-20251208003538-754F05	DEPOSIT	50000.00	Deposit via Jayapay (BALANCE_DEPOSIT)	FAILED	BALANCE_DEPOSIT	\N	\N	\N	\N	2025-12-08 00:35:38.850699+07	\N	\N	\N	2
3469	AUTO-20260407085219-62F215	INTEREST	500.00	Automatic profit from Drone Arundala (U7S9DFF) investment	COMPLETED	BALANCE	\N	\N	\N	\N	2026-04-07 08:52:19.680079+07	25	\N	\N	145
3470	PRB-20260407015219-430441	PROFIT_COMMISSION	25.00	Profit rebate L1 from +6288123456789 - Drone Arundala (U7S9DFF)	COMPLETED	BALANCE	\N	1	\N	\N	2026-04-07 08:52:19.686731+07	25	3469	145	143
3471	PRB-20260407015219-CDBCC0	PROFIT_COMMISSION	15.00	Profit rebate L2 from +6288123456789 - Drone Arundala (U7S9DFF)	COMPLETED	BALANCE	\N	2	\N	\N	2026-04-07 08:52:19.691627+07	25	3469	145	2
1798	AUTO-20260213220248-1F53E4	INTEREST	8800.00	Automatic profit from Cloud AI investment	COMPLETED	BALANCE	\N	\N	\N	\N	2026-02-13 22:02:48.390917+07	\N	\N	\N	2
1000	ATT-20251208024751-82498D	ATTENDANCE	1000.00	Daily attendance claim	COMPLETED	BALANCE	\N	\N	\N	\N	2025-12-08 09:47:51.801006+07	\N	\N	\N	2
1968	WD-0C80452407	WITHDRAW	90000.00	Withdrawal request	PENDING	BALANCE	\N	\N	\N	\N	2026-02-19 01:51:35.439536+07	\N	\N	\N	2
1874	PUR-20260218060854-FFB6CB	INVESTMENTS	2966000.00	Purchase Proyek Konservasi-Padang Lamun (x1)	COMPLETED	BALANCE	1	\N	\N	\N	2026-02-18 13:08:54.614758+07	\N	\N	\N	2
1875	REB-20260218060854-E2714E	PURCHASE_COMMISSION	355920.00	Purchase rebate L1 from +6289595959595 - Proyek Konservasi-Padang Lamun	COMPLETED	BALANCE	\N	1	\N	\N	2026-02-18 13:08:54.619379+07	\N	1874	2	1
1876	PUR-20260218060904-869018	INVESTMENTS	2966000.00	Purchase Proyek Konservasi-Padang Lamun (x1)	COMPLETED	BALANCE	1	\N	\N	\N	2026-02-18 13:09:04.605225+07	\N	\N	\N	2
1877	REB-20260218060904-64B978	PURCHASE_COMMISSION	355920.00	Purchase rebate L1 from +6289595959595 - Proyek Konservasi-Padang Lamun	COMPLETED	BALANCE	\N	1	\N	\N	2026-02-18 13:09:04.609793+07	\N	1876	2	1
1878	PUR-20260218060919-0071EE	INVESTMENTS	60000.00	Purchase Proyek Konservasi-Uji Coba Biota (x1)	COMPLETED	BALANCE	1	\N	\N	\N	2026-02-18 13:09:19.731267+07	\N	\N	\N	2
1879	REB-20260218060919-3B63CD	PURCHASE_COMMISSION	4800.00	Purchase rebate L1 from +6289595959595 - Proyek Konservasi-Uji Coba Biota	COMPLETED	BALANCE	\N	1	\N	\N	2026-02-18 13:09:19.734334+07	\N	1878	2	1
1880	PUR-20260218060933-C232E0	INVESTMENTS	60000.00	Purchase Proyek Konservasi-Uji Coba Biota (x1)	COMPLETED	BALANCE	1	\N	\N	\N	2026-02-18 13:09:33.807409+07	\N	\N	\N	2
1881	REB-20260218060933-FEA4FB	PURCHASE_COMMISSION	4800.00	Purchase rebate L1 from +6289595959595 - Proyek Konservasi-Uji Coba Biota	COMPLETED	BALANCE	\N	1	\N	\N	2026-02-18 13:09:33.812641+07	\N	1880	2	1
2217	PUR-20260306201823-D6B466	INVESTMENTS	200000.00	Purchase Prioritas II (x1)	COMPLETED	BALANCE_DEPOSIT	1	\N	\N	\N	2026-03-07 03:18:23.34281+07	\N	\N	\N	147
1821	PUR-20260215075812-59F956	INVESTMENTS	5770000.00	Purchase DevAi-27491 (x1)	COMPLETED	BALANCE_DEPOSIT	1	\N	\N	\N	2026-02-15 14:58:12.145768+07	\N	\N	\N	2
1822	REB-20260215075812-321AF6	PURCHASE_COMMISSION	1154000.00	Purchase rebate L1 from +6289595959595 - DevAi-27491	COMPLETED	BALANCE	\N	1	\N	\N	2026-02-15 14:58:12.177408+07	\N	1821	2	1
2218	REB-20260306201823-0B61D0	PURCHASE_COMMISSION	66000.00	Purchase rebate L1 from +62883123456789 - Prioritas II	COMPLETED	BALANCE	\N	1	\N	\N	2026-03-07 03:18:23.357769+07	\N	2217	147	145
2219	REB-20260306201823-5171DD	PURCHASE_COMMISSION	4000.00	Purchase rebate L2 from +62883123456789 - Prioritas II	COMPLETED	BALANCE	\N	2	\N	\N	2026-03-07 03:18:23.36237+07	\N	2217	147	143
2220	REB-20260306201823-7DB9B1	PURCHASE_COMMISSION	2000.00	Purchase rebate L3 from +62883123456789 - Prioritas II	COMPLETED	BALANCE	\N	3	\N	\N	2026-03-07 03:18:23.365521+07	\N	2217	147	2
2734	AUTO-20260331215546-EB2E50	INTEREST	17400.00	Automatic profit from Drone Arundala (U7S9DFF) investment	COMPLETED	BALANCE	\N	\N	\N	\N	2026-03-31 21:55:46.57261+07	25	\N	\N	149
2735	PRB-20260331145546-A3EBD3	PROFIT_COMMISSION	870.00	Profit rebate L1 from +6281123456789 - Drone Arundala (U7S9DFF)	COMPLETED	BALANCE	\N	1	\N	\N	2026-03-31 21:55:46.575675+07	25	2734	149	148
2736	PRB-20260331145546-55D8F2	PROFIT_COMMISSION	522.00	Profit rebate L2 from +6281123456789 - Drone Arundala (U7S9DFF)	COMPLETED	BALANCE	\N	2	\N	\N	2026-03-31 21:55:46.577188+07	25	2734	149	147
2737	PRB-20260331145546-62CB55	PROFIT_COMMISSION	174.00	Profit rebate L3 from +6281123456789 - Drone Arundala (U7S9DFF)	COMPLETED	BALANCE	\N	3	\N	\N	2026-03-31 21:55:46.58025+07	25	2734	149	145
2738	AUTO-20260331215546-FD736E	INTEREST	17400.00	Automatic profit from Drone Arundala (U7S9DFF) investment	COMPLETED	BALANCE	\N	\N	\N	\N	2026-03-31 21:55:46.595477+07	25	\N	\N	158
2739	PRB-20260331145546-D1936E	PROFIT_COMMISSION	870.00	Profit rebate L1 from +62857319731843 - Drone Arundala (U7S9DFF)	COMPLETED	BALANCE	\N	1	\N	\N	2026-03-31 21:55:46.598591+07	25	2738	158	149
2740	PRB-20260331145546-8D26B2	PROFIT_COMMISSION	522.00	Profit rebate L2 from +62857319731843 - Drone Arundala (U7S9DFF)	COMPLETED	BALANCE	\N	2	\N	\N	2026-03-31 21:55:46.600138+07	25	2738	158	148
2741	PRB-20260331145546-58CD76	PROFIT_COMMISSION	174.00	Profit rebate L3 from +62857319731843 - Drone Arundala (U7S9DFF)	COMPLETED	BALANCE	\N	3	\N	\N	2026-03-31 21:55:46.603195+07	25	2738	158	147
2742	AUTO-20260331215546-1C6355	INTEREST	17400.00	Automatic profit from Drone Arundala (U7S9DFF) investment	COMPLETED	BALANCE	\N	\N	\N	\N	2026-03-31 21:55:46.611912+07	25	\N	\N	157
2743	PRB-20260331145546-A17F2D	PROFIT_COMMISSION	870.00	Profit rebate L1 from +6281111111189 - Drone Arundala (U7S9DFF)	COMPLETED	BALANCE	\N	1	\N	\N	2026-03-31 21:55:46.615011+07	25	2742	157	149
2744	PRB-20260331145546-A40F25	PROFIT_COMMISSION	522.00	Profit rebate L2 from +6281111111189 - Drone Arundala (U7S9DFF)	COMPLETED	BALANCE	\N	2	\N	\N	2026-03-31 21:55:46.616539+07	25	2742	157	148
2745	PRB-20260331145546-87183C	PROFIT_COMMISSION	174.00	Profit rebate L3 from +6281111111189 - Drone Arundala (U7S9DFF)	COMPLETED	BALANCE	\N	3	\N	\N	2026-03-31 21:55:46.618065+07	25	2742	157	147
2746	AUTO-20260331215546-1BBDDD	INTEREST	17400.00	Automatic profit from Drone Arundala (U7S9DFF) investment	COMPLETED	BALANCE	\N	\N	\N	\N	2026-03-31 21:55:46.627031+07	25	\N	\N	156
2747	PRB-20260331145546-AC045B	PROFIT_COMMISSION	870.00	Profit rebate L1 from +6281111111789 - Drone Arundala (U7S9DFF)	COMPLETED	BALANCE	\N	1	\N	\N	2026-03-31 21:55:46.628556+07	25	2746	156	149
2748	PRB-20260331145546-354B17	PROFIT_COMMISSION	522.00	Profit rebate L2 from +6281111111789 - Drone Arundala (U7S9DFF)	COMPLETED	BALANCE	\N	2	\N	\N	2026-03-31 21:55:46.631652+07	25	2746	156	148
2749	PRB-20260331145546-4050D8	PROFIT_COMMISSION	174.00	Profit rebate L3 from +6281111111789 - Drone Arundala (U7S9DFF)	COMPLETED	BALANCE	\N	3	\N	\N	2026-03-31 21:55:46.633179+07	25	2746	156	147
2750	AUTO-20260331215546-67D5E5	INTEREST	17400.00	Automatic profit from Drone Arundala (U7S9DFF) investment	COMPLETED	BALANCE	\N	\N	\N	\N	2026-03-31 21:55:46.642104+07	25	\N	\N	155
2751	PRB-20260331145546-3724CD	PROFIT_COMMISSION	870.00	Profit rebate L1 from +62811111456789 - Drone Arundala (U7S9DFF)	COMPLETED	BALANCE	\N	1	\N	\N	2026-03-31 21:55:46.645178+07	25	2750	155	149
2752	PRB-20260331145546-A5BE72	PROFIT_COMMISSION	522.00	Profit rebate L2 from +62811111456789 - Drone Arundala (U7S9DFF)	COMPLETED	BALANCE	\N	2	\N	\N	2026-03-31 21:55:46.646708+07	25	2750	155	148
2753	PRB-20260331145546-61DACA	PROFIT_COMMISSION	174.00	Profit rebate L3 from +62811111456789 - Drone Arundala (U7S9DFF)	COMPLETED	BALANCE	\N	3	\N	\N	2026-03-31 21:55:46.648234+07	25	2750	155	147
2754	AUTO-20260331215546-0B990B	INTEREST	17400.00	Automatic profit from Drone Arundala (U7S9DFF) investment	COMPLETED	BALANCE	\N	\N	\N	\N	2026-03-31 21:55:46.656903+07	25	\N	\N	154
1882	PUR-20260218061610-14AB03	INVESTMENTS	350000.00	Purchase Proyek Konservasi-Kerang Laut (x1)	COMPLETED	BALANCE	1	\N	\N	\N	2026-02-18 13:16:10.116413+07	\N	\N	\N	2
1883	REB-20260218061610-6F2F0A	PURCHASE_COMMISSION	42000.00	Purchase rebate L1 from +6289595959595 - Proyek Konservasi-Kerang Laut	COMPLETED	BALANCE	\N	1	\N	\N	2026-02-18 13:16:10.122516+07	\N	1882	2	1
2221	PUR-20260306203157-476A38	INVESTMENTS	200000.00	Purchase Prioritas II (x1)	COMPLETED	BALANCE_DEPOSIT	1	\N	\N	\N	2026-03-07 03:31:57.711693+07	\N	\N	\N	147
2222	REB-20260306203157-F2EC29	PURCHASE_COMMISSION	66000.00	Purchase rebate L1 from +62883123456789 - Prioritas II	COMPLETED	BALANCE	\N	1	\N	\N	2026-03-07 03:31:57.722252+07	\N	2221	147	145
1049	AUTO-20251208223302-F0A52B	INTEREST	4680.00	Automatic profit from RBR A100 investment	COMPLETED	BALANCE	\N	\N	\N	\N	2025-12-08 22:33:02.198114+07	\N	\N	\N	2
1051	AUTO-20251209001314-55ECF5	INTEREST	20000.00	Automatic profit from RBB B100 investment	COMPLETED	BALANCE	\N	\N	\N	\N	2025-12-09 00:13:14.36921+07	\N	\N	\N	2
2223	REB-20260306203157-0A3099	PURCHASE_COMMISSION	4000.00	Purchase rebate L2 from +62883123456789 - Prioritas II	COMPLETED	BALANCE	\N	2	\N	\N	2026-03-07 03:31:57.726971+07	\N	2221	147	143
2224	REB-20260306203157-E33CCA	PURCHASE_COMMISSION	2000.00	Purchase rebate L3 from +62883123456789 - Prioritas II	COMPLETED	BALANCE	\N	3	\N	\N	2026-03-07 03:31:57.731688+07	\N	2221	147	2
2755	PRB-20260331145546-F141CF	PROFIT_COMMISSION	870.00	Profit rebate L1 from +62811113456789 - Drone Arundala (U7S9DFF)	COMPLETED	BALANCE	\N	1	\N	\N	2026-03-31 21:55:46.660982+07	25	2754	154	149
2756	PRB-20260331145546-6AD358	PROFIT_COMMISSION	522.00	Profit rebate L2 from +62811113456789 - Drone Arundala (U7S9DFF)	COMPLETED	BALANCE	\N	2	\N	\N	2026-03-31 21:55:46.664093+07	25	2754	154	148
2757	PRB-20260331145546-54C056	PROFIT_COMMISSION	174.00	Profit rebate L3 from +62811113456789 - Drone Arundala (U7S9DFF)	COMPLETED	BALANCE	\N	3	\N	\N	2026-03-31 21:55:46.665631+07	25	2754	154	147
2758	AUTO-20260331215546-D2A0F6	INTEREST	17400.00	Automatic profit from Drone Arundala (U7S9DFF) investment	COMPLETED	BALANCE	\N	\N	\N	\N	2026-03-31 21:55:46.673289+07	25	\N	\N	153
2759	PRB-20260331145546-9C764C	PROFIT_COMMISSION	870.00	Profit rebate L1 from +62811123456789 - Drone Arundala (U7S9DFF)	COMPLETED	BALANCE	\N	1	\N	\N	2026-03-31 21:55:46.676409+07	25	2758	153	149
1697	AUTO-20260127000132-E666EF	INTEREST	7520.00	Automatic profit from Cloud AI investment	COMPLETED	BALANCE	\N	\N	\N	\N	2026-01-27 00:01:32.202217+07	\N	\N	\N	2
2760	PRB-20260331145546-702E41	PROFIT_COMMISSION	522.00	Profit rebate L2 from +62811123456789 - Drone Arundala (U7S9DFF)	COMPLETED	BALANCE	\N	2	\N	\N	2026-03-31 21:55:46.677936+07	25	2758	153	148
2761	PRB-20260331145546-904A34	PROFIT_COMMISSION	174.00	Profit rebate L3 from +62811123456789 - Drone Arundala (U7S9DFF)	COMPLETED	BALANCE	\N	3	\N	\N	2026-03-31 21:55:46.681002+07	25	2758	153	147
2762	AUTO-20260331215546-7C7AA0	INTEREST	17400.00	Automatic profit from Drone Arundala (U7S9DFF) investment	COMPLETED	BALANCE	\N	\N	\N	\N	2026-03-31 21:55:46.688642+07	25	\N	\N	152
1823	PUR-20260215080015-0D1C7E	INVESTMENTS	5770000.00	Purchase DevAi-27491 (x1)	COMPLETED	BALANCE_DEPOSIT	1	\N	\N	\N	2026-02-15 15:00:15.191494+07	\N	\N	\N	2
1824	REB-20260215080015-E14B28	PURCHASE_COMMISSION	1154000.00	Purchase rebate L1 from +6289595959595 - DevAi-27491	COMPLETED	BALANCE	\N	1	\N	\N	2026-02-15 15:00:15.19558+07	\N	1823	2	1
2763	PRB-20260331145546-46D3A5	PROFIT_COMMISSION	870.00	Profit rebate L1 from +6281234456789 - Drone Arundala (U7S9DFF)	COMPLETED	BALANCE	\N	1	\N	\N	2026-03-31 21:55:46.691761+07	25	2762	152	151
2764	PRB-20260331145546-56BB5B	PROFIT_COMMISSION	522.00	Profit rebate L2 from +6281234456789 - Drone Arundala (U7S9DFF)	COMPLETED	BALANCE	\N	2	\N	\N	2026-03-31 21:55:46.693295+07	25	2762	152	150
2765	PRB-20260331145546-40DE54	PROFIT_COMMISSION	174.00	Profit rebate L3 from +6281234456789 - Drone Arundala (U7S9DFF)	COMPLETED	BALANCE	\N	3	\N	\N	2026-03-31 21:55:46.694822+07	25	2762	152	149
2766	AUTO-20260331215546-08920C	INTEREST	17400.00	Automatic profit from Drone Arundala (U7S9DFF) investment	COMPLETED	BALANCE	\N	\N	\N	\N	2026-03-31 21:55:46.702452+07	25	\N	\N	151
2767	PRB-20260331145546-D2F8CF	PROFIT_COMMISSION	870.00	Profit rebate L1 from +6281233456789 - Drone Arundala (U7S9DFF)	COMPLETED	BALANCE	\N	1	\N	\N	2026-03-31 21:55:46.705555+07	25	2766	151	150
2768	PRB-20260331145546-A40A3A	PROFIT_COMMISSION	522.00	Profit rebate L2 from +6281233456789 - Drone Arundala (U7S9DFF)	COMPLETED	BALANCE	\N	2	\N	\N	2026-03-31 21:55:46.708635+07	25	2766	151	149
2769	PRB-20260331145546-6234C8	PROFIT_COMMISSION	174.00	Profit rebate L3 from +6281233456789 - Drone Arundala (U7S9DFF)	COMPLETED	BALANCE	\N	3	\N	\N	2026-03-31 21:55:46.710172+07	25	2766	151	148
2770	AUTO-20260331215546-07C463	INTEREST	17400.00	Automatic profit from Drone Arundala (U7S9DFF) investment	COMPLETED	BALANCE	\N	\N	\N	\N	2026-03-31 21:55:46.717831+07	25	\N	\N	150
2771	PRB-20260331145546-16AA49	PROFIT_COMMISSION	870.00	Profit rebate L1 from +6281223456789 - Drone Arundala (U7S9DFF)	COMPLETED	BALANCE	\N	1	\N	\N	2026-03-31 21:55:46.719897+07	25	2770	150	149
2772	PRB-20260331145546-1F5AA1	PROFIT_COMMISSION	522.00	Profit rebate L2 from +6281223456789 - Drone Arundala (U7S9DFF)	COMPLETED	BALANCE	\N	2	\N	\N	2026-03-31 21:55:46.722427+07	25	2770	150	148
2773	PRB-20260331145546-BA138E	PROFIT_COMMISSION	174.00	Profit rebate L3 from +6281223456789 - Drone Arundala (U7S9DFF)	COMPLETED	BALANCE	\N	3	\N	\N	2026-03-31 21:55:46.725056+07	25	2770	150	147
2774	AUTO-20260331215546-15513A	INTEREST	17400.00	Automatic profit from Drone Arundala (U7S9DFF) investment	COMPLETED	BALANCE	\N	\N	\N	\N	2026-03-31 21:55:46.732423+07	25	\N	\N	148
2775	PRB-20260331145546-043B60	PROFIT_COMMISSION	870.00	Profit rebate L1 from +6289123456789 - Drone Arundala (U7S9DFF)	COMPLETED	BALANCE	\N	1	\N	\N	2026-03-31 21:55:46.735493+07	25	2774	148	147
2776	PRB-20260331145546-0DD291	PROFIT_COMMISSION	522.00	Profit rebate L2 from +6289123456789 - Drone Arundala (U7S9DFF)	COMPLETED	BALANCE	\N	2	\N	\N	2026-03-31 21:55:46.737081+07	25	2774	148	145
2777	PRB-20260331145546-68116C	PROFIT_COMMISSION	174.00	Profit rebate L3 from +6289123456789 - Drone Arundala (U7S9DFF)	COMPLETED	BALANCE	\N	3	\N	\N	2026-03-31 21:55:46.74017+07	25	2774	148	143
2778	AUTO-20260331215546-563D30	INTEREST	500.00	Automatic profit from Drone Arundala (U7S9DFF) investment	COMPLETED	BALANCE	\N	\N	\N	\N	2026-03-31 21:55:46.747235+07	25	\N	\N	148
2779	PRB-20260331145546-62F8C9	PROFIT_COMMISSION	25.00	Profit rebate L1 from +6289123456789 - Drone Arundala (U7S9DFF)	COMPLETED	BALANCE	\N	1	\N	\N	2026-03-31 21:55:46.749253+07	25	2778	148	147
2780	PRB-20260331145546-B45F24	PROFIT_COMMISSION	15.00	Profit rebate L2 from +6289123456789 - Drone Arundala (U7S9DFF)	COMPLETED	BALANCE	\N	2	\N	\N	2026-03-31 21:55:46.751773+07	25	2778	148	145
2781	PRB-20260331145546-E37F00	PROFIT_COMMISSION	5.00	Profit rebate L3 from +6289123456789 - Drone Arundala (U7S9DFF)	COMPLETED	BALANCE	\N	3	\N	\N	2026-03-31 21:55:46.753794+07	25	2778	148	143
2782	AUTO-20260331215546-28C0A4	INTEREST	500.00	Automatic profit from Drone Arundala (U7S9DFF) investment	COMPLETED	BALANCE	\N	\N	\N	\N	2026-03-31 21:55:46.763943+07	25	\N	\N	147
3120	ATT-20260404015007-C16B09	ATTENDANCE	150.00	Daily attendance claim	COMPLETED	BALANCE	\N	\N	\N	\N	2026-04-04 08:50:07.681063+07	\N	\N	\N	178
2225	PUR-20260306203208-90A8DD	INVESTMENTS	300000.00	Purchase Prioritas III (x1)	COMPLETED	BALANCE_DEPOSIT	1	\N	\N	\N	2026-03-07 03:32:08.716819+07	\N	\N	\N	147
2226	REB-20260306203208-CADC53	PURCHASE_COMMISSION	99000.00	Purchase rebate L1 from +62883123456789 - Prioritas III	COMPLETED	BALANCE	\N	1	\N	\N	2026-03-07 03:32:08.729302+07	\N	2225	147	145
1972	REB-20260219032134-21F6FB	PURCHASE_COMMISSION	43300.00	Purchase rebate L2 from +62812345678902 - Proyek Konservasi-Penyu Laut	COMPLETED	BALANCE	\N	2	\N	\N	2026-02-19 10:21:34.679913+07	\N	\N	\N	2
2227	REB-20260306203208-143CDF	PURCHASE_COMMISSION	6000.00	Purchase rebate L2 from +62883123456789 - Prioritas III	COMPLETED	BALANCE	\N	2	\N	\N	2026-03-07 03:32:08.732419+07	\N	2225	147	143
2228	REB-20260306203208-687868	PURCHASE_COMMISSION	3000.00	Purchase rebate L3 from +62883123456789 - Prioritas III	COMPLETED	BALANCE	\N	3	\N	\N	2026-03-07 03:32:08.737067+07	\N	2225	147	2
2783	PRB-20260331145546-331B38	PROFIT_COMMISSION	25.00	Profit rebate L1 from +62883123456789 - Drone Arundala (U7S9DFF)	COMPLETED	BALANCE	\N	1	\N	\N	2026-03-31 21:55:46.765477+07	25	2782	147	145
2784	PRB-20260331145546-E51247	PROFIT_COMMISSION	15.00	Profit rebate L2 from +62883123456789 - Drone Arundala (U7S9DFF)	COMPLETED	BALANCE	\N	2	\N	\N	2026-03-31 21:55:46.769625+07	25	2782	147	143
2785	PRB-20260331145546-1FEA08	PROFIT_COMMISSION	5.00	Profit rebate L3 from +62883123456789 - Drone Arundala (U7S9DFF)	COMPLETED	BALANCE	\N	3	\N	\N	2026-03-31 21:55:46.772393+07	25	2782	147	2
1636	AUTO-20260125000233-700253	INTEREST	7520.00	Automatic profit from Cloud AI investment	COMPLETED	BALANCE	\N	\N	\N	\N	2026-01-25 00:02:33.166323+07	\N	\N	\N	2
2786	AUTO-20260331215546-3319CA	INTEREST	500.00	Automatic profit from Drone Arundala (U7S9DFF) investment	COMPLETED	BALANCE	\N	\N	\N	\N	2026-03-31 21:55:46.77971+07	25	\N	\N	147
2787	PRB-20260331145546-A8FF2E	PROFIT_COMMISSION	25.00	Profit rebate L1 from +62883123456789 - Drone Arundala (U7S9DFF)	COMPLETED	BALANCE	\N	1	\N	\N	2026-03-31 21:55:46.7827+07	25	2786	147	145
2788	PRB-20260331145546-C4B4B9	PROFIT_COMMISSION	15.00	Profit rebate L2 from +62883123456789 - Drone Arundala (U7S9DFF)	COMPLETED	BALANCE	\N	2	\N	\N	2026-03-31 21:55:46.785774+07	25	2786	147	143
2789	PRB-20260331145546-EE3A2B	PROFIT_COMMISSION	5.00	Profit rebate L3 from +62883123456789 - Drone Arundala (U7S9DFF)	COMPLETED	BALANCE	\N	3	\N	\N	2026-03-31 21:55:46.788847+07	25	2786	147	2
2790	AUTO-20260331215546-240808	INTEREST	500.00	Automatic profit from Drone Arundala (U7S9DFF) investment	COMPLETED	BALANCE	\N	\N	\N	\N	2026-03-31 21:55:46.804187+07	25	\N	\N	145
1826	AUTO-20260216005036-D6249E	INTEREST	7520.00	Automatic profit from Cloud AI investment	COMPLETED	BALANCE	\N	\N	\N	\N	2026-02-16 00:50:36.827353+07	\N	\N	\N	2
2791	PRB-20260331145546-2364C9	PROFIT_COMMISSION	25.00	Profit rebate L1 from +6288123456789 - Drone Arundala (U7S9DFF)	COMPLETED	BALANCE	\N	1	\N	\N	2026-03-31 21:55:46.80723+07	25	2790	145	143
2792	PRB-20260331145546-CA38F3	PROFIT_COMMISSION	15.00	Profit rebate L2 from +6288123456789 - Drone Arundala (U7S9DFF)	COMPLETED	BALANCE	\N	2	\N	\N	2026-03-31 21:55:46.808774+07	25	2790	145	2
2793	AUTO-20260331215546-ACBC89	INTEREST	500.00	Automatic profit from Drone Arundala (U7S9DFF) investment	COMPLETED	BALANCE	\N	\N	\N	\N	2026-03-31 21:55:46.816134+07	25	\N	\N	143
1884	WD-6BCACD21C8	WITHDRAW	60000.00	Withdrawal request	PENDING	BALANCE	\N	\N	\N	\N	2026-02-18 13:34:31.713104+07	\N	\N	\N	2
2794	PRB-20260331145546-D5F632	PROFIT_COMMISSION	25.00	Profit rebate L1 from +6287123456789 - Drone Arundala (U7S9DFF)	COMPLETED	BALANCE	\N	1	\N	\N	2026-03-31 21:55:46.819216+07	25	2793	143	2
2795	AUTO-20260331215546-CE202F	INTEREST	500.00	Automatic profit from Drone Arundala (U7S9DFF) investment	COMPLETED	BALANCE	\N	\N	\N	\N	2026-03-31 21:55:46.82603+07	25	\N	\N	143
2796	PRB-20260331145546-8C5563	PROFIT_COMMISSION	25.00	Profit rebate L1 from +6287123456789 - Drone Arundala (U7S9DFF)	COMPLETED	BALANCE	\N	1	\N	\N	2026-03-31 21:55:46.82909+07	25	2795	143	2
2797	AUTO-20260331215546-A4BEDB	INTEREST	500.00	Automatic profit from Drone Arundala (U7S9DFF) investment	COMPLETED	BALANCE	\N	\N	\N	\N	2026-03-31 21:55:46.83526+07	25	\N	\N	2
2798	AUTO-20260331215546-F1A503	INTEREST	1000.00	Automatic profit from Drone Amythis (U9SODWK) investment	COMPLETED	BALANCE	\N	\N	\N	\N	2026-03-31 21:55:46.842828+07	26	\N	\N	2
2984	ADM-BALANCE_DEPOSIT-169-1775182495	CREDIT	150000.00	Admin increased balance_deposit by 150000	COMPLETED	BALANCE_DEPOSIT	\N	\N	\N	\N	2026-04-03 09:14:55.558903+07	\N	\N	\N	169
3121	AUTO-20260404085643-683410	INTEREST	4432.57	Automatic profit from Drone Arundala (U7S9DFF) investment	COMPLETED	BALANCE	\N	\N	\N	\N	2026-04-04 08:56:43.854402+07	25	\N	\N	169
3203	MSN-20260404050009-191-82	MISSIONS	75000.00	Mission reward: Teman isi ulang Rp 3500000 saya dapat, (x1)	COMPLETED	BALANCE	\N	\N	\N	\N	2026-04-04 12:00:09.73844+07	\N	\N	\N	191
3472	AUTO-20260407085219-F27623	INTEREST	500.00	Automatic profit from Drone Arundala (U7S9DFF) investment	COMPLETED	BALANCE	\N	\N	\N	\N	2026-04-07 08:52:19.741329+07	25	\N	\N	143
3473	PRB-20260407015219-53F59F	PROFIT_COMMISSION	25.00	Profit rebate L1 from +6287123456789 - Drone Arundala (U7S9DFF)	COMPLETED	BALANCE	\N	1	\N	\N	2026-04-07 08:52:19.747872+07	25	3472	143	2
3474	AUTO-20260407085219-2C438A	INTEREST	500.00	Automatic profit from Drone Arundala (U7S9DFF) investment	COMPLETED	BALANCE	\N	\N	\N	\N	2026-04-07 08:52:19.7996+07	25	\N	\N	143
3475	PRB-20260407015219-F1E95C	PROFIT_COMMISSION	25.00	Profit rebate L1 from +6287123456789 - Drone Arundala (U7S9DFF)	COMPLETED	BALANCE	\N	1	\N	\N	2026-04-07 08:52:19.804328+07	25	3474	143	2
3476	AUTO-20260407085219-EEEB1D	INTEREST	500.00	Automatic profit from Drone Arundala (U7S9DFF) investment	COMPLETED	BALANCE	\N	\N	\N	\N	2026-04-07 08:52:19.855317+07	25	\N	\N	2
1312	DEP-20260111110234-135EC5	DEPOSIT	50000.00	Deposit via Jayapay (BALANCE_DEPOSIT)	FAILED	BALANCE_DEPOSIT	\N	\N	\N	\N	2026-01-11 11:02:34.240178+07	\N	\N	\N	2
1404	MSN-20260112154640-2-35	MISSIONS	50000.00	Mission reward: Ketika Anda sudah mencapai target seorang agen kerja, Anda dapat klaim penghasilan tetap 3 kali dalam satu bulan IDR 50.000 (x1)	COMPLETED	BALANCE	\N	\N	\N	\N	2026-01-12 22:46:40.878261+07	\N	\N	\N	2
144	REB-20251110024753-35FE15	PURCHASE_COMMISSION	8996.40	Purchase rebate L2 from 0800123456789 - Sistem Omnisurg	COMPLETED	BALANCE	\N	2	\N	\N	2025-11-10 09:47:53.247684+07	\N	\N	\N	2
145	REB-20251110024753-F94C59	PURCHASE_COMMISSION	5997.60	Purchase rebate L3 from 0800123456789 - Sistem Omnisurg	COMPLETED	BALANCE	\N	3	\N	\N	2025-11-10 09:47:53.249119+07	\N	\N	\N	1
148	REB-20251110024755-43CE16	PURCHASE_COMMISSION	16986.00	Purchase rebate L2 from 0800123456789 - Sistem Lyvion	COMPLETED	BALANCE	\N	2	\N	\N	2025-11-10 09:47:55.845199+07	\N	\N	\N	2
149	REB-20251110024755-A5940B	PURCHASE_COMMISSION	11324.00	Purchase rebate L3 from 0800123456789 - Sistem Lyvion	COMPLETED	BALANCE	\N	3	\N	\N	2025-11-10 09:47:55.846899+07	\N	\N	\N	1
152	REB-20251110024758-AC12F1	PURCHASE_COMMISSION	29640.00	Purchase rebate L2 from 0800123456789 - Sistem Hermis	COMPLETED	BALANCE	\N	2	\N	\N	2025-11-10 09:47:58.124932+07	\N	\N	\N	2
153	REB-20251110024758-55B85B	PURCHASE_COMMISSION	19760.00	Purchase rebate L3 from 0800123456789 - Sistem Hermis	COMPLETED	BALANCE	\N	3	\N	\N	2025-11-10 09:47:58.126532+07	\N	\N	\N	1
2229	ATT-20260306205519-17EA43	ATTENDANCE	1000.00	Daily attendance claim	COMPLETED	BALANCE	\N	\N	\N	\N	2026-03-07 03:55:19.411864+07	\N	\N	\N	148
2799	ATT-20260331170223-207A42	ATTENDANCE	50.00	Daily attendance claim	COMPLETED	BALANCE	\N	\N	\N	\N	2026-04-01 00:02:23.059603+07	\N	\N	\N	2
2985	PUR-20260403021528-27AE7E	INVESTMENTS	150000.00	Purchase Drone Meleza (K80SDML) (x1)	COMPLETED	BALANCE_DEPOSIT	1	\N	\N	\N	2026-04-03 09:15:28.783014+07	80	\N	\N	169
3122	ATT-20260404015718-DCDD4D	ATTENDANCE	100.00	Daily attendance claim	COMPLETED	BALANCE	\N	\N	\N	\N	2026-04-04 08:57:18.885463+07	\N	\N	\N	160
3204	WD-04059FAB5F	WITHDRAW	25000.00	Withdrawal request	COMPLETED	BALANCE	\N	\N	\N	\N	2026-04-04 12:02:13.279148+07	\N	\N	\N	191
3477	AUTO-20260407085219-E7A246	INTEREST	1000.00	Automatic profit from Drone Amythis (U9SODWK) investment	COMPLETED	BALANCE	\N	\N	\N	\N	2026-04-07 08:52:19.905926+07	26	\N	\N	2
1702	AUTO-20260127004634-926C96	INTEREST	8800.00	Automatic profit from Cloud AI investment	COMPLETED	BALANCE	\N	\N	\N	\N	2026-01-27 00:46:34.446661+07	\N	\N	\N	2
1833	AUTO-20260216015334-7030D7	INTEREST	8800.00	Automatic profit from Cloud AI investment	COMPLETED	BALANCE	\N	\N	\N	\N	2026-02-16 01:53:34.476781+07	\N	\N	\N	2
1830	AUTO-20260216015334-F39374	INTEREST	34800.00	Automatic profit from InsightAi-10382 investment	COMPLETED	BALANCE	\N	\N	\N	\N	2026-02-16 01:53:34.38755+07	\N	\N	\N	2
1885	WD-68F7436AC7	WITHDRAW	60000.00	Withdrawal request	PENDING	BALANCE	\N	\N	\N	\N	2026-02-18 13:35:22.318458+07	\N	\N	\N	2
161	REB-20251110024802-A8CFDD	PURCHASE_COMMISSION	55540.00	Purchase rebate L3 from 0800123456789 - Sistem Surgena	COMPLETED	BALANCE	\N	3	\N	\N	2025-11-10 09:48:02.767907+07	\N	\N	\N	1
933	WD-CD4E534FB0	WITHDRAW	700000.00	Withdrawal request	COMPLETED	BALANCE	\N	\N	\N	\N	2025-12-06 23:59:23.87113+07	\N	\N	\N	2
189	PRB-20251126134651-DBDDE8	PROFIT_COMMISSION	4443.20	Profit rebate L2 from 0800123456789 - Sistem Surgena	COMPLETED	BALANCE	\N	2	\N	\N	2025-11-26 20:46:51.832941+07	\N	\N	\N	2
190	PRB-20251126134651-FB2511	PROFIT_COMMISSION	2221.60	Profit rebate L3 from 0800123456789 - Sistem Surgena	COMPLETED	BALANCE	\N	3	\N	\N	2025-11-26 20:46:51.892645+07	\N	\N	\N	1
197	PRB-20251126134653-6D62A2	PROFIT_COMMISSION	2983.20	Profit rebate L2 from 0800123456789 - Sistem Vitaris	COMPLETED	BALANCE	\N	2	\N	\N	2025-11-26 20:46:53.219768+07	\N	\N	\N	2
198	PRB-20251126134653-B08666	PROFIT_COMMISSION	1491.60	Profit rebate L3 from 0800123456789 - Sistem Vitaris	COMPLETED	BALANCE	\N	3	\N	\N	2025-11-26 20:46:53.316446+07	\N	\N	\N	1
205	PRB-20251126134654-944834	PROFIT_COMMISSION	1580.80	Profit rebate L2 from 0800123456789 - Sistem Hermis	COMPLETED	BALANCE	\N	2	\N	\N	2025-11-26 20:46:54.299176+07	\N	\N	\N	2
1091	ATT-20251223220514-3B4CB0	ATTENDANCE	1000.00	Daily attendance claim	COMPLETED	BALANCE	\N	\N	\N	\N	2025-12-24 05:05:14.213931+07	\N	\N	\N	2
2230	DEP-20260307040302-8B9655	DEPOSIT	35000.00	Deposit via Jayapay (BALANCE_DEPOSIT)	FAILED	BALANCE_DEPOSIT	\N	\N	\N	\N	2026-03-07 04:03:02.410374+07	\N	\N	\N	148
2800	ATT-20260331173106-57D673	ATTENDANCE	100.00	Daily attendance claim	COMPLETED	BALANCE	\N	\N	\N	\N	2026-04-01 00:31:06.984239+07	\N	\N	\N	164
2986	ATT-20260403025200-13C73B	ATTENDANCE	100.00	Daily attendance claim	COMPLETED	BALANCE	\N	\N	\N	\N	2026-04-03 09:52:00.818105+07	\N	\N	\N	172
3123	WD-CBEA6FCEC5	WITHDRAW	25000.00	Withdrawal request	PENDING	BALANCE	\N	\N	\N	\N	2026-04-04 09:11:22.717331+07	\N	\N	\N	169
3205	WD-D3588EA727	WITHDRAW	70000.00	Withdrawal request	REJECTED	BALANCE	\N	\N	\N	\N	2026-04-04 12:02:29.366671+07	\N	\N	\N	191
1838	AUTO-20260216150312-6D94BC	INTEREST	577700.00	Automatic profit from DevAi-27491 investment	COMPLETED	BALANCE	\N	\N	\N	\N	2026-02-16 15:03:12.21879+07	\N	\N	\N	2
1839	AUTO-20260216150312-EA2CA1	INTEREST	577700.00	Automatic profit from DevAi-27491 investment	COMPLETED	BALANCE	\N	\N	\N	\N	2026-02-16 15:03:12.321551+07	\N	\N	\N	2
3478	AUTO-20260407090220-71A782	INTEREST	4520.05	Automatic profit from Drone Arundala (U7S9DFF) investment	COMPLETED	BALANCE	\N	\N	\N	\N	2026-04-07 09:02:20.401448+07	25	\N	\N	169
1886	DEP-20260218133607-99FD68	DEPOSIT	75000.00	Deposit via Jayapay (BALANCE_DEPOSIT)	FAILED	BALANCE_DEPOSIT	\N	\N	\N	\N	2026-02-18 13:36:07.982491+07	\N	\N	\N	2
1976	PRB-20260219032825-1EC869	PROFIT_COMMISSION	1818.60	Profit rebate L2 from +62812345678902 - Proyek Konservasi-Penyu Laut	COMPLETED	BALANCE	\N	2	\N	\N	2026-02-19 10:28:25.838309+07	\N	\N	\N	2
1977	PRB-20260219032825-130333	PROFIT_COMMISSION	363.72	Profit rebate L3 from +62812345678902 - Proyek Konservasi-Penyu Laut	COMPLETED	BALANCE	\N	3	\N	\N	2026-02-19 10:28:25.839841+07	\N	\N	\N	1
2231	ADM-BALANCE_DEPOSIT-148-1772830996	CREDIT	10000000.00	Admin increased balance_deposit by 10000000	COMPLETED	BALANCE_DEPOSIT	\N	\N	\N	\N	2026-03-07 04:03:16.975827+07	\N	\N	\N	148
2801	VCH-20260401003858-03DC5D	VOUCHER	1000.00	Voucher claim TEST123	COMPLETED	BALANCE	\N	\N	15	TEST123	2026-04-01 00:38:58.402742+07	\N	\N	\N	164
1840	ATT-20260216100221-FE0D25	ATTENDANCE	1123.14	Daily attendance claim	COMPLETED	BALANCE	\N	\N	\N	\N	2026-02-16 17:02:21.218289+07	\N	\N	\N	2
2987	VCH-20260403095259-58FA6A	VOUCHER	10517.86	Voucher claim TEST	COMPLETED	BALANCE	\N	\N	16	TEST	2026-04-03 09:52:59.55019+07	\N	\N	\N	172
1887	VCH-20260218134529-7F8B40	VOUCHER	10000.00	Voucher claim auto	COMPLETED	BALANCE	\N	\N	8	auto	2026-02-18 13:45:29.407693+07	\N	\N	\N	2
3124	ATT-20260404021543-0619D5	ATTENDANCE	50.00	Daily attendance claim	COMPLETED	BALANCE	\N	\N	\N	\N	2026-04-04 09:15:43.67297+07	\N	\N	\N	169
3206	WD-1287554EFB	WITHDRAW	35000.00	Withdrawal request	REJECTED	BALANCE	\N	\N	\N	\N	2026-04-04 12:02:45.072186+07	\N	\N	\N	191
3479	AUTO-20260407092221-E5EA6E	INTEREST	6461.65	Automatic profit from Drone Meleza (K80SDML) investment	COMPLETED	BALANCE	\N	\N	\N	\N	2026-04-07 09:22:21.144932+07	80	\N	\N	169
3480	AUTO-20260407092221-669D33	INTEREST	10165.60	Automatic profit from Drone Czorto (MU7PL6A) investment	COMPLETED	BALANCE	\N	\N	\N	\N	2026-04-07 09:22:21.169489+07	73	\N	\N	169
1542	DEP-20260121160756-1ADE4C	DEPOSIT	150000.00	Deposit via Jayapay (BALANCE_DEPOSIT)	FAILED	BALANCE_DEPOSIT	\N	\N	\N	\N	2026-01-21 16:07:56.748055+07	\N	\N	\N	2
1557	ATT-20260124062203-60F280	ATTENDANCE	100.00	Daily attendance claim	COMPLETED	BALANCE	\N	\N	\N	\N	2026-01-24 13:22:03.703251+07	\N	\N	\N	2
2232	PUR-20260306210420-D900A4	INVESTMENTS	100000.00	Purchase Prioritas I (x1)	COMPLETED	BALANCE_DEPOSIT	1	\N	\N	\N	2026-03-07 04:04:20.508467+07	\N	\N	\N	148
2233	REB-20260306210420-7761F2	PURCHASE_COMMISSION	33000.00	Purchase rebate L1 from +6289123456789 - Prioritas I	COMPLETED	BALANCE	\N	1	\N	\N	2026-03-07 04:04:20.517821+07	\N	2232	148	147
2234	REB-20260306210420-501A1E	PURCHASE_COMMISSION	2000.00	Purchase rebate L2 from +6289123456789 - Prioritas I	COMPLETED	BALANCE	\N	2	\N	\N	2026-03-07 04:04:20.522298+07	\N	2232	148	145
2235	REB-20260306210420-046B03	PURCHASE_COMMISSION	1000.00	Purchase rebate L3 from +6289123456789 - Prioritas I	COMPLETED	BALANCE	\N	3	\N	\N	2026-03-07 04:04:20.527533+07	\N	2232	148	143
2802	RLT-20260401084651-0C48BE	BONUS	2000.00	Roulette prize: Rp 2.000	COMPLETED	BALANCE	\N	\N	\N	\N	2026-04-01 15:46:51.477099+07	\N	\N	\N	2
2988	PUR-20260403025441-9A4DBB	INVESTMENTS	130000.00	Purchase Drone Arundala (U7S9DFF) (x1)	COMPLETED	BALANCE_DEPOSIT	1	\N	\N	\N	2026-04-03 09:54:41.057971+07	25	\N	\N	172
2989	REB-20260403025441-3EF203	PURCHASE_COMMISSION	13000.00	Purchase rebate L1 from +6281808368211 - Drone Arundala (U7S9DFF)	COMPLETED	BALANCE	\N	1	\N	\N	2026-04-03 09:54:41.068733+07	25	2988	172	169
3125	AUTO-20260404091644-00B6EB	INTEREST	6452.10	Automatic profit from Drone Meleza (K80SDML) investment	COMPLETED	BALANCE	\N	\N	\N	\N	2026-04-04 09:16:44.530765+07	80	\N	\N	169
3126	AUTO-20260404091644-959736	INTEREST	10493.79	Automatic profit from Drone Czorto (MU7PL6A) investment	COMPLETED	BALANCE	\N	\N	\N	\N	2026-04-04 09:16:44.562037+07	73	\N	\N	169
3207	WDREF-3BD1FE1F23	REJECT	70000.00	Withdrawal rejected - refund	COMPLETED	BALANCE	\N	\N	\N	\N	2026-04-04 12:04:18.060999+07	\N	3205	\N	191
3481	AUTO-20260407100222-A7EF7D	INTEREST	4647.15	Automatic profit from Drone Arundala (U7S9DFF) investment	COMPLETED	BALANCE	\N	\N	\N	\N	2026-04-07 10:02:22.801653+07	25	\N	\N	172
3482	PRB-20260407030222-AD43D5	PROFIT_COMMISSION	232.36	Profit rebate L1 from +6281808368211 - Drone Arundala (U7S9DFF)	COMPLETED	BALANCE	\N	1	\N	\N	2026-04-07 10:02:22.830419+07	25	3481	172	169
1842	AUTO-20260217000024-A9A909	INTEREST	7520.00	Automatic profit from Cloud AI investment	COMPLETED	BALANCE	\N	\N	\N	\N	2026-02-17 00:00:24.46799+07	\N	\N	\N	2
1131	AUTO-20251225083113-915EC6	INTEREST	1125000.00	Automatic profit from RBB B500 investment	COMPLETED	BALANCE	\N	\N	\N	\N	2025-12-25 08:31:13.240104+07	\N	\N	\N	2
2236	PUR-20260306210431-00021A	INVESTMENTS	10000.00	Purchase Aset Standar I (x1)	COMPLETED	BALANCE_DEPOSIT	1	\N	\N	\N	2026-03-07 04:04:31.233362+07	25	\N	\N	148
1647	DEP-20260125002943-92A228	DEPOSIT	50000.00	Deposit via Jayapay (BALANCE_DEPOSIT)	FAILED	BALANCE_DEPOSIT	\N	\N	\N	\N	2026-01-25 00:29:43.786837+07	\N	\N	\N	2
2237	REB-20260306210431-B0F970	PURCHASE_COMMISSION	3300.00	Purchase rebate L1 from +6289123456789 - Aset Standar I	COMPLETED	BALANCE	\N	1	\N	\N	2026-03-07 04:04:31.246129+07	25	2236	148	147
1648	DEP-20260125002949-6A2B14	DEPOSIT	150000.00	Deposit via Jayapay (BALANCE_DEPOSIT)	FAILED	BALANCE_DEPOSIT	\N	\N	\N	\N	2026-01-25 00:29:49.97533+07	\N	\N	\N	2
2238	REB-20260306210431-F52674	PURCHASE_COMMISSION	200.00	Purchase rebate L2 from +6289123456789 - Aset Standar I	COMPLETED	BALANCE	\N	2	\N	\N	2026-03-07 04:04:31.25261+07	25	2236	148	145
2239	REB-20260306210431-866B31	PURCHASE_COMMISSION	100.00	Purchase rebate L3 from +6289123456789 - Aset Standar I	COMPLETED	BALANCE	\N	3	\N	\N	2026-03-07 04:04:31.25851+07	25	2236	148	143
2803	RLT-20260401085530-964C71	BONUS	2000.00	Roulette prize: Rp 2.000	COMPLETED	BALANCE	\N	\N	\N	\N	2026-04-01 15:55:30.742221+07	\N	\N	\N	2
2990	PUR-20260403025714-7C7AE3	INVESTMENTS	7520000.00	Purchase Drone Aterio (U5MLSKI) (x1)	COMPLETED	BALANCE_DEPOSIT	1	\N	\N	\N	2026-04-03 09:57:14.521963+07	71	\N	\N	172
3127	AUTO-20260404095646-8C731F	INTEREST	4487.56	Automatic profit from Drone Arundala (U7S9DFF) investment	COMPLETED	BALANCE	\N	\N	\N	\N	2026-04-04 09:56:46.069649+07	25	\N	\N	172
3128	PRB-20260404025646-05D88D	PROFIT_COMMISSION	224.38	Profit rebate L1 from +6281808368211 - Drone Arundala (U7S9DFF)	COMPLETED	BALANCE	\N	1	\N	\N	2026-04-04 09:56:46.078805+07	25	3127	172	169
3208	WDREF-E36FDC5835	REJECT	35000.00	Withdrawal rejected - refund	COMPLETED	BALANCE	\N	\N	\N	\N	2026-04-04 12:06:48.011062+07	\N	3206	\N	191
3483	AUTO-20260407100723-9285CA	INTEREST	302414.88	Automatic profit from Drone Aterio (U5MLSKI) investment	COMPLETED	BALANCE	\N	\N	\N	\N	2026-04-07 10:07:23.113425+07	71	\N	\N	172
1846	ATT-20260216184708-3A2E07	ATTENDANCE	1025.49	Daily attendance claim	COMPLETED	BALANCE	\N	\N	\N	\N	2026-02-17 01:47:08.899924+07	\N	\N	\N	2
1708	AUTO-20260128154146-5AFB62	INTEREST	8800.00	Automatic profit from Cloud AI investment	COMPLETED	BALANCE	\N	\N	\N	\N	2026-01-28 15:41:46.944497+07	\N	\N	\N	2
1712	AUTO-20260128154147-CF9993	INTEREST	7520.00	Automatic profit from Cloud AI investment	COMPLETED	BALANCE	\N	\N	\N	\N	2026-01-28 15:41:47.014108+07	\N	\N	\N	2
1254	DEP-20260110151041-0B5AFB	DEPOSIT	100000.00	Deposit via Jayapay (BALANCE_DEPOSIT)	FAILED	BALANCE_DEPOSIT	\N	\N	\N	\N	2026-01-10 15:10:41.304883+07	\N	\N	\N	2
1255	DEP-20260110151042-BD0C00	DEPOSIT	100000.00	Deposit via Jayapay (BALANCE_DEPOSIT)	FAILED	BALANCE_DEPOSIT	\N	\N	\N	\N	2026-01-10 15:10:42.252471+07	\N	\N	\N	2
2240	PUR-20260306210440-EFF27A	INVESTMENTS	110000.00	Purchase Kesejahteraan I (x1)	COMPLETED	BALANCE_DEPOSIT	1	\N	\N	\N	2026-03-07 04:04:40.787025+07	\N	\N	\N	148
2241	REB-20260306210440-A344B2	PURCHASE_COMMISSION	36300.00	Purchase rebate L1 from +6289123456789 - Kesejahteraan I	COMPLETED	BALANCE	\N	1	\N	\N	2026-03-07 04:04:40.802297+07	\N	2240	148	147
2242	REB-20260306210440-26FD36	PURCHASE_COMMISSION	2200.00	Purchase rebate L2 from +6289123456789 - Kesejahteraan I	COMPLETED	BALANCE	\N	2	\N	\N	2026-03-07 04:04:40.806836+07	\N	2240	148	145
2243	REB-20260306210440-6E00C9	PURCHASE_COMMISSION	1100.00	Purchase rebate L3 from +6289123456789 - Kesejahteraan I	COMPLETED	BALANCE	\N	3	\N	\N	2026-03-07 04:04:40.811377+07	\N	2240	148	143
2804	RLT-20260401090012-D8577D	BONUS	10000.00	Roulette prize: 10000	COMPLETED	BALANCE	\N	\N	\N	\N	2026-04-01 16:00:12.459226+07	\N	\N	\N	2
2991	PUR-20260403031305-229E3F	INVESTMENTS	130000.00	Purchase Drone Arundala (U7S9DFF) (x1)	COMPLETED	BALANCE_DEPOSIT	1	\N	\N	\N	2026-04-03 10:13:05.164516+07	25	\N	\N	174
2992	REB-20260403031305-3E4076	PURCHASE_COMMISSION	13000.00	Purchase rebate L1 from +6281808368212 - Drone Arundala (U7S9DFF)	COMPLETED	BALANCE	\N	1	\N	\N	2026-04-03 10:13:05.173769+07	25	2991	174	172
2993	REB-20260403031305-64513D	PURCHASE_COMMISSION	3900.00	Purchase rebate L2 from +6281808368212 - Drone Arundala (U7S9DFF)	COMPLETED	BALANCE	\N	2	\N	\N	2026-04-03 10:13:05.176841+07	25	2991	174	169
3129	AUTO-20260404100146-A5C3E6	INTEREST	304614.35	Automatic profit from Drone Aterio (U5MLSKI) investment	COMPLETED	BALANCE	\N	\N	\N	\N	2026-04-04 10:01:46.260513+07	71	\N	\N	172
3209	WD-9C486A95FE	WITHDRAW	25000.00	Withdrawal request	PENDING	BALANCE	\N	\N	\N	\N	2026-04-04 14:49:49.7725+07	\N	\N	\N	191
3484	AUTO-20260407102223-25AF8C	INTEREST	16418.00	Automatic profit from Drone Amythis (U9SODWK) investment	COMPLETED	BALANCE	\N	\N	\N	\N	2026-04-07 10:22:23.820394+07	26	\N	\N	174
1649	PUR-20260124173929-D70DA5	INVESTMENTS	88000.00	Purchase Cloud AI (x1)	COMPLETED	BALANCE_DEPOSIT	1	\N	\N	\N	2026-01-25 00:39:29.652492+07	\N	\N	\N	2
1650	REB-20260124173929-517D5A	PURCHASE_COMMISSION	17600.00	Purchase rebate L1 from +6289595959595 - Cloud AI	COMPLETED	BALANCE	\N	1	\N	\N	2026-01-25 00:39:29.673789+07	\N	1649	2	1
3485	AUTO-20260407102223-AAFB81	INTEREST	4544.15	Automatic profit from Drone Arundala (U7S9DFF) investment	COMPLETED	BALANCE	\N	\N	\N	\N	2026-04-07 10:22:23.880691+07	25	\N	\N	174
3486	PRB-20260407032223-0C1E83	PROFIT_COMMISSION	227.21	Profit rebate L1 from +6281808368212 - Drone Arundala (U7S9DFF)	COMPLETED	BALANCE	\N	1	\N	\N	2026-04-07 10:22:23.891423+07	25	3485	174	172
3487	PRB-20260407032223-57029D	PROFIT_COMMISSION	136.32	Profit rebate L2 from +6281808368212 - Drone Arundala (U7S9DFF)	COMPLETED	BALANCE	\N	2	\N	\N	2026-04-07 10:22:23.900813+07	25	3485	174	169
1502	MSN-20260113082110-2-1	MISSIONS	2000.00	Mission reward: Bagikan tautan undangan Anda dan dapatkan anggota untuk membuka manfaat IDR 2.000 (x1)	COMPLETED	BALANCE	\N	\N	\N	\N	2026-01-13 15:21:10.656033+07	\N	\N	\N	2
1521	WD-E131879501	WITHDRAW	50000.00	Withdrawal request	PENDING	BALANCE	\N	\N	\N	\N	2026-01-14 00:00:13.56786+07	\N	\N	\N	2
1543	DEP-20260121161355-0D5C69	DEPOSIT	50000.00	Deposit via Jayapay (BALANCE_DEPOSIT)	FAILED	BALANCE_DEPOSIT	\N	\N	\N	\N	2026-01-21 16:13:55.054791+07	\N	\N	\N	2
1558	DEP-20260124154307-D39222	DEPOSIT	50000.00	Deposit via Jayapay (BALANCE_DEPOSIT)	FAILED	BALANCE_DEPOSIT	\N	\N	\N	\N	2026-01-24 15:43:07.681875+07	\N	\N	\N	2
336	AUTO-20251126134718-2D6839	INTEREST	4680.00	Automatic profit from Sistem Celenix investment	COMPLETED	BALANCE	\N	\N	\N	\N	2025-11-26 20:47:18.556357+07	\N	\N	\N	2
337	PRB-20251126134718-C98DE9	PROFIT_COMMISSION	327.60	Profit rebate L1 from 89595959595 - Sistem Celenix	COMPLETED	BALANCE	\N	1	\N	\N	2025-11-26 20:47:18.62068+07	\N	336	2	1
1256	DEP-20260110151046-DEC9D9	DEPOSIT	50000.00	Deposit via Jayapay (BALANCE_DEPOSIT)	FAILED	BALANCE_DEPOSIT	\N	\N	\N	\N	2026-01-10 15:10:46.661658+07	\N	\N	\N	2
1257	DEP-20260110151050-A78441	DEPOSIT	50000.00	Deposit via Jayapay (BALANCE_DEPOSIT)	FAILED	BALANCE_DEPOSIT	\N	\N	\N	\N	2026-01-10 15:10:50.670498+07	\N	\N	\N	2
1258	DEP-20260110151057-846C2F	DEPOSIT	50000.00	Deposit via Jayapay (BALANCE_DEPOSIT)	FAILED	BALANCE_DEPOSIT	\N	\N	\N	\N	2026-01-10 15:10:57.511826+07	\N	\N	\N	2
2244	PUR-20260306210459-8A7513	INVESTMENTS	111000.00	Purchase Aset Pilihan I (x1)	COMPLETED	BALANCE_DEPOSIT	1	\N	\N	\N	2026-03-07 04:04:59.155337+07	\N	\N	\N	148
2245	REB-20260306210459-8CEBDB	PURCHASE_COMMISSION	36630.00	Purchase rebate L1 from +6289123456789 - Aset Pilihan I	COMPLETED	BALANCE	\N	1	\N	\N	2026-03-07 04:04:59.166088+07	\N	2244	148	147
2246	REB-20260306210459-5BE535	PURCHASE_COMMISSION	2220.00	Purchase rebate L2 from +6289123456789 - Aset Pilihan I	COMPLETED	BALANCE	\N	2	\N	\N	2026-03-07 04:04:59.168632+07	\N	2244	148	145
2247	REB-20260306210459-2BC75D	PURCHASE_COMMISSION	1110.00	Purchase rebate L3 from +6289123456789 - Aset Pilihan I	COMPLETED	BALANCE	\N	3	\N	\N	2026-03-07 04:04:59.170686+07	\N	2244	148	143
2805	RLT-20260401090431-787F40	BONUS	10000.00	Roulette prize: 10000	COMPLETED	BALANCE	\N	\N	\N	\N	2026-04-01 16:04:31.265065+07	\N	\N	\N	2
2994	PUR-20260403031406-7379E6	INVESTMENTS	460000.00	Purchase Drone Amythis (U9SODWK) (x1)	COMPLETED	BALANCE_DEPOSIT	1	\N	\N	\N	2026-04-03 10:14:06.987836+07	26	\N	\N	174
3130	ATT-20260404031155-367E5F	ATTENDANCE	100.00	Daily attendance claim	COMPLETED	BALANCE	\N	\N	\N	\N	2026-04-04 10:11:55.897595+07	\N	\N	\N	191
3210	DEP-20260404145333-0BD737	DEPOSIT	35000.00	Deposit via Jayapay (BALANCE_DEPOSIT)	FAILED	BALANCE_DEPOSIT	\N	\N	\N	\N	2026-04-04 14:53:33.041371+07	\N	\N	\N	191
3488	AUTO-20260407102724-698996	INTEREST	4482.03	Automatic profit from Drone Arundala (U7S9DFF) investment	COMPLETED	BALANCE	\N	\N	\N	\N	2026-04-07 10:27:24.228529+07	25	\N	\N	191
3489	PRB-20260407032724-558EF0	PROFIT_COMMISSION	224.10	Profit rebate L1 from +6282122425470 - Drone Arundala (U7S9DFF)	COMPLETED	BALANCE	\N	1	\N	\N	2026-04-07 10:27:24.243246+07	25	3488	191	178
3490	PRB-20260407032724-E4C3DF	PROFIT_COMMISSION	134.46	Profit rebate L2 from +6282122425470 - Drone Arundala (U7S9DFF)	COMPLETED	BALANCE	\N	2	\N	\N	2026-04-07 10:27:24.247954+07	25	3488	191	169
3491	AUTO-20260407102724-77A334	INTEREST	4475.45	Automatic profit from Drone Arundala (U7S9DFF) investment	COMPLETED	BALANCE	\N	\N	\N	\N	2026-04-07 10:27:24.316515+07	25	\N	\N	175
3492	PRB-20260407032724-3F9683	PROFIT_COMMISSION	223.77	Profit rebate L1 from +6281808368213 - Drone Arundala (U7S9DFF)	COMPLETED	BALANCE	\N	1	\N	\N	2026-04-07 10:27:24.321282+07	25	3491	175	174
3493	PRB-20260407032724-8580CB	PROFIT_COMMISSION	134.26	Profit rebate L2 from +6281808368213 - Drone Arundala (U7S9DFF)	COMPLETED	BALANCE	\N	2	\N	\N	2026-04-07 10:27:24.32609+07	25	3491	175	172
3494	PRB-20260407032724-39E4E4	PROFIT_COMMISSION	44.75	Profit rebate L3 from +6281808368213 - Drone Arundala (U7S9DFF)	COMPLETED	BALANCE	\N	3	\N	\N	2026-04-07 10:27:24.333463+07	25	3491	175	169
3495	AUTO-20260407102724-B00CAC	INTEREST	16154.00	Automatic profit from Drone Amythis (U9SODWK) investment	COMPLETED	BALANCE	\N	\N	\N	\N	2026-04-07 10:27:24.360256+07	26	\N	\N	175
3496	PRB-20260407032724-BFE90F	PROFIT_COMMISSION	807.70	Profit rebate L1 from +6281808368213 - Drone Amythis (U9SODWK)	COMPLETED	BALANCE	\N	1	\N	\N	2026-04-07 10:27:24.366559+07	26	3495	175	174
1559	DEP-20260124154308-D72A29	DEPOSIT	50000.00	Deposit via Jayapay (BALANCE_DEPOSIT)	FAILED	BALANCE_DEPOSIT	\N	\N	\N	\N	2026-01-24 15:43:08.253671+07	\N	\N	\N	2
1522	CLM-20260113170848-AAD34B	INTEREST	1000.00	Profit claim from PowerVault AA investment	COMPLETED	BALANCE	\N	\N	\N	\N	2026-01-14 00:08:48.298572+07	\N	\N	\N	2
1259	ATT-20260110085350-43EB2B	ATTENDANCE	1000.00	Daily attendance claim	COMPLETED	BALANCE	\N	\N	\N	\N	2026-01-10 15:53:50.877568+07	\N	\N	\N	2
2248	PUR-20260307090426-85C31C	INVESTMENTS	58000.00	Purchase Aset Standar I (x1)	COMPLETED	BALANCE_DEPOSIT	1	\N	\N	\N	2026-03-07 16:04:26.942758+07	25	\N	\N	148
2249	REB-20260307090426-EC5426	PURCHASE_COMMISSION	19140.00	Purchase rebate L1 from +6289123456789 - Aset Standar I	COMPLETED	BALANCE	\N	1	\N	\N	2026-03-07 16:04:26.98572+07	25	2248	148	147
2250	REB-20260307090426-109744	PURCHASE_COMMISSION	1160.00	Purchase rebate L2 from +6289123456789 - Aset Standar I	COMPLETED	BALANCE	\N	2	\N	\N	2026-03-07 16:04:26.991393+07	25	2248	148	145
2251	REB-20260307090426-423479	PURCHASE_COMMISSION	580.00	Purchase rebate L3 from +6289123456789 - Aset Standar I	COMPLETED	BALANCE	\N	3	\N	\N	2026-03-07 16:04:26.994957+07	25	2248	148	143
2806	RLT-20260401090510-F4C495	BONUS	10000.00	Roulette prize: 10000	COMPLETED	BALANCE	\N	\N	\N	\N	2026-04-01 16:05:10.152975+07	\N	\N	\N	2
2995	PUR-20260403031908-BD1FE4	INVESTMENTS	460000.00	Purchase Drone Amythis (U9SODWK) (x1)	COMPLETED	BALANCE_DEPOSIT	1	\N	\N	\N	2026-04-03 10:19:08.786116+07	26	\N	\N	175
2996	REB-20260403031908-E316CE	PURCHASE_COMMISSION	46000.00	Purchase rebate L1 from +6281808368213 - Drone Amythis (U9SODWK)	COMPLETED	BALANCE	\N	1	\N	\N	2026-04-03 10:19:08.793685+07	26	2995	175	174
3131	DEP-20260404101228-F9E39F	DEPOSIT	130000.00	Deposit via Jayapay (BALANCE_DEPOSIT)	FAILED	BALANCE_DEPOSIT	\N	\N	\N	\N	2026-04-04 10:12:28.539181+07	\N	\N	\N	191
3211	PUR-20260404075412-64B394	INVESTMENTS	2150000.00	Purchase Drone Alouz (U0M3KDX) (x1)	COMPLETED	BALANCE_DEPOSIT	1	\N	\N	\N	2026-04-04 14:54:12.263222+07	28	\N	\N	191
3497	AUTO-20260407103224-AEA4FA	INTEREST	4530.78	Automatic profit from Drone Arundala (U7S9DFF) investment	COMPLETED	BALANCE	\N	\N	\N	\N	2026-04-07 10:32:24.676464+07	25	\N	\N	176
3498	PRB-20260407033224-F0A244	PROFIT_COMMISSION	226.54	Profit rebate L1 from +6281808368214 - Drone Arundala (U7S9DFF)	COMPLETED	BALANCE	\N	1	\N	\N	2026-04-07 10:32:24.684167+07	25	3497	176	174
3499	PRB-20260407033224-0311E5	PROFIT_COMMISSION	135.92	Profit rebate L2 from +6281808368214 - Drone Arundala (U7S9DFF)	COMPLETED	BALANCE	\N	2	\N	\N	2026-04-07 10:32:24.691989+07	25	3497	176	172
3500	PRB-20260407033224-A039B4	PROFIT_COMMISSION	45.31	Profit rebate L3 from +6281808368214 - Drone Arundala (U7S9DFF)	COMPLETED	BALANCE	\N	3	\N	\N	2026-04-07 10:32:24.704662+07	25	3497	176	169
3501	AUTO-20260407103224-F38CF1	INTEREST	16257.40	Automatic profit from Drone Amythis (U9SODWK) investment	COMPLETED	BALANCE	\N	\N	\N	\N	2026-04-07 10:32:24.747346+07	26	\N	\N	176
3502	PRB-20260407033224-EF455C	PROFIT_COMMISSION	812.87	Profit rebate L1 from +6281808368214 - Drone Amythis (U9SODWK)	COMPLETED	BALANCE	\N	1	\N	\N	2026-04-07 10:32:24.751995+07	26	3501	176	174
1546	MSN-20260121094937-2-36	MISSIONS	95000.00	Mission reward: Ketika Anda sudah mencapai target seorang agen kerja, Anda dapat klaim penghasilan tetap 3 kali dalam satu bulan IDR 95.000 (x1)	COMPLETED	BALANCE	\N	\N	\N	\N	2026-01-21 16:49:37.995509+07	\N	\N	\N	2
1560	DEP-20260124154308-47784B	DEPOSIT	50000.00	Deposit via Jayapay (BALANCE_DEPOSIT)	FAILED	BALANCE_DEPOSIT	\N	\N	\N	\N	2026-01-24 15:43:08.496334+07	\N	\N	\N	2
4	PUR-20251109170532-173620	INVESTMENTS	117000.00	Purchase Sistem Celenix (x1)	COMPLETED	BALANCE_DEPOSIT	1	\N	\N	\N	2025-11-10 00:05:32.133433+07	\N	\N	\N	2
5	REB-20251109170532-5839C2	PURCHASE_COMMISSION	11700.00	Purchase rebate L1 from 89595959595 - Sistem Celenix	COMPLETED	BALANCE	\N	1	\N	\N	2025-11-10 00:05:32.137672+07	\N	4	2	1
6	CBK-20251109170539-857541	CASHBACK	2340.00	Manual cashback claim 2.00% from Sistem Celenix purchase	COMPLETED	BALANCE	\N	\N	\N	\N	2025-11-10 00:05:39.815023+07	\N	4	\N	2
2252	ATT-20260307093120-40E64C	ATTENDANCE	1000.00	Daily attendance claim	COMPLETED	BALANCE	\N	\N	\N	\N	2026-03-07 16:31:20.331646+07	\N	\N	\N	149
2807	RLT-20260401090553-11159D	BONUS	2000.00	Roulette prize: Rp 2.000	COMPLETED	BALANCE	\N	\N	\N	\N	2026-04-01 16:05:53.732546+07	\N	\N	\N	2
2997	PUR-20260403031914-6D8E0A	INVESTMENTS	130000.00	Purchase Drone Arundala (U7S9DFF) (x1)	COMPLETED	BALANCE_DEPOSIT	1	\N	\N	\N	2026-04-03 10:19:14.587282+07	25	\N	\N	175
2998	REB-20260403031914-B98352	PURCHASE_COMMISSION	13000.00	Purchase rebate L1 from +6281808368213 - Drone Arundala (U7S9DFF)	COMPLETED	BALANCE	\N	1	\N	\N	2026-04-03 10:19:14.593328+07	25	2997	175	174
2999	REB-20260403031914-23F99D	PURCHASE_COMMISSION	3900.00	Purchase rebate L2 from +6281808368213 - Drone Arundala (U7S9DFF)	COMPLETED	BALANCE	\N	2	\N	\N	2026-04-03 10:19:14.595846+07	25	2997	175	172
3132	AUTO-20260404101646-471CCA	INTEREST	16201.27	Automatic profit from Drone Amythis (U9SODWK) investment	COMPLETED	BALANCE	\N	\N	\N	\N	2026-04-04 10:16:46.784121+07	26	\N	\N	174
3133	AUTO-20260404101646-8ABAEB	INTEREST	4639.88	Automatic profit from Drone Arundala (U7S9DFF) investment	COMPLETED	BALANCE	\N	\N	\N	\N	2026-04-04 10:16:46.810402+07	25	\N	\N	174
3134	PRB-20260404031646-435034	PROFIT_COMMISSION	231.99	Profit rebate L1 from +6281808368212 - Drone Arundala (U7S9DFF)	COMPLETED	BALANCE	\N	1	\N	\N	2026-04-04 10:16:46.813466+07	25	3133	174	172
3135	PRB-20260404031646-0144D5	PROFIT_COMMISSION	139.20	Profit rebate L2 from +6281808368212 - Drone Arundala (U7S9DFF)	COMPLETED	BALANCE	\N	2	\N	\N	2026-04-04 10:16:46.81653+07	25	3133	174	169
3212	DEP-20260404145638-141CC5	DEPOSIT	50000.00	Deposit via Jayapay (BALANCE_DEPOSIT)	COMPLETED	BALANCE_DEPOSIT	\N	\N	\N	\N	2026-04-04 14:56:38.214883+07	\N	\N	\N	191
3503	AUTO-20260407104725-B7FA7F	INTEREST	6642.85	Automatic profit from Drone Meleza (K80SDML) investment	COMPLETED	BALANCE	\N	\N	\N	\N	2026-04-07 10:47:25.69454+07	80	\N	\N	191
3504	PRB-20260407034725-639BF8	PROFIT_COMMISSION	332.14	Profit rebate L1 from +6282122425470 - Drone Meleza (K80SDML)	COMPLETED	BALANCE	\N	1	\N	\N	2026-04-07 10:47:25.705192+07	80	3503	191	178
3505	PRB-20260407034725-CC938D	PROFIT_COMMISSION	199.29	Profit rebate L2 from +6282122425470 - Drone Meleza (K80SDML)	COMPLETED	BALANCE	\N	2	\N	\N	2026-04-07 10:47:25.71355+07	80	3503	191	169
3506	AUTO-20260407104725-18E2F6	INTEREST	10418.26	Automatic profit from Drone Czorto (MU7PL6A) investment	COMPLETED	BALANCE	\N	\N	\N	\N	2026-04-07 10:47:25.772116+07	73	\N	\N	191
3507	PRB-20260407034725-A412EE	PROFIT_COMMISSION	520.91	Profit rebate L1 from +6282122425470 - Drone Czorto (MU7PL6A)	COMPLETED	BALANCE	\N	1	\N	\N	2026-04-07 10:47:25.779605+07	73	3506	191	178
3508	PRB-20260407034725-530FEA	PROFIT_COMMISSION	312.55	Profit rebate L2 from +6282122425470 - Drone Czorto (MU7PL6A)	COMPLETED	BALANCE	\N	2	\N	\N	2026-04-07 10:47:25.786303+07	73	3506	191	169
1811	AUTO-20260215015303-4B8897	INTEREST	8800.00	Automatic profit from Cloud AI investment	COMPLETED	BALANCE	\N	\N	\N	\N	2026-02-15 01:53:03.066407+07	\N	\N	\N	2
1547	DEP-20260123183736-0403F2	DEPOSIT	50000.00	Deposit via Jayapay (BALANCE_DEPOSIT)	FAILED	BALANCE_DEPOSIT	\N	\N	\N	\N	2026-01-23 18:37:36.287203+07	\N	\N	\N	2
1561	DEP-20260124154308-0FA7A3	DEPOSIT	50000.00	Deposit via Jayapay (BALANCE_DEPOSIT)	FAILED	BALANCE_DEPOSIT	\N	\N	\N	\N	2026-01-24 15:43:08.678465+07	\N	\N	\N	2
1817	AUTO-20260215015303-A7D641	INTEREST	7520.00	Automatic profit from Cloud AI investment	COMPLETED	BALANCE	\N	\N	\N	\N	2026-02-15 01:53:03.13592+07	\N	\N	\N	2
1260	PUR-20260110121200-0D3FB5	INVESTMENTS	97000.00	Purchase RBB B100 (x1)	COMPLETED	BALANCE_DEPOSIT	1	\N	\N	\N	2026-01-10 19:12:00.193921+07	\N	\N	\N	2
1261	REB-20260110121200-E6C8A0	PURCHASE_COMMISSION	23280.00	Purchase rebate L1 from 89595959595 - RBB B100	COMPLETED	BALANCE	\N	1	\N	\N	2026-01-10 19:12:00.214968+07	\N	1260	2	1
1262	PUR-20260110121212-30EAD0	INVESTMENTS	97000.00	Purchase RBB B100 (x1)	COMPLETED	BALANCE_DEPOSIT	1	\N	\N	\N	2026-01-10 19:12:12.421545+07	\N	\N	\N	2
1263	REB-20260110121212-C917B0	PURCHASE_COMMISSION	23280.00	Purchase rebate L1 from 89595959595 - RBB B100	COMPLETED	BALANCE	\N	1	\N	\N	2026-01-10 19:12:12.426145+07	\N	1262	2	1
1264	PUR-20260110121225-F3C8E2	INVESTMENTS	97000.00	Purchase RBB B100 (x1)	COMPLETED	BALANCE_DEPOSIT	1	\N	\N	\N	2026-01-10 19:12:25.609975+07	\N	\N	\N	2
1989	WD-98412A94E5	WITHDRAW	50000.00	Withdrawal request	PENDING	BALANCE	\N	\N	\N	\N	2026-02-19 14:10:19.522204+07	\N	\N	\N	2
2253	ADM-BALANCE_DEPOSIT-150-1772883285	CREDIT	10000000.00	Admin increased balance_deposit by 10000000	COMPLETED	BALANCE_DEPOSIT	\N	\N	\N	\N	2026-03-07 18:34:45.293434+07	\N	\N	\N	150
2808	RLT-20260401091624-C74DAE	BONUS	10000.00	Roulette prize: 10000	COMPLETED	BALANCE	\N	\N	\N	\N	2026-04-01 16:16:24.516813+07	\N	\N	\N	2
3000	PUR-20260403032319-123D61	INVESTMENTS	460000.00	Purchase Drone Amythis (U9SODWK) (x1)	COMPLETED	BALANCE_DEPOSIT	1	\N	\N	\N	2026-04-03 10:23:19.779604+07	26	\N	\N	176
3001	REB-20260403032319-4C2588	PURCHASE_COMMISSION	46000.00	Purchase rebate L1 from +6281808368214 - Drone Amythis (U9SODWK)	COMPLETED	BALANCE	\N	1	\N	\N	2026-04-03 10:23:19.787251+07	26	3000	176	174
3136	DEP-20260404101647-3DCBF4	DEPOSIT	1.00	Deposit via Jayapay (BALANCE_DEPOSIT)	FAILED	BALANCE_DEPOSIT	\N	\N	\N	\N	2026-04-04 10:16:47.131815+07	\N	\N	\N	191
3213	VCH-20260404150105-0B4C3A	VOUCHER	10000.00	Voucher claim TEST111	COMPLETED	BALANCE	\N	\N	17	TEST111	2026-04-04 15:01:05.928634+07	\N	\N	\N	191
3509	AUTO-20260407161813-A70472	INTEREST	173688.22	Automatic profit from Drone Avurpa (U3MLZTY) investment	COMPLETED	BALANCE	\N	\N	\N	\N	2026-04-07 16:18:13.183658+07	29	\N	\N	191
3510	AUTO-20260407161813-193579	INTEREST	304971.77	Automatic profit from Drone Aterio (U5MLSKI) investment	COMPLETED	BALANCE	\N	\N	\N	\N	2026-04-07 16:18:13.310216+07	71	\N	\N	191
3511	AUTO-20260407161813-35B746	INTEREST	4546.92	Automatic profit from Drone Arundala (U7S9DFF) investment	COMPLETED	BALANCE	\N	\N	\N	\N	2026-04-07 16:18:13.332932+07	25	\N	\N	203
1850	AUTO-20260217015528-FB5477	INTEREST	8800.00	Automatic profit from Cloud AI investment	COMPLETED	BALANCE	\N	\N	\N	\N	2026-02-17 01:55:28.283144+07	\N	\N	\N	2
3512	PRB-20260407091813-A73409	PROFIT_COMMISSION	227.35	Profit rebate L1 from +6282122425451 - Drone Arundala (U7S9DFF)	COMPLETED	BALANCE	\N	1	\N	\N	2026-04-07 16:18:13.3408+07	25	3511	203	191
3513	PRB-20260407091813-C91A6E	PROFIT_COMMISSION	136.41	Profit rebate L2 from +6282122425451 - Drone Arundala (U7S9DFF)	COMPLETED	BALANCE	\N	2	\N	\N	2026-04-07 16:18:13.343889+07	25	3511	203	178
3514	PRB-20260407091813-5169DF	PROFIT_COMMISSION	45.47	Profit rebate L3 from +6282122425451 - Drone Arundala (U7S9DFF)	COMPLETED	BALANCE	\N	3	\N	\N	2026-04-07 16:18:13.345037+07	25	3511	203	169
3515	AUTO-20260407161813-52EB02	INTEREST	34946.06	Automatic profit from Drone Aqriac (U1IS3MD) investment	COMPLETED	BALANCE	\N	\N	\N	\N	2026-04-07 16:18:13.361568+07	27	\N	\N	192
3516	PRB-20260407091813-40CE22	PROFIT_COMMISSION	1747.30	Profit rebate L1 from +6282122425471 - Drone Aqriac (U1IS3MD)	COMPLETED	BALANCE	\N	1	\N	\N	2026-04-07 16:18:13.364616+07	27	3515	192	191
3517	AUTO-20260407161813-CED12E	INTEREST	83039.44	Automatic profit from Drone Alouz (U0M3KDX) investment	COMPLETED	BALANCE	\N	\N	\N	\N	2026-04-07 16:18:13.382374+07	28	\N	\N	191
3518	AUTO-20260407161813-C6EDC0	INTEREST	4627.98	Automatic profit from Drone Arundala (U7S9DFF) investment	COMPLETED	BALANCE	\N	\N	\N	\N	2026-04-07 16:18:13.401177+07	25	\N	\N	199
3519	PRB-20260407091813-EAFBD5	PROFIT_COMMISSION	231.40	Profit rebate L1 from +6282122425479 - Drone Arundala (U7S9DFF)	COMPLETED	BALANCE	\N	1	\N	\N	2026-04-07 16:18:13.407106+07	25	3518	199	191
3520	PRB-20260407091813-FBF286	PROFIT_COMMISSION	138.84	Profit rebate L2 from +6282122425479 - Drone Arundala (U7S9DFF)	COMPLETED	BALANCE	\N	2	\N	\N	2026-04-07 16:18:13.410197+07	25	3518	199	178
3521	PRB-20260407091813-F82EB9	PROFIT_COMMISSION	46.28	Profit rebate L3 from +6282122425479 - Drone Arundala (U7S9DFF)	COMPLETED	BALANCE	\N	3	\N	\N	2026-04-07 16:18:13.411727+07	25	3518	199	169
3522	AUTO-20260407161813-6AA31D	INTEREST	4543.54	Automatic profit from Drone Arundala (U7S9DFF) investment	COMPLETED	BALANCE	\N	\N	\N	\N	2026-04-07 16:18:13.427184+07	25	\N	\N	198
1720	AUTO-20260129000207-94A34F	INTEREST	7520.00	Automatic profit from Cloud AI investment	COMPLETED	BALANCE	\N	\N	\N	\N	2026-01-29 00:02:07.128252+07	\N	\N	\N	2
3523	PRB-20260407091813-ACA2E4	PROFIT_COMMISSION	227.18	Profit rebate L1 from +6282122425478 - Drone Arundala (U7S9DFF)	COMPLETED	BALANCE	\N	1	\N	\N	2026-04-07 16:18:13.428711+07	25	3522	198	191
3524	PRB-20260407091813-038AC2	PROFIT_COMMISSION	136.31	Profit rebate L2 from +6282122425478 - Drone Arundala (U7S9DFF)	COMPLETED	BALANCE	\N	2	\N	\N	2026-04-07 16:18:13.433986+07	25	3522	198	178
3525	PRB-20260407091813-BFDFE1	PROFIT_COMMISSION	45.44	Profit rebate L3 from +6282122425478 - Drone Arundala (U7S9DFF)	COMPLETED	BALANCE	\N	3	\N	\N	2026-04-07 16:18:13.43757+07	25	3522	198	169
3526	AUTO-20260407161813-5ED3BA	INTEREST	35242.82	Automatic profit from Drone Aqriac (U1IS3MD) investment	COMPLETED	BALANCE	\N	\N	\N	\N	2026-04-07 16:18:13.451731+07	27	\N	\N	191
1725	AUTO-20260129190737-AAD2B4	INTEREST	8800.00	Automatic profit from Cloud AI investment	COMPLETED	BALANCE	\N	\N	\N	\N	2026-01-29 19:07:37.791954+07	\N	\N	\N	2
3527	AUTO-20260407161813-0FE426	INTEREST	36071.95	Automatic profit from Drone Aqriac (U1IS3MD) investment	COMPLETED	BALANCE	\N	\N	\N	\N	2026-04-07 16:18:13.468099+07	27	\N	\N	195
3528	PRB-20260407091813-5C9CB7	PROFIT_COMMISSION	1082.16	Profit rebate L2 from +6282122425475 - Drone Aqriac (U1IS3MD)	COMPLETED	BALANCE	\N	2	\N	\N	2026-04-07 16:18:13.472709+07	27	3527	195	192
3529	PRB-20260407091813-709E2B	PROFIT_COMMISSION	360.72	Profit rebate L3 from +6282122425475 - Drone Aqriac (U1IS3MD)	COMPLETED	BALANCE	\N	3	\N	\N	2026-04-07 16:18:13.47594+07	27	3527	195	191
3530	AUTO-20260407161813-2DB7BC	INTEREST	16623.93	Automatic profit from Drone Amythis (U9SODWK) investment	COMPLETED	BALANCE	\N	\N	\N	\N	2026-04-07 16:18:13.490059+07	26	\N	\N	194
1730	AUTO-20260209194413-76779E	INTEREST	8800.00	Automatic profit from Cloud AI investment	COMPLETED	BALANCE	\N	\N	\N	\N	2026-02-09 19:44:13.929939+07	\N	\N	\N	2
3531	PRB-20260407091813-012BE2	PROFIT_COMMISSION	831.20	Profit rebate L1 from +6282122425473 - Drone Amythis (U9SODWK)	COMPLETED	BALANCE	\N	1	\N	\N	2026-04-07 16:18:13.49262+07	26	3530	194	193
3532	PRB-20260407091813-86929E	PROFIT_COMMISSION	498.72	Profit rebate L2 from +6282122425473 - Drone Amythis (U9SODWK)	COMPLETED	BALANCE	\N	2	\N	\N	2026-04-07 16:18:13.494814+07	26	3530	194	192
3533	AUTO-20260407161813-B5980D	INTEREST	4620.49	Automatic profit from Drone Arundala (U7S9DFF) investment	COMPLETED	BALANCE	\N	\N	\N	\N	2026-04-07 16:18:13.512699+07	25	\N	\N	194
3534	PRB-20260407091813-688A9E	PROFIT_COMMISSION	231.02	Profit rebate L1 from +6282122425473 - Drone Arundala (U7S9DFF)	COMPLETED	BALANCE	\N	1	\N	\N	2026-04-07 16:18:13.515529+07	25	3533	194	193
3535	PRB-20260407091813-D66E1A	PROFIT_COMMISSION	138.61	Profit rebate L2 from +6282122425473 - Drone Arundala (U7S9DFF)	COMPLETED	BALANCE	\N	2	\N	\N	2026-04-07 16:18:13.520069+07	25	3533	194	192
3536	PRB-20260407091813-70D6BA	PROFIT_COMMISSION	46.20	Profit rebate L3 from +6282122425473 - Drone Arundala (U7S9DFF)	COMPLETED	BALANCE	\N	3	\N	\N	2026-04-07 16:18:13.522604+07	25	3533	194	191
3537	AUTO-20260407161813-F5A400	INTEREST	16510.38	Automatic profit from Drone Amythis (U9SODWK) investment	COMPLETED	BALANCE	\N	\N	\N	\N	2026-04-07 16:18:13.537598+07	26	\N	\N	193
1736	AUTO-20260209194414-2563A2	INTEREST	7520.00	Automatic profit from Cloud AI investment	COMPLETED	BALANCE	\N	\N	\N	\N	2026-02-09 19:44:14.017481+07	\N	\N	\N	2
1304	WD-C02AD48A0F	WITHDRAW	50000.00	Withdrawal request	PENDING	BALANCE	\N	\N	\N	\N	2026-01-11 00:42:18.52688+07	\N	\N	\N	2
2254	PUR-20260307113457-A7406D	INVESTMENTS	58000.00	Purchase Aset Standar I (x1)	COMPLETED	BALANCE_DEPOSIT	1	\N	\N	\N	2026-03-07 18:34:57.876559+07	25	\N	\N	150
2255	REB-20260307113457-3D1E17	PURCHASE_COMMISSION	19140.00	Purchase rebate L1 from +6281223456789 - Aset Standar I	COMPLETED	BALANCE	\N	1	\N	\N	2026-03-07 18:34:57.900841+07	25	2254	150	149
2256	REB-20260307113457-2BED80	PURCHASE_COMMISSION	1160.00	Purchase rebate L2 from +6281223456789 - Aset Standar I	COMPLETED	BALANCE	\N	2	\N	\N	2026-03-07 18:34:57.904881+07	25	2254	150	148
2257	REB-20260307113457-557184	PURCHASE_COMMISSION	580.00	Purchase rebate L3 from +6281223456789 - Aset Standar I	COMPLETED	BALANCE	\N	3	\N	\N	2026-03-07 18:34:57.909008+07	25	2254	150	147
2809	RLT-20260401091637-BB1677	BONUS	10000.00	Roulette prize: 10000	COMPLETED	BALANCE	\N	\N	\N	\N	2026-04-01 16:16:37.482907+07	\N	\N	\N	2
3002	PUR-20260403032541-F1EAE6	INVESTMENTS	130000.00	Purchase Drone Arundala (U7S9DFF) (x1)	COMPLETED	BALANCE_DEPOSIT	1	\N	\N	\N	2026-04-03 10:25:41.193324+07	25	\N	\N	176
3003	REB-20260403032541-BC4B73	PURCHASE_COMMISSION	13000.00	Purchase rebate L1 from +6281808368214 - Drone Arundala (U7S9DFF)	COMPLETED	BALANCE	\N	1	\N	\N	2026-04-03 10:25:41.201045+07	25	3002	176	174
3004	REB-20260403032541-3424D3	PURCHASE_COMMISSION	3900.00	Purchase rebate L2 from +6281808368214 - Drone Arundala (U7S9DFF)	COMPLETED	BALANCE	\N	2	\N	\N	2026-04-03 10:25:41.204108+07	25	3002	176	172
3137	AUTO-20260404102146-9EA61A	INTEREST	4491.68	Automatic profit from Drone Arundala (U7S9DFF) investment	COMPLETED	BALANCE	\N	\N	\N	\N	2026-04-04 10:21:46.991482+07	25	\N	\N	175
3138	PRB-20260404032146-B6B04C	PROFIT_COMMISSION	224.58	Profit rebate L1 from +6281808368213 - Drone Arundala (U7S9DFF)	COMPLETED	BALANCE	\N	1	\N	\N	2026-04-04 10:21:46.996148+07	25	3137	175	174
3139	PRB-20260404032146-3F286E	PROFIT_COMMISSION	134.75	Profit rebate L2 from +6281808368213 - Drone Arundala (U7S9DFF)	COMPLETED	BALANCE	\N	2	\N	\N	2026-04-04 10:21:46.999243+07	25	3137	175	172
3140	PRB-20260404032147-13A069	PROFIT_COMMISSION	44.92	Profit rebate L3 from +6281808368213 - Drone Arundala (U7S9DFF)	COMPLETED	BALANCE	\N	3	\N	\N	2026-04-04 10:21:47.0023+07	25	3137	175	169
3141	AUTO-20260404102147-1B1DD3	INTEREST	16471.99	Automatic profit from Drone Amythis (U9SODWK) investment	COMPLETED	BALANCE	\N	\N	\N	\N	2026-04-04 10:21:47.026969+07	26	\N	\N	175
3142	PRB-20260404032147-EFFCE7	PROFIT_COMMISSION	823.60	Profit rebate L1 from +6281808368213 - Drone Amythis (U9SODWK)	COMPLETED	BALANCE	\N	1	\N	\N	2026-04-04 10:21:47.028499+07	26	3141	175	174
3214	PUR-20260404080458-4EB323	INVESTMENTS	950000.00	Purchase Drone Aqriac (U1IS3MD) (x1)	COMPLETED	BALANCE_DEPOSIT	1	\N	\N	\N	2026-04-04 15:04:58.696389+07	27	\N	\N	192
3215	REB-20260404080458-D0178F	PURCHASE_COMMISSION	95000.00	Purchase rebate L1 from +6282122425471 - Drone Aqriac (U1IS3MD)	COMPLETED	BALANCE	\N	1	\N	\N	2026-04-04 15:04:58.707107+07	27	3214	192	191
3538	PRB-20260407091813-745EB5	PROFIT_COMMISSION	825.52	Profit rebate L1 from +6282122425472 - Drone Amythis (U9SODWK)	COMPLETED	BALANCE	\N	1	\N	\N	2026-04-07 16:18:13.540653+07	26	3537	193	192
3539	AUTO-20260407161813-BA05D2	INTEREST	4454.48	Automatic profit from Drone Arundala (U7S9DFF) investment	COMPLETED	BALANCE	\N	\N	\N	\N	2026-04-07 16:18:13.557129+07	25	\N	\N	193
1548	DEP-20260123183736-32D59A	DEPOSIT	50000.00	Deposit via Jayapay (BALANCE_DEPOSIT)	FAILED	BALANCE_DEPOSIT	\N	\N	\N	\N	2026-01-23 18:37:36.822144+07	\N	\N	\N	2
3540	PRB-20260407091813-BE7147	PROFIT_COMMISSION	222.72	Profit rebate L1 from +6282122425472 - Drone Arundala (U7S9DFF)	COMPLETED	BALANCE	\N	1	\N	\N	2026-04-07 16:18:13.561283+07	25	3539	193	192
3541	PRB-20260407091813-FB48CE	PROFIT_COMMISSION	133.63	Profit rebate L2 from +6282122425472 - Drone Arundala (U7S9DFF)	COMPLETED	BALANCE	\N	2	\N	\N	2026-04-07 16:18:13.562813+07	25	3539	193	191
3542	PRB-20260407091813-16C92E	PROFIT_COMMISSION	44.54	Profit rebate L3 from +6282122425472 - Drone Arundala (U7S9DFF)	COMPLETED	BALANCE	\N	3	\N	\N	2026-04-07 16:18:13.565476+07	25	3539	193	178
3543	AUTO-20260407161813-A8C198	INTEREST	16357.54	Automatic profit from Drone Amythis (U9SODWK) investment	COMPLETED	BALANCE	\N	\N	\N	\N	2026-04-07 16:18:13.579516+07	26	\N	\N	192
3544	AUTO-20260407161813-B4FB62	INTEREST	4647.62	Automatic profit from Drone Arundala (U7S9DFF) investment	COMPLETED	BALANCE	\N	\N	\N	\N	2026-04-07 16:18:13.597768+07	25	\N	\N	192
3545	PRB-20260407091813-3C710A	PROFIT_COMMISSION	232.38	Profit rebate L1 from +6282122425471 - Drone Arundala (U7S9DFF)	COMPLETED	BALANCE	\N	1	\N	\N	2026-04-07 16:18:13.602333+07	25	3544	192	191
685	AUTO-20251130140034-3DF916	INTEREST	4680.00	Automatic profit from Sistem Celenix investment	COMPLETED	BALANCE	\N	\N	\N	\N	2025-11-30 21:00:34.873127+07	\N	\N	\N	2
686	PRB-20251130140034-DE8694	PROFIT_COMMISSION	327.60	Profit rebate L1 from 89595959595 - Sistem Celenix	COMPLETED	BALANCE	\N	1	\N	\N	2025-11-30 21:00:34.940178+07	\N	685	2	1
3546	PRB-20260407091813-875249	PROFIT_COMMISSION	139.43	Profit rebate L2 from +6282122425471 - Drone Arundala (U7S9DFF)	COMPLETED	BALANCE	\N	2	\N	\N	2026-04-07 16:18:13.606082+07	25	3544	192	178
3547	PRB-20260407091813-BE3F37	PROFIT_COMMISSION	46.48	Profit rebate L3 from +6282122425471 - Drone Arundala (U7S9DFF)	COMPLETED	BALANCE	\N	3	\N	\N	2026-04-07 16:18:13.609119+07	25	3544	192	169
3548	AUTO-20260407161813-1A244B	INTEREST	4671.71	Automatic profit from Drone Arundala (U7S9DFF) investment	COMPLETED	BALANCE	\N	\N	\N	\N	2026-04-07 16:18:13.628214+07	25	\N	\N	179
3549	PRB-20260407091813-DFAF7A	PROFIT_COMMISSION	233.59	Profit rebate L1 from +62895403400601 - Drone Arundala (U7S9DFF)	COMPLETED	BALANCE	\N	1	\N	\N	2026-04-07 16:18:13.630914+07	25	3548	179	178
3550	PRB-20260407091813-07D3F2	PROFIT_COMMISSION	140.15	Profit rebate L2 from +62895403400601 - Drone Arundala (U7S9DFF)	COMPLETED	BALANCE	\N	2	\N	\N	2026-04-07 16:18:13.634811+07	25	3548	179	169
688	PUR-20251130144716-0116F0	INVESTMENTS	2600000.00	Purchase Exx 08 (x1)	COMPLETED	BALANCE_DEPOSIT	1	\N	\N	\N	2025-11-30 21:47:16.211329+07	\N	\N	\N	2
689	REB-20251130144716-31227B	PURCHASE_COMMISSION	650000.00	Purchase rebate L1 from 89595959595 - Exx 08	COMPLETED	BALANCE	\N	1	\N	\N	2025-11-30 21:47:16.372426+07	\N	688	2	1
690	PUR-20251130144741-292F0C	INVESTMENTS	1500000.00	Purchase Exx 07 (x1)	COMPLETED	BALANCE_DEPOSIT	1	\N	\N	\N	2025-11-30 21:47:41.14354+07	\N	\N	\N	2
3551	AUTO-20260407161813-813EF7	INTEREST	16713.23	Automatic profit from Drone Amythis (U9SODWK) investment	COMPLETED	BALANCE	\N	\N	\N	\N	2026-04-07 16:18:13.649202+07	26	\N	\N	179
691	REB-20251130144741-A18A39	PURCHASE_COMMISSION	375000.00	Purchase rebate L1 from 89595959595 - Exx 07	COMPLETED	BALANCE	\N	1	\N	\N	2025-11-30 21:47:41.283549+07	\N	690	2	1
3552	AUTO-20260407161813-780AC7	INTEREST	6730.27	Automatic profit from Drone Meleza (K80SDML) investment	COMPLETED	BALANCE	\N	\N	\N	\N	2026-04-07 16:18:13.668387+07	80	\N	\N	178
3553	PRB-20260407091813-40DC80	PROFIT_COMMISSION	336.51	Profit rebate L1 from +62895403400600 - Drone Meleza (K80SDML)	COMPLETED	BALANCE	\N	1	\N	\N	2026-04-07 16:18:13.671358+07	80	3552	178	169
1305	WD-7608E7292A	WITHDRAW	50000.00	Withdrawal request	PENDING	BALANCE	\N	\N	\N	\N	2026-01-11 00:45:30.105472+07	\N	\N	\N	2
2258	DEP-20260307183815-769DE1	DEPOSIT	100000.00	Deposit via Jayapay (BALANCE_DEPOSIT)	FAILED	BALANCE_DEPOSIT	\N	\N	\N	\N	2026-03-07 18:38:15.52258+07	\N	\N	\N	150
1992	REB-20260219072155-40458A	PURCHASE_COMMISSION	4800.00	Purchase rebate L1 from +6289696969696 - Proyek Konservasi-Uji Coba Biota	COMPLETED	BALANCE	\N	1	\N	\N	2026-02-19 14:21:55.76684+07	\N	\N	\N	2
1993	REB-20260219072155-E1B3C7	PURCHASE_COMMISSION	1800.00	Purchase rebate L2 from +6289696969696 - Proyek Konservasi-Uji Coba Biota	COMPLETED	BALANCE	\N	2	\N	\N	2026-02-19 14:21:55.768406+07	\N	\N	\N	1
2810	RLT-20260401091644-202BAD	BONUS	10000.00	Roulette prize: 10000	COMPLETED	BALANCE	\N	\N	\N	\N	2026-04-01 16:16:44.328691+07	\N	\N	\N	2
3005	ATT-20260403034146-D13767	ATTENDANCE	100.00	Daily attendance claim	COMPLETED	BALANCE	\N	\N	\N	\N	2026-04-03 10:41:46.360089+07	\N	\N	\N	178
3143	VCH-20260404102335-9563CC	VOUCHER	10095.53	Voucher claim TEST	COMPLETED	BALANCE	\N	\N	16	TEST	2026-04-04 10:23:35.304777+07	\N	\N	\N	191
3216	RLT-20260404081045-99C9A6	BONUS	5000.00	Roulette prize: 5000	COMPLETED	BALANCE	\N	\N	\N	\N	2026-04-04 15:10:45.257115+07	\N	\N	\N	191
3554	AUTO-20260407161813-2DF162	INTEREST	11143.86	Automatic profit from Drone Czorto (MU7PL6A) investment	COMPLETED	BALANCE	\N	\N	\N	\N	2026-04-07 16:18:13.69833+07	73	\N	\N	178
1741	AUTO-20260210000128-5335AA	INTEREST	7520.00	Automatic profit from Cloud AI investment	COMPLETED	BALANCE	\N	\N	\N	\N	2026-02-10 00:01:28.632295+07	\N	\N	\N	2
3555	PRB-20260407091813-01A49B	PROFIT_COMMISSION	557.19	Profit rebate L1 from +62895403400600 - Drone Czorto (MU7PL6A)	COMPLETED	BALANCE	\N	1	\N	\N	2026-04-07 16:18:13.701494+07	73	3554	178	169
3556	AUTO-20260407161813-E14D94	INTEREST	4531.75	Automatic profit from Drone Arundala (U7S9DFF) investment	COMPLETED	BALANCE	\N	\N	\N	\N	2026-04-07 16:18:13.721423+07	25	\N	\N	178
3557	PRB-20260407091813-910F30	PROFIT_COMMISSION	226.59	Profit rebate L1 from +62895403400600 - Drone Arundala (U7S9DFF)	COMPLETED	BALANCE	\N	1	\N	\N	2026-04-07 16:18:13.724611+07	25	3556	178	169
1538	PUR-20260121090527-28871A	INVESTMENTS	188000.00	Purchase PowerVault S (x1)	COMPLETED	BALANCE_DEPOSIT	1	\N	\N	\N	2026-01-21 16:05:27.114422+07	\N	\N	\N	2
1539	REB-20260121090527-417698	PURCHASE_COMMISSION	18800.00	Purchase rebate L1 from +6289595959595 - PowerVault S	COMPLETED	BALANCE	\N	1	\N	\N	2026-01-21 16:05:27.131589+07	\N	1538	2	1
779	AUTO-20251201140229-0610AC	INTEREST	4680.00	Automatic profit from Exx 01 investment	COMPLETED	BALANCE	\N	\N	\N	\N	2025-12-01 21:02:29.877338+07	\N	\N	\N	2
1379	CLM-20260112033116-6AB024	INTEREST	1000.00	Profit claim from Produk Test 01 investment	COMPLETED	BALANCE	\N	\N	\N	\N	2026-01-12 10:31:16.231798+07	\N	\N	\N	2
1306	ATT-20260110195447-5C01C6	ATTENDANCE	1000.00	Daily attendance claim	COMPLETED	BALANCE	\N	\N	\N	\N	2026-01-11 02:54:47.565486+07	\N	\N	\N	2
1380	ATT-20260112045938-24A8C8	ATTENDANCE	300.00	Daily attendance claim	COMPLETED	BALANCE	\N	\N	\N	\N	2026-01-12 11:59:38.224677+07	\N	\N	\N	2
1996	REB-20260219072520-23EAEB	PURCHASE_COMMISSION	4800.00	Purchase rebate L1 from +6289696969696 - Proyek Konservasi-Uji Coba Biota	COMPLETED	BALANCE	\N	1	\N	\N	2026-02-19 14:25:20.377992+07	\N	\N	\N	2
2259	PUR-20260307114013-B14F90	INVESTMENTS	80000.00	Purchase Prioritas I (x1)	COMPLETED	BALANCE_DEPOSIT	1	\N	\N	\N	2026-03-07 18:40:13.38819+07	\N	\N	\N	150
1997	REB-20260219072520-4EACA9	PURCHASE_COMMISSION	1800.00	Purchase rebate L2 from +6289696969696 - Proyek Konservasi-Uji Coba Biota	COMPLETED	BALANCE	\N	2	\N	\N	2026-02-19 14:25:20.380893+07	\N	\N	\N	1
2260	REB-20260307114013-FAE570	PURCHASE_COMMISSION	26400.00	Purchase rebate L1 from +6281223456789 - Prioritas I	COMPLETED	BALANCE	\N	1	\N	\N	2026-03-07 18:40:13.412537+07	\N	2259	150	149
2261	REB-20260307114013-68034F	PURCHASE_COMMISSION	1600.00	Purchase rebate L2 from +6281223456789 - Prioritas I	COMPLETED	BALANCE	\N	2	\N	\N	2026-03-07 18:40:13.41844+07	\N	2259	150	148
2262	REB-20260307114013-052765	PURCHASE_COMMISSION	800.00	Purchase rebate L3 from +6281223456789 - Prioritas I	COMPLETED	BALANCE	\N	3	\N	\N	2026-03-07 18:40:13.423068+07	\N	2259	150	147
2811	RLT-20260401091802-7269BA	BONUS	10000.00	Roulette prize: 10000	COMPLETED	BALANCE	\N	\N	\N	\N	2026-04-01 16:18:02.367676+07	\N	\N	\N	2
3006	VCH-20260403104337-BE2EE4	VOUCHER	11011.96	Voucher claim TEST	COMPLETED	BALANCE	\N	\N	16	TEST	2026-04-03 10:43:37.430742+07	\N	\N	\N	178
3144	VCH-20260404102341-59F7E5	VOUCHER	1000.00	Voucher claim TEST123	COMPLETED	BALANCE	\N	\N	15	TEST123	2026-04-04 10:23:41.4397+07	\N	\N	\N	191
3217	AUTO-20260404152217-9FC225	INTEREST	16645.90	Automatic profit from Drone Amythis (U9SODWK) investment	COMPLETED	BALANCE	\N	\N	\N	\N	2026-04-04 15:22:17.38457+07	26	\N	\N	179
3558	AUTO-20260407172816-C85769	INTEREST	35125.87	Automatic profit from Drone Aqriac (U1IS3MD) investment	COMPLETED	BALANCE	\N	\N	\N	\N	2026-04-07 17:28:16.55695+07	27	\N	\N	2
3561	AUTO-20260409200128-91CED6	INTEREST	177153.20	Automatic profit from Drone Avurpa (U3MLZTY) investment	COMPLETED	BALANCE	\N	\N	\N	\N	2026-04-09 20:01:28.525184+07	29	3240	\N	191
3562	AUTO-20260409200128-786586	INTEREST	300504.79	Automatic profit from Drone Aterio (U5MLSKI) investment	COMPLETED	BALANCE	\N	\N	\N	\N	2026-04-09 20:01:28.601527+07	71	3239	\N	191
3563	AUTO-20260409200128-105A0D	INTEREST	4544.24	Automatic profit from Drone Arundala (U7S9DFF) investment	COMPLETED	BALANCE	\N	\N	\N	\N	2026-04-09 20:01:28.631357+07	25	3236	\N	203
3564	PRB-20260409130128-567DF4	PROFIT_COMMISSION	227.21	Profit rebate L1 from +6282122425451 - Drone Arundala (U7S9DFF)	COMPLETED	BALANCE	\N	1	\N	\N	2026-04-09 20:01:28.636363+07	25	3563	203	191
3565	PRB-20260409130128-CB34FD	PROFIT_COMMISSION	136.33	Profit rebate L2 from +6282122425451 - Drone Arundala (U7S9DFF)	COMPLETED	BALANCE	\N	2	\N	\N	2026-04-09 20:01:28.643187+07	25	3563	203	178
3566	PRB-20260409130128-80D859	PROFIT_COMMISSION	45.44	Profit rebate L3 from +6282122425451 - Drone Arundala (U7S9DFF)	COMPLETED	BALANCE	\N	3	\N	\N	2026-04-09 20:01:28.646835+07	25	3563	203	169
3567	AUTO-20260409200128-E747D0	INTEREST	4595.18	Automatic profit from Drone Arundala (U7S9DFF) investment	COMPLETED	BALANCE	\N	\N	\N	\N	2026-04-09 20:01:28.672777+07	25	3229	\N	177
1747	AUTO-20260210194529-7A7023	INTEREST	8800.00	Automatic profit from Cloud AI investment	COMPLETED	BALANCE	\N	\N	\N	\N	2026-02-10 19:45:29.423108+07	\N	\N	\N	2
3568	PRB-20260409130128-338829	PROFIT_COMMISSION	229.76	Profit rebate L1 from +6281808368215 - Drone Arundala (U7S9DFF)	COMPLETED	BALANCE	\N	1	\N	\N	2026-04-09 20:01:28.677525+07	25	3567	177	169
2263	ATT-20260307114116-FAA816	ATTENDANCE	1000.00	Daily attendance claim	COMPLETED	BALANCE	\N	\N	\N	\N	2026-03-07 18:41:16.131004+07	\N	\N	\N	150
2812	RLT-20260401091819-6D2EE2	BONUS	10000.00	Roulette prize: 10000	COMPLETED	BALANCE	\N	\N	\N	\N	2026-04-01 16:18:19.612976+07	\N	\N	\N	2
3007	PUR-20260403035018-C5BA17	INVESTMENTS	130000.00	Purchase Drone Arundala (U7S9DFF) (x1)	COMPLETED	BALANCE_DEPOSIT	1	\N	\N	\N	2026-04-03 10:50:18.89176+07	25	\N	\N	178
3008	REB-20260403035018-B0971A	PURCHASE_COMMISSION	13000.00	Purchase rebate L1 from +62895403400600 - Drone Arundala (U7S9DFF)	COMPLETED	BALANCE	\N	1	\N	\N	2026-04-03 10:50:18.899321+07	25	3007	178	169
3145	PUR-20260404032421-3B5847	INVESTMENTS	130000.00	Purchase Drone Arundala (U7S9DFF) (x1)	COMPLETED	BALANCE_DEPOSIT	1	\N	\N	\N	2026-04-04 10:24:21.724096+07	25	\N	\N	191
3146	REB-20260404032421-6C3175	PURCHASE_COMMISSION	13000.00	Purchase rebate L1 from +6282122425470 - Drone Arundala (U7S9DFF)	COMPLETED	BALANCE	\N	1	\N	\N	2026-04-04 10:24:21.740978+07	25	3145	191	178
3218	AUTO-20260404152717-00B358	INTEREST	4585.91	Automatic profit from Drone Arundala (U7S9DFF) investment	COMPLETED	BALANCE	\N	\N	\N	\N	2026-04-04 15:27:17.588043+07	25	\N	\N	179
3219	PRB-20260404082717-6CD58A	PROFIT_COMMISSION	229.30	Profit rebate L1 from +62895403400601 - Drone Arundala (U7S9DFF)	COMPLETED	BALANCE	\N	1	\N	\N	2026-04-04 15:27:17.591571+07	25	3218	179	178
3220	PRB-20260404082717-FFD9C0	PROFIT_COMMISSION	137.58	Profit rebate L2 from +62895403400601 - Drone Arundala (U7S9DFF)	COMPLETED	BALANCE	\N	2	\N	\N	2026-04-04 15:27:17.5946+07	25	3218	179	169
3559	AUTO-20260407180318-7CF424	INTEREST	4471.56	Automatic profit from Drone Arundala (U7S9DFF) investment	COMPLETED	BALANCE	\N	\N	\N	\N	2026-04-07 18:03:18.045179+07	25	\N	\N	177
3560	PRB-20260407110318-C6C6AA	PROFIT_COMMISSION	223.58	Profit rebate L1 from +6281808368215 - Drone Arundala (U7S9DFF)	COMPLETED	BALANCE	\N	1	\N	\N	2026-04-07 18:03:18.062007+07	25	3559	177	169
1753	AUTO-20260211000039-D69FD2	INTEREST	7520.00	Automatic profit from Cloud AI investment	COMPLETED	BALANCE	\N	\N	\N	\N	2026-02-11 00:00:39.854459+07	\N	\N	\N	2
1540	DEP-20260121160739-3DD937	DEPOSIT	150000.00	Deposit via Jayapay (BALANCE_DEPOSIT)	FAILED	BALANCE_DEPOSIT	\N	\N	\N	\N	2026-01-21 16:07:39.324632+07	\N	\N	\N	2
780	AUTO-20251201144840-3188E8	INTEREST	300000.00	Automatic profit from Exx 07 investment	COMPLETED	BALANCE	\N	\N	\N	\N	2025-12-01 21:48:40.867263+07	\N	\N	\N	2
781	AUTO-20251201144841-E5744B	INTEREST	520000.00	Automatic profit from Exx 08 investment	COMPLETED	BALANCE	\N	\N	\N	\N	2025-12-01 21:48:41.13906+07	\N	\N	\N	2
1307	PUR-20260111040143-D1DD0B	INVESTMENTS	20000.00	Purchase Produk Test 02 (x1)	COMPLETED	BALANCE_DEPOSIT	1	\N	\N	\N	2026-01-11 11:01:43.276491+07	\N	\N	\N	2
1308	REB-20260111040143-A8A571	PURCHASE_COMMISSION	2000.00	Purchase rebate L1 from 89595959595 - Produk Test 02	COMPLETED	BALANCE	\N	1	\N	\N	2026-01-11 11:01:43.291611+07	\N	1307	2	1
2264	ADM-BALANCE_DEPOSIT-151-1772883982	CREDIT	100000.00	Admin increased balance_deposit by 100000	COMPLETED	BALANCE_DEPOSIT	\N	\N	\N	\N	2026-03-07 18:46:22.580819+07	\N	\N	\N	151
2813	RLT-20260401091832-F53A5B	BONUS	10000.00	Roulette prize: 10000	COMPLETED	BALANCE	\N	\N	\N	\N	2026-04-01 16:18:32.849147+07	\N	\N	\N	2
3009	MSN-20260403040622-178-69	MISSIONS	12000.00	Mission reward: Pesan 1 drone untuk mendapatkan (x1)	COMPLETED	BALANCE	\N	\N	\N	\N	2026-04-03 11:06:22.09469+07	\N	\N	\N	178
3147	AUTO-20260404102647-93F84B	INTEREST	4633.79	Automatic profit from Drone Arundala (U7S9DFF) investment	COMPLETED	BALANCE	\N	\N	\N	\N	2026-04-04 10:26:47.200454+07	25	\N	\N	176
3148	PRB-20260404032647-1B01DE	PROFIT_COMMISSION	231.69	Profit rebate L1 from +6281808368214 - Drone Arundala (U7S9DFF)	COMPLETED	BALANCE	\N	1	\N	\N	2026-04-04 10:26:47.203518+07	25	3147	176	174
3149	PRB-20260404032647-50E923	PROFIT_COMMISSION	139.01	Profit rebate L2 from +6281808368214 - Drone Arundala (U7S9DFF)	COMPLETED	BALANCE	\N	2	\N	\N	2026-04-04 10:26:47.206584+07	25	3147	176	172
3150	PRB-20260404032647-05E67A	PROFIT_COMMISSION	46.34	Profit rebate L3 from +6281808368214 - Drone Arundala (U7S9DFF)	COMPLETED	BALANCE	\N	3	\N	\N	2026-04-04 10:26:47.209657+07	25	3147	176	169
3151	AUTO-20260404102647-F88A37	INTEREST	16546.55	Automatic profit from Drone Amythis (U9SODWK) investment	COMPLETED	BALANCE	\N	\N	\N	\N	2026-04-04 10:26:47.228129+07	26	\N	\N	176
3152	PRB-20260404032647-8F0D30	PROFIT_COMMISSION	827.33	Profit rebate L1 from +6281808368214 - Drone Amythis (U9SODWK)	COMPLETED	BALANCE	\N	1	\N	\N	2026-04-04 10:26:47.22966+07	26	3151	176	174
3221	AUTO-20260404172117-F440A6	INTEREST	34540.02	Automatic profit from Drone Aqriac (U1IS3MD) investment	COMPLETED	BALANCE	\N	\N	\N	\N	2026-04-04 17:21:17.795259+07	27	\N	\N	2
1541	DEP-20260121160741-A754DA	DEPOSIT	150000.00	Deposit via Jayapay (BALANCE_DEPOSIT)	FAILED	BALANCE_DEPOSIT	\N	\N	\N	\N	2026-01-21 16:07:41.04445+07	\N	\N	\N	2
1309	PUR-20260111040144-F9CB5C	INVESTMENTS	20000.00	Purchase Produk Test 02 (x1)	COMPLETED	BALANCE_DEPOSIT	1	\N	\N	\N	2026-01-11 11:01:44.069058+07	\N	\N	\N	2
1310	REB-20260111040144-5D7A9C	PURCHASE_COMMISSION	2000.00	Purchase rebate L1 from 89595959595 - Produk Test 02	COMPLETED	BALANCE	\N	1	\N	\N	2026-01-11 11:01:44.077617+07	\N	1309	2	1
2265	PUR-20260307114637-5FF8EB	INVESTMENTS	58000.00	Purchase Aset Standar I (x1)	COMPLETED	BALANCE_DEPOSIT	1	\N	\N	\N	2026-03-07 18:46:37.147688+07	25	\N	\N	151
2266	REB-20260307114637-4EAEA5	PURCHASE_COMMISSION	19140.00	Purchase rebate L1 from +6281233456789 - Aset Standar I	COMPLETED	BALANCE	\N	1	\N	\N	2026-03-07 18:46:37.161882+07	25	2265	151	150
2267	REB-20260307114637-6978FD	PURCHASE_COMMISSION	1160.00	Purchase rebate L2 from +6281233456789 - Aset Standar I	COMPLETED	BALANCE	\N	2	\N	\N	2026-03-07 18:46:37.166552+07	25	2265	151	149
2268	REB-20260307114637-FF9F36	PURCHASE_COMMISSION	580.00	Purchase rebate L3 from +6281233456789 - Aset Standar I	COMPLETED	BALANCE	\N	3	\N	\N	2026-03-07 18:46:37.172241+07	25	2265	151	148
2814	RLT-20260401091840-273896	BONUS	10000.00	Roulette prize: 10000	COMPLETED	BALANCE	\N	\N	\N	\N	2026-04-01 16:18:40.903518+07	\N	\N	\N	2
3010	MSN-20260403040750-173-69	MISSIONS	12000.00	Mission reward: Pesan 1 drone untuk mendapatkan (x1)	COMPLETED	BALANCE	\N	\N	\N	\N	2026-04-03 11:07:50.946769+07	\N	\N	\N	173
2002	REB-20260219074838-98B6C8	PURCHASE_COMMISSION	1800.00	Purchase rebate L2 from +6289797979797 - Proyek Konservasi-Uji Coba Biota	COMPLETED	BALANCE	\N	2	\N	\N	2026-02-19 14:48:38.776021+07	\N	\N	\N	2
3153	MSN-20260404032715-191-69	MISSIONS	12000.00	Mission reward: Pesan 1 drone untuk mendapatkan (x1)	COMPLETED	BALANCE	\N	\N	\N	\N	2026-04-04 10:27:15.220154+07	\N	\N	\N	191
3222	DEP-20260404173759-0DEBD7	DEPOSIT	50000.00	Deposit via Jayapay (BALANCE_DEPOSIT)	FAILED	BALANCE_DEPOSIT	\N	\N	\N	\N	2026-04-04 17:37:59.995244+07	\N	\N	\N	191
443	AUTO-20251127135214-1DAD5A	INTEREST	4680.00	Automatic profit from Sistem Celenix investment	COMPLETED	BALANCE	\N	\N	\N	\N	2025-11-27 20:52:14.200775+07	\N	\N	\N	2
444	PRB-20251127135214-ACE409	PROFIT_COMMISSION	327.60	Profit rebate L1 from 89595959595 - Sistem Celenix	COMPLETED	BALANCE	\N	1	\N	\N	2025-11-27 20:52:14.269338+07	\N	443	2	1
2269	ADM-BALANCE_DEPOSIT-152-1772884132	CREDIT	100000.00	Admin increased balance_deposit by 100000	COMPLETED	BALANCE_DEPOSIT	\N	\N	\N	\N	2026-03-07 18:48:52.218105+07	\N	\N	\N	152
2815	RLT-20260401091847-114521	BONUS	10000.00	Roulette prize: 10000	COMPLETED	BALANCE	\N	\N	\N	\N	2026-04-01 16:18:47.324546+07	\N	\N	\N	2
3011	PUR-20260403040807-93AE81	INVESTMENTS	280000.00	Purchase Drone Czorto (MU7PL6A) (x1)	COMPLETED	BALANCE_DEPOSIT	1	\N	\N	\N	2026-04-03 11:08:07.826288+07	73	\N	\N	178
3012	REB-20260403040807-120407	PURCHASE_COMMISSION	28000.00	Purchase rebate L1 from +62895403400600 - Drone Czorto (MU7PL6A)	COMPLETED	BALANCE	\N	1	\N	\N	2026-04-03 11:08:07.835517+07	73	3011	178	169
3154	DEP-20260404103102-5C3377	DEPOSIT	150000.00	Deposit via Jayapay (BALANCE_DEPOSIT)	FAILED	BALANCE_DEPOSIT	\N	\N	\N	\N	2026-04-04 10:31:02.353999+07	\N	\N	\N	191
3223	DEP-20260404173810-E6983A	DEPOSIT	55000.00	Deposit via Jayapay (BALANCE_DEPOSIT)	FAILED	BALANCE_DEPOSIT	\N	\N	\N	\N	2026-04-04 17:38:10.107968+07	\N	\N	\N	191
846	AUTO-20251202140407-887C77	INTEREST	4680.00	Automatic profit from Exx 01 investment	COMPLETED	BALANCE	\N	\N	\N	\N	2025-12-02 21:04:07.547886+07	\N	\N	\N	2
550	AUTO-20251128135616-7BCBC2	INTEREST	4680.00	Automatic profit from Sistem Celenix investment	COMPLETED	BALANCE	\N	\N	\N	\N	2025-11-28 20:56:16.321945+07	\N	\N	\N	2
551	PRB-20251128135616-1CF0ED	PROFIT_COMMISSION	327.60	Profit rebate L1 from 89595959595 - Sistem Celenix	COMPLETED	BALANCE	\N	1	\N	\N	2025-11-28 20:56:16.404148+07	\N	550	2	1
847	AUTO-20251202144931-536C9D	INTEREST	300000.00	Automatic profit from Exx 07 investment	COMPLETED	BALANCE	\N	\N	\N	\N	2025-12-02 21:49:31.365936+07	\N	\N	\N	2
848	AUTO-20251202144931-ED7EAB	INTEREST	520000.00	Automatic profit from Exx 08 investment	COMPLETED	BALANCE	\N	\N	\N	\N	2025-12-02 21:49:31.655447+07	\N	\N	\N	2
2270	PUR-20260307114903-93D588	INVESTMENTS	58000.00	Purchase Aset Standar I (x1)	COMPLETED	BALANCE_DEPOSIT	1	\N	\N	\N	2026-03-07 18:49:03.609872+07	25	\N	\N	152
2271	REB-20260307114903-ECA7D9	PURCHASE_COMMISSION	19140.00	Purchase rebate L1 from +6281234456789 - Aset Standar I	COMPLETED	BALANCE	\N	1	\N	\N	2026-03-07 18:49:03.620797+07	25	2270	152	151
2272	REB-20260307114903-EB9586	PURCHASE_COMMISSION	1160.00	Purchase rebate L2 from +6281234456789 - Aset Standar I	COMPLETED	BALANCE	\N	2	\N	\N	2026-03-07 18:49:03.626494+07	25	2270	152	150
2273	REB-20260307114903-63D422	PURCHASE_COMMISSION	580.00	Purchase rebate L3 from +6281234456789 - Aset Standar I	COMPLETED	BALANCE	\N	3	\N	\N	2026-03-07 18:49:03.629634+07	25	2270	152	149
2816	RLT-20260401110339-CF1D0B	BONUS	200000.00	Roulette prize: Rp 200.000	COMPLETED	BALANCE	\N	\N	\N	\N	2026-04-01 18:03:39.795797+07	\N	\N	\N	2
3013	PUR-20260403040922-97B663	INVESTMENTS	150000.00	Purchase Drone Meleza (K80SDML) (x1)	COMPLETED	BALANCE_DEPOSIT	1	\N	\N	\N	2026-04-03 11:09:22.925615+07	80	\N	\N	178
2006	REB-20260219074950-F4254D	PURCHASE_COMMISSION	1800.00	Purchase rebate L2 from +6289797979797 - Proyek Konservasi-Uji Coba Biota	COMPLETED	BALANCE	\N	2	\N	\N	2026-02-19 14:49:50.583671+07	\N	\N	\N	2
3014	REB-20260403040922-E3E318	PURCHASE_COMMISSION	15000.00	Purchase rebate L1 from +62895403400600 - Drone Meleza (K80SDML)	COMPLETED	BALANCE	\N	1	\N	\N	2026-04-03 11:09:22.933328+07	80	3013	178	169
3155	DEP-20260404103108-0AE169	DEPOSIT	280000.00	Deposit via Jayapay (BALANCE_DEPOSIT)	FAILED	BALANCE_DEPOSIT	\N	\N	\N	\N	2026-04-04 10:31:08.347163+07	\N	\N	\N	191
3224	RLT-20260404104502-FEBA73	BONUS	3000.00	Roulette prize: 3000	COMPLETED	BALANCE	\N	\N	\N	\N	2026-04-04 17:45:02.226128+07	\N	\N	\N	178
658	AUTO-20251129135736-66A6A9	INTEREST	4680.00	Automatic profit from Sistem Celenix investment	COMPLETED	BALANCE	\N	\N	\N	\N	2025-11-29 20:57:36.434613+07	\N	\N	\N	2
659	PRB-20251129135736-04E7FC	PROFIT_COMMISSION	327.60	Profit rebate L1 from 89595959595 - Sistem Celenix	COMPLETED	BALANCE	\N	1	\N	\N	2025-11-29 20:57:36.498116+07	\N	658	2	1
873	AUTO-20251204152252-DC7AF6	INTEREST	300000.00	Automatic profit from Exx 07 investment	COMPLETED	BALANCE	\N	\N	\N	\N	2025-12-04 22:22:52.328093+07	\N	\N	\N	2
874	AUTO-20251204152252-1D8EDB	INTEREST	520000.00	Automatic profit from Exx 08 investment	COMPLETED	BALANCE	\N	\N	\N	\N	2025-12-04 22:22:52.56384+07	\N	\N	\N	2
880	AUTO-20251204152254-415408	INTEREST	4680.00	Automatic profit from Exx 01 investment	COMPLETED	BALANCE	\N	\N	\N	\N	2025-12-04 22:22:54.370945+07	\N	\N	\N	2
2274	ADM-BALANCE_DEPOSIT-153-1772884248	CREDIT	100000.00	Admin increased balance_deposit by 100000	COMPLETED	BALANCE_DEPOSIT	\N	\N	\N	\N	2026-03-07 18:50:48.821175+07	\N	\N	\N	153
2817	RLT-20260401111702-445EDC	BONUS	10000.00	Roulette prize: 10000	COMPLETED	BALANCE	\N	\N	\N	\N	2026-04-01 18:17:02.488316+07	\N	\N	\N	2
3015	MSN-20260403041330-178-70	MISSIONS	75000.00	Mission reward: Pesan 3 drone untuk mendapatkan (x1)	COMPLETED	BALANCE	\N	\N	\N	\N	2026-04-03 11:13:30.318055+07	\N	\N	\N	178
3156	DEP-20260404104112-629628	DEPOSIT	120000.00	Deposit via Jayapay (BALANCE_DEPOSIT)	FAILED	BALANCE_DEPOSIT	\N	\N	\N	\N	2026-04-04 10:41:12.442351+07	\N	\N	\N	191
3225	RLT-20260404104508-A4F18F	BONUS	5000.00	Roulette prize: 5000	COMPLETED	BALANCE	\N	\N	\N	\N	2026-04-04 17:45:08.744768+07	\N	\N	\N	178
898	AUTO-20251205152538-733111	INTEREST	300000.00	Automatic profit from Exx 07 investment	COMPLETED	BALANCE	\N	\N	\N	\N	2025-12-05 22:25:38.760305+07	\N	\N	\N	2
899	AUTO-20251205152539-198986	INTEREST	520000.00	Automatic profit from Exx 08 investment	COMPLETED	BALANCE	\N	\N	\N	\N	2025-12-05 22:25:39.045419+07	\N	\N	\N	2
905	AUTO-20251205152541-19C653	INTEREST	4680.00	Automatic profit from Exx 01 investment	COMPLETED	BALANCE	\N	\N	\N	\N	2025-12-05 22:25:41.026069+07	\N	\N	\N	2
923	AUTO-20251206152758-425B77	INTEREST	300000.00	Automatic profit from Exx 07 investment	COMPLETED	BALANCE	\N	\N	\N	\N	2025-12-06 22:27:58.559856+07	\N	\N	\N	2
924	AUTO-20251206152758-6EBB8E	INTEREST	520000.00	Automatic profit from Exx 08 investment	COMPLETED	BALANCE	\N	\N	\N	\N	2025-12-06 22:27:58.786335+07	\N	\N	\N	2
930	AUTO-20251206152800-DB6A67	INTEREST	4680.00	Automatic profit from Exx 01 investment	COMPLETED	BALANCE	\N	\N	\N	\N	2025-12-06 22:28:00.541091+07	\N	\N	\N	2
938	PUR-20251207093138-92C2A3	INVESTMENTS	470000.00	Purchase Exx 05 (x1)	COMPLETED	BALANCE_DEPOSIT	1	\N	\N	\N	2025-12-07 16:31:38.909389+07	\N	\N	\N	2
939	REB-20251207093139-C59786	PURCHASE_COMMISSION	117500.00	Purchase rebate L1 from 89595959595 - Exx 05	COMPLETED	BALANCE	\N	1	\N	\N	2025-12-07 16:31:39.105418+07	\N	938	2	1
940	PUR-20251207093144-46A69C	INVESTMENTS	700000.00	Purchase Exx 06 (x1)	COMPLETED	BALANCE_DEPOSIT	1	\N	\N	\N	2025-12-07 16:31:44.9628+07	\N	\N	\N	2
941	REB-20251207093145-43849F	PURCHASE_COMMISSION	175000.00	Purchase rebate L1 from 89595959595 - Exx 06	COMPLETED	BALANCE	\N	1	\N	\N	2025-12-07 16:31:45.101494+07	\N	940	2	1
942	PUR-20251207094041-66A22A	INVESTMENTS	300000.00	Purchase Exx 04 (x1)	COMPLETED	BALANCE_DEPOSIT	1	\N	\N	\N	2025-12-07 16:40:41.953445+07	\N	\N	\N	2
943	REB-20251207094042-77690E	PURCHASE_COMMISSION	75000.00	Purchase rebate L1 from 89595959595 - Exx 04	COMPLETED	BALANCE	\N	1	\N	\N	2025-12-07 16:40:42.100805+07	\N	942	2	1
2275	PUR-20260307115119-424D20	INVESTMENTS	58000.00	Purchase Aset Standar I (x1)	COMPLETED	BALANCE_DEPOSIT	1	\N	\N	\N	2026-03-07 18:51:19.104823+07	25	\N	\N	153
2276	REB-20260307115119-C7C354	PURCHASE_COMMISSION	19140.00	Purchase rebate L1 from +62811123456789 - Aset Standar I	COMPLETED	BALANCE	\N	1	\N	\N	2026-03-07 18:51:19.117388+07	25	2275	153	149
2277	REB-20260307115119-876254	PURCHASE_COMMISSION	1160.00	Purchase rebate L2 from +62811123456789 - Aset Standar I	COMPLETED	BALANCE	\N	2	\N	\N	2026-03-07 18:51:19.122012+07	25	2275	153	148
2278	REB-20260307115119-695E75	PURCHASE_COMMISSION	580.00	Purchase rebate L3 from +62811123456789 - Aset Standar I	COMPLETED	BALANCE	\N	3	\N	\N	2026-03-07 18:51:19.125118+07	25	2275	153	147
2818	RLT-20260401111714-420330	BONUS	10000.00	Roulette prize: 10000	COMPLETED	BALANCE	\N	\N	\N	\N	2026-04-01 18:17:14.070636+07	\N	\N	\N	2
3016	ATT-20260403055320-5CB481	ATTENDANCE	100.00	Daily attendance claim	COMPLETED	BALANCE	\N	\N	\N	\N	2026-04-03 12:53:20.889679+07	\N	\N	\N	179
2010	REB-20260219082953-224C82	PURCHASE_COMMISSION	17500.00	Purchase rebate L2 from +62812345678902 - Proyek Konservasi-Kerang Laut	COMPLETED	BALANCE	\N	2	\N	\N	2026-02-19 15:29:53.731292+07	\N	\N	\N	2
3157	PUR-20260404034231-3061AB	INVESTMENTS	280000.00	Purchase Drone Czorto (MU7PL6A) (x1)	COMPLETED	BALANCE_DEPOSIT	1	\N	\N	\N	2026-04-04 10:42:31.427588+07	73	\N	\N	191
3158	REB-20260404034231-5A45B6	PURCHASE_COMMISSION	28000.00	Purchase rebate L1 from +6282122425470 - Drone Czorto (MU7PL6A)	COMPLETED	BALANCE	\N	1	\N	\N	2026-04-04 10:42:31.43515+07	73	3157	191	178
3159	REB-20260404034231-B94F7E	PURCHASE_COMMISSION	8400.00	Purchase rebate L2 from +6282122425470 - Drone Czorto (MU7PL6A)	COMPLETED	BALANCE	\N	2	\N	\N	2026-04-04 10:42:31.438191+07	73	3157	191	169
3226	RLT-20260404104517-60E7E5	BONUS	5000.00	Roulette prize: 5000	COMPLETED	BALANCE	\N	\N	\N	\N	2026-04-04 17:45:17.431244+07	\N	\N	\N	178
978	AUTO-20251207223111-46B655	INTEREST	300000.00	Automatic profit from Exx 07 investment	COMPLETED	BALANCE	\N	\N	\N	\N	2025-12-07 22:31:11.59091+07	\N	\N	\N	2
979	AUTO-20251207223111-64245C	INTEREST	520000.00	Automatic profit from Exx 08 investment	COMPLETED	BALANCE	\N	\N	\N	\N	2025-12-07 22:31:11.819737+07	\N	\N	\N	2
985	AUTO-20251207223116-DEDA26	INTEREST	4680.00	Automatic profit from Exx 01 investment	COMPLETED	BALANCE	\N	\N	\N	\N	2025-12-07 22:31:16.591122+07	\N	\N	\N	2
986	PUR-20251207171137-1CE803	INVESTMENTS	100000.00	Purchase Exx 02 (x1)	COMPLETED	BALANCE_DEPOSIT	1	\N	\N	\N	2025-12-08 00:11:38.000137+07	\N	\N	\N	2
987	REB-20251207171138-437ADA	PURCHASE_COMMISSION	25000.00	Purchase rebate L1 from 89595959595 - Exx 02	COMPLETED	BALANCE	\N	1	\N	\N	2025-12-08 00:11:38.217273+07	\N	986	2	1
1003	AUTO-20251208163419-9113BE	INTEREST	140000.00	Automatic profit from RBB B300 investment	COMPLETED	BALANCE	\N	\N	\N	\N	2025-12-08 16:34:19.005824+07	\N	\N	\N	2
1004	AUTO-20251208163419-E24E22	INTEREST	94000.00	Automatic profit from RBR A300 investment	COMPLETED	BALANCE	\N	\N	\N	\N	2025-12-08 16:34:19.360715+07	\N	\N	\N	2
1005	AUTO-20251208164421-284B0C	INTEREST	60000.00	Automatic profit from RBB B200 investment	COMPLETED	BALANCE	\N	\N	\N	\N	2025-12-08 16:44:21.072112+07	\N	\N	\N	2
2279	ADM-BALANCE_DEPOSIT-154-1772884336	CREDIT	100000.00	Admin increased balance_deposit by 100000	COMPLETED	BALANCE_DEPOSIT	\N	\N	\N	\N	2026-03-07 18:52:16.389103+07	\N	\N	\N	154
2819	RLT-20260401111721-EC287A	BONUS	10000.00	Roulette prize: 10000	COMPLETED	BALANCE	\N	\N	\N	\N	2026-04-01 18:17:21.884735+07	\N	\N	\N	2
3017	DEP-20260403134250-5C4FD2	DEPOSIT	1000000.00	Deposit via Jayapay (BALANCE_DEPOSIT)	FAILED	BALANCE_DEPOSIT	\N	\N	\N	\N	2026-04-03 13:42:50.292282+07	\N	\N	\N	2
3160	PUR-20260404034252-2BDF3F	INVESTMENTS	150000.00	Purchase Drone Meleza (K80SDML) (x1)	COMPLETED	BALANCE_DEPOSIT	1	\N	\N	\N	2026-04-04 10:42:52.782529+07	80	\N	\N	191
3161	REB-20260404034252-1789B9	PURCHASE_COMMISSION	15000.00	Purchase rebate L1 from +6282122425470 - Drone Meleza (K80SDML)	COMPLETED	BALANCE	\N	1	\N	\N	2026-04-04 10:42:52.796396+07	80	3160	191	178
3162	REB-20260404034252-9447E7	PURCHASE_COMMISSION	4500.00	Purchase rebate L2 from +6282122425470 - Drone Meleza (K80SDML)	COMPLETED	BALANCE	\N	2	\N	\N	2026-04-04 10:42:52.797927+07	80	3160	191	169
3227	VCH-20260404175350-B66F8A	VOUCHER	10000.00	Voucher claim TEST111	COMPLETED	BALANCE	\N	\N	17	TEST111	2026-04-04 17:53:50.634833+07	\N	\N	\N	169
1042	AUTO-20251208223259-2E0134	INTEREST	300000.00	Automatic profit from RBR A400 investment	COMPLETED	BALANCE	\N	\N	\N	\N	2025-12-08 22:32:59.376411+07	\N	\N	\N	2
1043	AUTO-20251208223259-1DE417	INTEREST	520000.00	Automatic profit from RBB B400 investment	COMPLETED	BALANCE	\N	\N	\N	\N	2025-12-08 22:32:59.711788+07	\N	\N	\N	2
1057	AUTO-20251223114547-1166DE	INTEREST	20000.00	Automatic profit from RBB B100 investment	COMPLETED	BALANCE	\N	\N	\N	\N	2025-12-23 11:45:47.453278+07	\N	\N	\N	2
1061	AUTO-20251223114547-8F51BC	INTEREST	60000.00	Automatic profit from RBB B200 investment	COMPLETED	BALANCE	\N	\N	\N	\N	2025-12-23 11:45:47.492746+07	\N	\N	\N	2
1062	AUTO-20251223114547-1F950E	INTEREST	140000.00	Automatic profit from RBB B300 investment	COMPLETED	BALANCE	\N	\N	\N	\N	2025-12-23 11:45:47.50163+07	\N	\N	\N	2
1063	AUTO-20251223114547-FFA5EA	INTEREST	94000.00	Automatic profit from RBR A300 investment	COMPLETED	BALANCE	\N	\N	\N	\N	2025-12-23 11:45:47.512133+07	\N	\N	\N	2
2280	PUR-20260307115226-5F628A	INVESTMENTS	58000.00	Purchase Aset Standar I (x1)	COMPLETED	BALANCE_DEPOSIT	1	\N	\N	\N	2026-03-07 18:52:26.288507+07	25	\N	\N	154
2281	REB-20260307115226-F01B95	PURCHASE_COMMISSION	19140.00	Purchase rebate L1 from +62811113456789 - Aset Standar I	COMPLETED	BALANCE	\N	1	\N	\N	2026-03-07 18:52:26.300404+07	25	2280	154	149
2282	REB-20260307115226-08D4AF	PURCHASE_COMMISSION	1160.00	Purchase rebate L2 from +62811113456789 - Aset Standar I	COMPLETED	BALANCE	\N	2	\N	\N	2026-03-07 18:52:26.305476+07	25	2280	154	148
2283	REB-20260307115226-25972C	PURCHASE_COMMISSION	580.00	Purchase rebate L3 from +62811113456789 - Aset Standar I	COMPLETED	BALANCE	\N	3	\N	\N	2026-03-07 18:52:26.31036+07	25	2280	154	147
2820	RLT-20260401112339-80EB0E	BONUS	10000.00	Roulette prize: 10000	COMPLETED	BALANCE	\N	\N	\N	\N	2026-04-01 18:23:39.636636+07	\N	\N	\N	2
3018	DEP-20260403145421-EACE65	DEPOSIT	100000.00	Deposit via Jayapay (BALANCE_DEPOSIT)	FAILED	BALANCE_DEPOSIT	\N	\N	\N	\N	2026-04-03 14:54:21.488104+07	\N	\N	\N	178
3163	MSN-20260404034337-191-70	MISSIONS	75000.00	Mission reward: Pesan 3 drone untuk mendapatkan (x1)	COMPLETED	BALANCE	\N	\N	\N	\N	2026-04-04 10:43:37.55198+07	\N	\N	\N	191
3228	ADM-BALANCE_DEPOSIT-177-1775300120	CREDIT	130000.00	Admin increased balance_deposit by 130000	COMPLETED	BALANCE_DEPOSIT	\N	\N	\N	\N	2026-04-04 17:55:20.339106+07	\N	\N	\N	177
1081	AUTO-20251223114547-48233C	INTEREST	300000.00	Automatic profit from RBR A400 investment	COMPLETED	BALANCE	\N	\N	\N	\N	2025-12-23 11:45:47.752367+07	\N	\N	\N	2
1082	AUTO-20251223114547-914E26	INTEREST	520000.00	Automatic profit from RBB B400 investment	COMPLETED	BALANCE	\N	\N	\N	\N	2025-12-23 11:45:47.762378+07	\N	\N	\N	2
1088	AUTO-20251223114547-5C0119	INTEREST	4680.00	Automatic profit from RBR A100 investment	COMPLETED	BALANCE	\N	\N	\N	\N	2025-12-23 11:45:47.818759+07	\N	\N	\N	2
1089	PUR-20251223212947-DE2CD3	INVESTMENTS	7500000.00	Purchase RBB B500 (x1)	COMPLETED	BALANCE_DEPOSIT	1	\N	\N	\N	2025-12-24 04:29:47.512402+07	\N	\N	\N	2
1090	REB-20251223212947-2507ED	PURCHASE_COMMISSION	1800000.00	Purchase rebate L1 from 89595959595 - RBB B500	COMPLETED	BALANCE	\N	1	\N	\N	2025-12-24 04:29:47.551533+07	\N	1089	2	1
1092	PUR-20251224012824-394008	INVESTMENTS	7500000.00	Purchase RBB B500 (x1)	COMPLETED	BALANCE_DEPOSIT	1	\N	\N	\N	2025-12-24 08:28:24.667693+07	\N	\N	\N	2
1093	REB-20251224012824-3C2BBA	PURCHASE_COMMISSION	1800000.00	Purchase rebate L1 from 89595959595 - RBB B500	COMPLETED	BALANCE	\N	1	\N	\N	2025-12-24 08:28:24.707154+07	\N	1092	2	1
1132	AUTO-20260107115346-2A04DF	INTEREST	1125000.00	Automatic profit from RBB B500 investment	COMPLETED	BALANCE	\N	\N	\N	\N	2026-01-07 18:53:46.94355+07	\N	\N	\N	2
1133	AUTO-20260107115346-C5DEA7	INTEREST	1125000.00	Automatic profit from RBB B500 investment	COMPLETED	BALANCE	\N	\N	\N	\N	2026-01-07 18:53:46.97892+07	\N	\N	\N	2
1138	AUTO-20260107115347-AA362A	INTEREST	20000.00	Automatic profit from RBB B100 investment	COMPLETED	BALANCE	\N	\N	\N	\N	2026-01-07 18:53:47.027068+07	\N	\N	\N	2
1142	AUTO-20260107115347-70E1B0	INTEREST	60000.00	Automatic profit from RBB B200 investment	COMPLETED	BALANCE	\N	\N	\N	\N	2026-01-07 18:53:47.062138+07	\N	\N	\N	2
1143	AUTO-20260107115347-73486A	INTEREST	140000.00	Automatic profit from RBB B300 investment	COMPLETED	BALANCE	\N	\N	\N	\N	2026-01-07 18:53:47.070316+07	\N	\N	\N	2
1144	AUTO-20260107115347-5DF031	INTEREST	94000.00	Automatic profit from RBR A300 investment	COMPLETED	BALANCE	\N	\N	\N	\N	2026-01-07 18:53:47.076987+07	\N	\N	\N	2
2284	ADM-BALANCE_DEPOSIT-155-1772884456	CREDIT	100000.00	Admin increased balance_deposit by 100000	COMPLETED	BALANCE_DEPOSIT	\N	\N	\N	\N	2026-03-07 18:54:16.120249+07	\N	\N	\N	155
2821	RLT-20260401112347-25B394	BONUS	10000.00	Roulette prize: 10000	COMPLETED	BALANCE	\N	\N	\N	\N	2026-04-01 18:23:47.24936+07	\N	\N	\N	2
3019	PUR-20260403082126-D79087	INVESTMENTS	460000.00	Purchase Drone Amythis (U9SODWK) (x1)	COMPLETED	BALANCE_DEPOSIT	1	\N	\N	\N	2026-04-03 15:21:26.999037+07	26	\N	\N	179
3164	AUTO-20260404105148-8AD359	INTEREST	4431.25	Automatic profit from Drone Arundala (U7S9DFF) investment	COMPLETED	BALANCE	\N	\N	\N	\N	2026-04-04 10:51:48.158303+07	25	\N	\N	178
3165	PRB-20260404035148-B767BB	PROFIT_COMMISSION	221.56	Profit rebate L1 from +62895403400600 - Drone Arundala (U7S9DFF)	COMPLETED	BALANCE	\N	1	\N	\N	2026-04-04 10:51:48.162464+07	25	3164	178	169
3229	PUR-20260404105530-5B6043	INVESTMENTS	130000.00	Purchase Drone Arundala (U7S9DFF) (x1)	COMPLETED	BALANCE_DEPOSIT	1	\N	\N	\N	2026-04-04 17:55:30.479286+07	25	\N	\N	177
3230	REB-20260404105530-61979F	PURCHASE_COMMISSION	13000.00	Purchase rebate L1 from +6281808368215 - Drone Arundala (U7S9DFF)	COMPLETED	BALANCE	\N	1	\N	\N	2026-04-04 17:55:30.487972+07	25	3229	177	169
1162	AUTO-20260107115347-C74F14	INTEREST	300000.00	Automatic profit from RBR A400 investment	COMPLETED	BALANCE	\N	\N	\N	\N	2026-01-07 18:53:47.251424+07	\N	\N	\N	2
1163	AUTO-20260107115347-E8D3CE	INTEREST	520000.00	Automatic profit from RBB B400 investment	COMPLETED	BALANCE	\N	\N	\N	\N	2026-01-07 18:53:47.25909+07	\N	\N	\N	2
1169	AUTO-20260107115347-D5C530	INTEREST	4680.00	Automatic profit from RBR A100 investment	COMPLETED	BALANCE	\N	\N	\N	\N	2026-01-07 18:53:47.315738+07	\N	\N	\N	2
1098	AUTO-20251224222115-7B7E34	INTEREST	20000.00	Automatic profit from RBB B100 investment	COMPLETED	BALANCE	\N	\N	\N	\N	2025-12-24 22:21:15.220828+07	\N	\N	\N	2
1102	AUTO-20251224222115-9D2439	INTEREST	60000.00	Automatic profit from RBB B200 investment	COMPLETED	BALANCE	\N	\N	\N	\N	2025-12-24 22:21:15.273094+07	\N	\N	\N	2
1103	AUTO-20251224222115-B9881D	INTEREST	140000.00	Automatic profit from RBB B300 investment	COMPLETED	BALANCE	\N	\N	\N	\N	2025-12-24 22:21:15.285848+07	\N	\N	\N	2
1104	AUTO-20251224222115-FA3E07	INTEREST	94000.00	Automatic profit from RBR A300 investment	COMPLETED	BALANCE	\N	\N	\N	\N	2025-12-24 22:21:15.299634+07	\N	\N	\N	2
2285	PUR-20260307115427-09FDC6	INVESTMENTS	58000.00	Purchase Aset Standar I (x1)	COMPLETED	BALANCE_DEPOSIT	1	\N	\N	\N	2026-03-07 18:54:27.466784+07	25	\N	\N	155
1122	AUTO-20251224222115-978178	INTEREST	300000.00	Automatic profit from RBR A400 investment	COMPLETED	BALANCE	\N	\N	\N	\N	2025-12-24 22:21:15.495767+07	\N	\N	\N	2
1123	AUTO-20251224222115-76D036	INTEREST	520000.00	Automatic profit from RBB B400 investment	COMPLETED	BALANCE	\N	\N	\N	\N	2025-12-24 22:21:15.495767+07	\N	\N	\N	2
2286	REB-20260307115427-6A7565	PURCHASE_COMMISSION	19140.00	Purchase rebate L1 from +62811111456789 - Aset Standar I	COMPLETED	BALANCE	\N	1	\N	\N	2026-03-07 18:54:27.484537+07	25	2285	155	149
2287	REB-20260307115427-98FF3B	PURCHASE_COMMISSION	1160.00	Purchase rebate L2 from +62811111456789 - Aset Standar I	COMPLETED	BALANCE	\N	2	\N	\N	2026-03-07 18:54:27.489191+07	25	2285	155	148
2288	REB-20260307115427-7EBBE5	PURCHASE_COMMISSION	580.00	Purchase rebate L3 from +62811111456789 - Aset Standar I	COMPLETED	BALANCE	\N	3	\N	\N	2026-03-07 18:54:27.492423+07	25	2285	155	147
2822	RLT-20260401113646-2607C7	BONUS	10000.00	Roulette prize: 10000	COMPLETED	BALANCE	\N	\N	\N	\N	2026-04-01 18:36:46.450201+07	\N	\N	\N	2
3020	PUR-20260403082254-9CD9E5	INVESTMENTS	130000.00	Purchase Drone Arundala (U7S9DFF) (x1)	COMPLETED	BALANCE_DEPOSIT	1	\N	\N	\N	2026-04-03 15:22:54.821859+07	25	\N	\N	179
1129	AUTO-20251224222115-3CD10C	INTEREST	4680.00	Automatic profit from RBR A100 investment	COMPLETED	BALANCE	\N	\N	\N	\N	2025-12-24 22:21:15.562579+07	\N	\N	\N	2
1170	AUTO-20260108204737-C3F3C2	INTEREST	1125000.00	Automatic profit from RBB B500 investment	COMPLETED	BALANCE	\N	\N	\N	\N	2026-01-08 20:47:37.151465+07	\N	\N	\N	2
1171	AUTO-20260108204737-221E4F	INTEREST	1125000.00	Automatic profit from RBB B500 investment	COMPLETED	BALANCE	\N	\N	\N	\N	2026-01-08 20:47:37.178614+07	\N	\N	\N	2
3021	REB-20260403082254-B2EB6E	PURCHASE_COMMISSION	13000.00	Purchase rebate L1 from +62895403400601 - Drone Arundala (U7S9DFF)	COMPLETED	BALANCE	\N	1	\N	\N	2026-04-03 15:22:54.835169+07	25	3020	179	178
3166	ADM-BALANCE-191-1775274905	CREDIT	1000.00	Admin increased balance by 1000	COMPLETED	BALANCE	\N	\N	\N	\N	2026-04-04 10:55:05.394518+07	\N	\N	\N	191
3231	MSN-20260404105652-2-69	MISSIONS	12000.00	Mission reward: Pesan 1 drone untuk mendapatkan (x1)	COMPLETED	BALANCE	\N	\N	\N	\N	2026-04-04 17:56:52.380693+07	\N	\N	\N	2
1176	AUTO-20260108204737-1E734E	INTEREST	20000.00	Automatic profit from RBB B100 investment	COMPLETED	BALANCE	\N	\N	\N	\N	2026-01-08 20:47:37.248871+07	\N	\N	\N	2
1130	AUTO-20251225065107-9B950B	INTEREST	1125000.00	Automatic profit from RBB B500 investment	COMPLETED	BALANCE	\N	\N	\N	\N	2025-12-25 06:51:07.861205+07	\N	\N	\N	2
1180	AUTO-20260108204737-228255	INTEREST	60000.00	Automatic profit from RBB B200 investment	COMPLETED	BALANCE	\N	\N	\N	\N	2026-01-08 20:47:37.282801+07	\N	\N	\N	2
1181	AUTO-20260108204737-C6D550	INTEREST	140000.00	Automatic profit from RBB B300 investment	COMPLETED	BALANCE	\N	\N	\N	\N	2026-01-08 20:47:37.290137+07	\N	\N	\N	2
1182	AUTO-20260108204737-D21011	INTEREST	94000.00	Automatic profit from RBR A300 investment	COMPLETED	BALANCE	\N	\N	\N	\N	2026-01-08 20:47:37.296997+07	\N	\N	\N	2
1200	AUTO-20260108204737-7F190B	INTEREST	300000.00	Automatic profit from RBR A400 investment	COMPLETED	BALANCE	\N	\N	\N	\N	2026-01-08 20:47:37.530386+07	\N	\N	\N	2
1201	AUTO-20260108204737-06A221	INTEREST	520000.00	Automatic profit from RBB B400 investment	COMPLETED	BALANCE	\N	\N	\N	\N	2026-01-08 20:47:37.540851+07	\N	\N	\N	2
1207	AUTO-20260108204737-406FF6	INTEREST	4680.00	Automatic profit from RBR A100 investment	COMPLETED	BALANCE	\N	\N	\N	\N	2026-01-08 20:47:37.607953+07	\N	\N	\N	2
1313	AUTO-20260111184148-994C8F	INTEREST	7500.00	Automatic profit from RBR A100 investment	COMPLETED	BALANCE	\N	\N	\N	\N	2026-01-11 18:41:48.856198+07	\N	\N	\N	2
1314	AUTO-20260111184148-BB3FEE	INTEREST	7500.00	Automatic profit from RBR A100 investment	COMPLETED	BALANCE	\N	\N	\N	\N	2026-01-11 18:41:48.879269+07	\N	\N	\N	2
1315	AUTO-20260111184148-B1B24B	INTEREST	7500.00	Automatic profit from RBR A100 investment	COMPLETED	BALANCE	\N	\N	\N	\N	2026-01-11 18:41:48.888063+07	\N	\N	\N	2
1316	AUTO-20260111184148-4FB59E	INTEREST	7500.00	Automatic profit from RBR A100 investment	COMPLETED	BALANCE	\N	\N	\N	\N	2026-01-11 18:41:48.89575+07	\N	\N	\N	2
2289	ADM-BALANCE_DEPOSIT-156-1772884681	CREDIT	100000.00	Admin increased balance_deposit by 100000	COMPLETED	BALANCE_DEPOSIT	\N	\N	\N	\N	2026-03-07 18:58:01.244578+07	\N	\N	\N	156
2823	RLT-20260401113706-DDF6BC	BONUS	10000.00	Roulette prize: 10000	COMPLETED	BALANCE	\N	\N	\N	\N	2026-04-01 18:37:06.943431+07	\N	\N	\N	2
2018	REB-20260219084227-E104E6	PURCHASE_COMMISSION	4800.00	Purchase rebate L1 from +62812345678901 - Proyek Konservasi-Uji Coba Biota	COMPLETED	BALANCE	\N	1	\N	\N	2026-02-19 15:42:27.414117+07	\N	\N	\N	2
3022	VCH-20260403160944-58AA10	VOUCHER	11358.22	Voucher claim TEST	COMPLETED	BALANCE	\N	\N	16	TEST	2026-04-03 16:09:44.209442+07	\N	\N	\N	179
3167	ATT-20260404040739-AEB3F2	ATTENDANCE	100.00	Daily attendance claim	COMPLETED	BALANCE	\N	\N	\N	\N	2026-04-04 11:07:39.771694+07	\N	\N	\N	192
3232	RLT-20260404105901-B6EDE7	BONUS	5000.00	Roulette prize: 5000	COMPLETED	BALANCE	\N	\N	\N	\N	2026-04-04 17:59:01.587755+07	\N	\N	\N	2
1208	AUTO-20260109205030-5A8ACE	INTEREST	1125000.00	Automatic profit from RBB B500 investment	COMPLETED	BALANCE	\N	\N	\N	\N	2026-01-09 20:50:30.096727+07	\N	\N	\N	2
1209	AUTO-20260109205030-A0C405	INTEREST	1125000.00	Automatic profit from RBB B500 investment	COMPLETED	BALANCE	\N	\N	\N	\N	2026-01-09 20:50:30.138849+07	\N	\N	\N	2
2019	REB-20260219084227-A7FEE4	PURCHASE_COMMISSION	1800.00	Purchase rebate L2 from +62812345678901 - Proyek Konservasi-Uji Coba Biota	COMPLETED	BALANCE	\N	2	\N	\N	2026-02-19 15:42:27.415658+07	\N	\N	\N	1
1214	AUTO-20260109205030-EE195D	INTEREST	20000.00	Automatic profit from RBB B100 investment	COMPLETED	BALANCE	\N	\N	\N	\N	2026-01-09 20:50:30.18636+07	\N	\N	\N	2
1218	AUTO-20260109205030-E73747	INTEREST	60000.00	Automatic profit from RBB B200 investment	COMPLETED	BALANCE	\N	\N	\N	\N	2026-01-09 20:50:30.223836+07	\N	\N	\N	2
1219	AUTO-20260109205030-AD5F2B	INTEREST	140000.00	Automatic profit from RBB B300 investment	COMPLETED	BALANCE	\N	\N	\N	\N	2026-01-09 20:50:30.232517+07	\N	\N	\N	2
1220	AUTO-20260109205030-9645D6	INTEREST	94000.00	Automatic profit from RBR A300 investment	COMPLETED	BALANCE	\N	\N	\N	\N	2026-01-09 20:50:30.24023+07	\N	\N	\N	2
1238	AUTO-20260109205030-F59C9A	INTEREST	300000.00	Automatic profit from RBR A400 investment	COMPLETED	BALANCE	\N	\N	\N	\N	2026-01-09 20:50:30.421361+07	\N	\N	\N	2
1239	AUTO-20260109205030-3D1597	INTEREST	520000.00	Automatic profit from RBB B400 investment	COMPLETED	BALANCE	\N	\N	\N	\N	2026-01-09 20:50:30.430668+07	\N	\N	\N	2
1245	AUTO-20260109205030-1FCCB2	INTEREST	4680.00	Automatic profit from RBR A100 investment	COMPLETED	BALANCE	\N	\N	\N	\N	2026-01-09 20:50:30.515598+07	\N	\N	\N	2
1317	PUR-20260111121556-2E27C3	INVESTMENTS	10000.00	Purchase Produk Test 01 (x1)	COMPLETED	BALANCE_DEPOSIT	1	\N	\N	\N	2026-01-11 19:15:56.77043+07	\N	\N	\N	2
1318	REB-20260111121556-AB0BF4	PURCHASE_COMMISSION	1000.00	Purchase rebate L1 from 89595959595 - Produk Test 01	COMPLETED	BALANCE	\N	1	\N	\N	2026-01-11 19:15:56.783202+07	\N	1317	2	1
2290	PUR-20260307115906-758C23	INVESTMENTS	58000.00	Purchase Aset Standar I (x1)	COMPLETED	BALANCE_DEPOSIT	1	\N	\N	\N	2026-03-07 18:59:06.745743+07	25	\N	\N	156
2291	REB-20260307115906-A8B97C	PURCHASE_COMMISSION	19140.00	Purchase rebate L1 from +6281111111789 - Aset Standar I	COMPLETED	BALANCE	\N	1	\N	\N	2026-03-07 18:59:06.761193+07	25	2290	156	149
1246	PUR-20260110074522-9F474D	INVESTMENTS	50000.00	Purchase RBR A100 (x1)	COMPLETED	BALANCE_DEPOSIT	1	\N	\N	\N	2026-01-10 14:45:22.520021+07	\N	\N	\N	2
1247	REB-20260110074522-BDFBC8	PURCHASE_COMMISSION	12000.00	Purchase rebate L1 from 89595959595 - RBR A100	COMPLETED	BALANCE	\N	1	\N	\N	2026-01-10 14:45:22.538406+07	\N	1246	2	1
1248	PUR-20260110074523-01C444	INVESTMENTS	50000.00	Purchase RBR A100 (x1)	COMPLETED	BALANCE_DEPOSIT	1	\N	\N	\N	2026-01-10 14:45:23.698838+07	\N	\N	\N	2
1249	REB-20260110074523-E5A13B	PURCHASE_COMMISSION	12000.00	Purchase rebate L1 from 89595959595 - RBR A100	COMPLETED	BALANCE	\N	1	\N	\N	2026-01-10 14:45:23.703428+07	\N	1248	2	1
1250	PUR-20260110074524-46CEA9	INVESTMENTS	50000.00	Purchase RBR A100 (x1)	COMPLETED	BALANCE_DEPOSIT	1	\N	\N	\N	2026-01-10 14:45:24.499289+07	\N	\N	\N	2
1251	REB-20260110074524-104689	PURCHASE_COMMISSION	12000.00	Purchase rebate L1 from 89595959595 - RBR A100	COMPLETED	BALANCE	\N	1	\N	\N	2026-01-10 14:45:24.503871+07	\N	1250	2	1
1252	PUR-20260110074528-3EBDF3	INVESTMENTS	50000.00	Purchase RBR A100 (x1)	COMPLETED	BALANCE_DEPOSIT	1	\N	\N	\N	2026-01-10 14:45:28.3973+07	\N	\N	\N	2
1253	REB-20260110074528-194FE6	PURCHASE_COMMISSION	12000.00	Purchase rebate L1 from 89595959595 - RBR A100	COMPLETED	BALANCE	\N	1	\N	\N	2026-01-10 14:45:28.401878+07	\N	1252	2	1
2292	REB-20260307115906-C702DA	PURCHASE_COMMISSION	1160.00	Purchase rebate L2 from +6281111111789 - Aset Standar I	COMPLETED	BALANCE	\N	2	\N	\N	2026-03-07 18:59:06.765843+07	25	2290	156	148
2293	REB-20260307115906-EC428D	PURCHASE_COMMISSION	580.00	Purchase rebate L3 from +6281111111789 - Aset Standar I	COMPLETED	BALANCE	\N	3	\N	\N	2026-03-07 18:59:06.768468+07	25	2290	156	147
2824	RLT-20260401114316-BB0A0C	BONUS	10000.00	Roulette prize: 10000	COMPLETED	BALANCE	\N	\N	\N	\N	2026-04-01 18:43:16.103072+07	\N	\N	\N	2
3023	PUR-20260403100402-0D18DC	INVESTMENTS	950000.00	Purchase Drone Aqriac (U1IS3MD) (x1)	COMPLETED	BALANCE_DEPOSIT	1	\N	\N	\N	2026-04-03 17:04:02.442269+07	27	\N	\N	2
3168	VCH-20260404110803-C16E5E	VOUCHER	1000.00	Voucher claim TEST123	COMPLETED	BALANCE	\N	\N	15	TEST123	2026-04-04 11:08:03.369913+07	\N	\N	\N	192
3233	ATT-20260404110216-1DB025	ATTENDANCE	100.00	Daily attendance claim	COMPLETED	BALANCE	\N	\N	\N	\N	2026-04-04 18:02:16.418273+07	\N	\N	\N	2
2294	ADM-BALANCE_DEPOSIT-157-1772885420	CREDIT	100000.00	Admin increased balance_deposit by 100000	COMPLETED	BALANCE_DEPOSIT	\N	\N	\N	\N	2026-03-07 19:10:20.396048+07	\N	\N	\N	157
1544	PUR-20260121091726-B6FB49	INVESTMENTS	390465.00	Purchase PowerVault M (x1)	COMPLETED	BALANCE_DEPOSIT	1	\N	\N	\N	2026-01-21 16:17:26.470355+07	\N	\N	\N	2
1545	REB-20260121091726-531DEC	PURCHASE_COMMISSION	39046.50	Purchase rebate L1 from +6289595959595 - PowerVault M	COMPLETED	BALANCE	\N	1	\N	\N	2026-01-21 16:17:26.484337+07	\N	1544	2	1
2825	RLT-20260401114436-19D161	BONUS	10000.00	Roulette prize: 10000	COMPLETED	BALANCE	\N	\N	\N	\N	2026-04-01 18:44:36.96544+07	\N	\N	\N	2
3024	WD-4D1B933C4A	WITHDRAW	25000.00	Withdrawal request	REJECTED	BALANCE	\N	\N	\N	\N	2026-04-03 19:24:24.20008+07	\N	\N	\N	178
1265	REB-20260110121225-1ACC40	PURCHASE_COMMISSION	23280.00	Purchase rebate L1 from 89595959595 - RBB B100	COMPLETED	BALANCE	\N	1	\N	\N	2026-01-10 19:12:25.615562+07	\N	1264	2	1
3169	VCH-20260404110809-52FB98	VOUCHER	11921.78	Voucher claim TEST	COMPLETED	BALANCE	\N	\N	16	TEST	2026-04-04 11:08:09.508583+07	\N	\N	\N	192
3234	DEP-20260405120645-6EEB03	DEPOSIT	130000.00	Deposit via Jayapay (BALANCE_DEPOSIT)	FAILED	BALANCE_DEPOSIT	\N	\N	\N	\N	2026-04-05 12:06:45.756031+07	\N	\N	\N	203
1266	AUTO-20260110205036-4B2D45	INTEREST	1125000.00	Automatic profit from RBB B500 investment	COMPLETED	BALANCE	\N	\N	\N	\N	2026-01-10 20:50:36.552287+07	\N	\N	\N	2
1267	AUTO-20260110205036-10F2B7	INTEREST	1125000.00	Automatic profit from RBB B500 investment	COMPLETED	BALANCE	\N	\N	\N	\N	2026-01-10 20:50:36.583484+07	\N	\N	\N	2
1272	AUTO-20260110205036-B70D6C	INTEREST	20000.00	Automatic profit from RBB B100 investment	COMPLETED	BALANCE	\N	\N	\N	\N	2026-01-10 20:50:36.64367+07	\N	\N	\N	2
1276	AUTO-20260110205036-3CA2CE	INTEREST	60000.00	Automatic profit from RBB B200 investment	COMPLETED	BALANCE	\N	\N	\N	\N	2026-01-10 20:50:36.701988+07	\N	\N	\N	2
1277	AUTO-20260110205036-A8D721	INTEREST	140000.00	Automatic profit from RBB B300 investment	COMPLETED	BALANCE	\N	\N	\N	\N	2026-01-10 20:50:36.714519+07	\N	\N	\N	2
1278	AUTO-20260110205036-4DFC4B	INTEREST	94000.00	Automatic profit from RBR A300 investment	COMPLETED	BALANCE	\N	\N	\N	\N	2026-01-10 20:50:36.726313+07	\N	\N	\N	2
2295	PUR-20260307121116-EBCFF9	INVESTMENTS	58000.00	Purchase Aset Standar I (x1)	COMPLETED	BALANCE_DEPOSIT	1	\N	\N	\N	2026-03-07 19:11:16.254079+07	25	\N	\N	157
2296	REB-20260307121116-418F45	PURCHASE_COMMISSION	19140.00	Purchase rebate L1 from +6281111111189 - Aset Standar I	COMPLETED	BALANCE	\N	1	\N	\N	2026-03-07 19:11:16.265183+07	25	2295	157	149
1296	AUTO-20260110205036-C9A256	INTEREST	300000.00	Automatic profit from RBR A400 investment	COMPLETED	BALANCE	\N	\N	\N	\N	2026-01-10 20:50:36.976376+07	\N	\N	\N	2
1297	AUTO-20260110205036-C7F8DF	INTEREST	520000.00	Automatic profit from RBB B400 investment	COMPLETED	BALANCE	\N	\N	\N	\N	2026-01-10 20:50:36.985707+07	\N	\N	\N	2
2297	REB-20260307121116-771496	PURCHASE_COMMISSION	1160.00	Purchase rebate L2 from +6281111111189 - Aset Standar I	COMPLETED	BALANCE	\N	2	\N	\N	2026-03-07 19:11:16.269222+07	25	2295	157	148
2298	REB-20260307121116-013353	PURCHASE_COMMISSION	580.00	Purchase rebate L3 from +6281111111189 - Aset Standar I	COMPLETED	BALANCE	\N	3	\N	\N	2026-03-07 19:11:16.272274+07	25	2295	157	147
2826	ATT-20260401121628-C3160F	ATTENDANCE	100.00	Daily attendance claim	COMPLETED	BALANCE	\N	\N	\N	\N	2026-04-01 19:16:28.677632+07	\N	\N	\N	160
3025	ADM-BALANCE-173-1775224201	CREDIT	900000.00	Admin increased balance by 900000	COMPLETED	BALANCE	\N	\N	\N	\N	2026-04-03 20:50:01.254403+07	\N	\N	\N	173
1303	AUTO-20260110205037-F53534	INTEREST	4680.00	Automatic profit from RBR A100 investment	COMPLETED	BALANCE	\N	\N	\N	\N	2026-01-10 20:50:37.059624+07	\N	\N	\N	2
3170	DEP-20260404110836-BB007D	DEPOSIT	600000.00	Deposit via Jayapay (BALANCE_DEPOSIT)	FAILED	BALANCE_DEPOSIT	\N	\N	\N	\N	2026-04-04 11:08:36.415391+07	\N	\N	\N	192
3235	ADM-BALANCE_DEPOSIT-203-1775365719	CREDIT	130000.00	Admin increased balance_deposit by 130000	COMPLETED	BALANCE_DEPOSIT	\N	\N	\N	\N	2026-04-05 12:08:39.760142+07	\N	\N	\N	203
1536	PUR-20260121090021-124529	INVESTMENTS	115500.00	Purchase PowerVault AA (x1)	COMPLETED	BALANCE_DEPOSIT	1	\N	\N	\N	2026-01-21 16:00:21.258545+07	\N	\N	\N	2
1537	REB-20260121090021-3B5426	PURCHASE_COMMISSION	11550.00	Purchase rebate L1 from +6289595959595 - PowerVault AA	COMPLETED	BALANCE	\N	1	\N	\N	2026-01-21 16:00:21.31683+07	\N	1536	2	1
1549	PUR-20260123113828-E8C9BB	INVESTMENTS	390465.00	Purchase PowerVault M (x1)	COMPLETED	BALANCE_DEPOSIT	1	\N	\N	\N	2026-01-23 18:38:28.447596+07	\N	\N	\N	2
1550	REB-20260123113828-A1FE43	PURCHASE_COMMISSION	39046.50	Purchase rebate L1 from +6289595959595 - PowerVault M	COMPLETED	BALANCE	\N	1	\N	\N	2026-01-23 18:38:28.473538+07	\N	1549	2	1
1551	PUR-20260123113830-505D79	INVESTMENTS	593700.00	Purchase PowerVault L (x1)	COMPLETED	BALANCE_DEPOSIT	1	\N	\N	\N	2026-01-23 18:38:30.947973+07	\N	\N	\N	2
1552	REB-20260123113830-F3DB14	PURCHASE_COMMISSION	59370.00	Purchase rebate L1 from +6289595959595 - PowerVault L	COMPLETED	BALANCE	\N	1	\N	\N	2026-01-23 18:38:30.959086+07	\N	1551	2	1
2299	DEP-20260307222057-FFBDA4	DEPOSIT	500000.00	Deposit via Jayapay (BALANCE_DEPOSIT)	FAILED	BALANCE_DEPOSIT	\N	\N	\N	\N	2026-03-07 22:20:57.206587+07	\N	\N	\N	2
2827	VCH-20260401192245-24AD04	VOUCHER	1000.00	Voucher claim TEST123	COMPLETED	BALANCE	\N	\N	15	TEST123	2026-04-01 19:22:45.102943+07	\N	\N	\N	160
3026	WD-4A5B00305A	WITHDRAW	98111.00	Withdrawal request	PENDING	BALANCE	\N	\N	\N	\N	2026-04-03 20:50:16.511753+07	\N	\N	\N	173
3171	AUTO-20260404111148-42C2FE	INTEREST	6378.74	Automatic profit from Drone Meleza (K80SDML) investment	COMPLETED	BALANCE	\N	\N	\N	\N	2026-04-04 11:11:48.822814+07	80	\N	\N	178
3172	PRB-20260404041148-674150	PROFIT_COMMISSION	318.94	Profit rebate L1 from +62895403400600 - Drone Meleza (K80SDML)	COMPLETED	BALANCE	\N	1	\N	\N	2026-04-04 11:11:48.827473+07	80	3171	178	169
3173	AUTO-20260404111148-B65463	INTEREST	10752.16	Automatic profit from Drone Czorto (MU7PL6A) investment	COMPLETED	BALANCE	\N	\N	\N	\N	2026-04-04 11:11:48.865163+07	73	\N	\N	178
3174	PRB-20260404041148-4B5DDD	PROFIT_COMMISSION	537.61	Profit rebate L1 from +62895403400600 - Drone Czorto (MU7PL6A)	COMPLETED	BALANCE	\N	1	\N	\N	2026-04-04 11:11:48.868375+07	73	3173	178	169
1553	PUR-20260123113833-2182AD	INVESTMENTS	1564250.00	Purchase PowerVault Secure (x1)	COMPLETED	BALANCE_DEPOSIT	1	\N	\N	\N	2026-01-23 18:38:33.910414+07	\N	\N	\N	2
1554	REB-20260123113833-729AE3	PURCHASE_COMMISSION	156425.00	Purchase rebate L1 from +6289595959595 - PowerVault Secure	COMPLETED	BALANCE	\N	1	\N	\N	2026-01-23 18:38:33.923545+07	\N	1553	2	1
3236	PUR-20260405050853-D891B9	INVESTMENTS	130000.00	Purchase Drone Arundala (U7S9DFF) (x1)	COMPLETED	BALANCE_DEPOSIT	1	\N	\N	\N	2026-04-05 12:08:53.785254+07	25	\N	\N	203
3237	REB-20260405050853-2556FA	PURCHASE_COMMISSION	13000.00	Purchase rebate L1 from +6282122425451 - Drone Arundala (U7S9DFF)	COMPLETED	BALANCE	\N	1	\N	\N	2026-04-05 12:08:53.80371+07	25	3236	203	191
1555	PUR-20260123114111-AB55F9	INVESTMENTS	45103555.00	Purchase GridStorage Pro (x1)	COMPLETED	BALANCE_DEPOSIT	1	\N	\N	\N	2026-01-23 18:41:11.187658+07	\N	\N	\N	2
1556	REB-20260123114111-DB2F16	PURCHASE_COMMISSION	4510355.50	Purchase rebate L1 from +6289595959595 - GridStorage Pro	COMPLETED	BALANCE	\N	1	\N	\N	2026-01-23 18:41:11.19965+07	\N	1555	2	1
1759	AUTO-20260211203542-921C06	INTEREST	8800.00	Automatic profit from Cloud AI investment	COMPLETED	BALANCE	\N	\N	\N	\N	2026-02-11 20:35:42.18175+07	\N	\N	\N	2
1795	AUTO-20260213220248-886315	INTEREST	34800.00	Automatic profit from InsightAi-10382 investment	COMPLETED	BALANCE	\N	\N	\N	\N	2026-02-13 22:02:48.332651+07	\N	\N	\N	2
1808	AUTO-20260215015302-9DDEC9	INTEREST	34800.00	Automatic profit from InsightAi-10382 investment	COMPLETED	BALANCE	\N	\N	\N	\N	2026-02-15 01:53:02.995238+07	\N	\N	\N	2
1847	AUTO-20260217015528-CB09E4	INTEREST	34800.00	Automatic profit from InsightAi-10382 investment	COMPLETED	BALANCE	\N	\N	\N	\N	2026-02-17 01:55:28.241501+07	\N	\N	\N	2
1855	PUR-20260216191310-037B4B	INVESTMENTS	5770000.00	Purchase DevAi-27491 (x1)	COMPLETED	BALANCE_DEPOSIT	1	\N	\N	\N	2026-02-17 02:13:10.838966+07	\N	\N	\N	2
1856	REB-20260216191310-25173C	PURCHASE_COMMISSION	1154000.00	Purchase rebate L1 from +6289595959595 - DevAi-27491	COMPLETED	BALANCE	\N	1	\N	\N	2026-02-17 02:13:10.868251+07	\N	1855	2	1
2300	DEP-20260307222104-A06748	DEPOSIT	500000.00	Deposit via Jayapay (BALANCE_DEPOSIT)	FAILED	BALANCE_DEPOSIT	\N	\N	\N	\N	2026-03-07 22:21:04.786559+07	\N	\N	\N	2
2832	AUTO-20260401215624-EB4DC1	INTEREST	17400.00	Automatic profit from Drone Arundala (U7S9DFF) investment	COMPLETED	BALANCE	\N	\N	\N	\N	2026-04-01 21:56:24.976978+07	25	\N	\N	149
2833	PRB-20260401145624-264EBF	PROFIT_COMMISSION	870.00	Profit rebate L1 from +6281123456789 - Drone Arundala (U7S9DFF)	COMPLETED	BALANCE	\N	1	\N	\N	2026-04-01 21:56:24.978538+07	25	2832	149	148
2834	PRB-20260401145624-005C57	PROFIT_COMMISSION	522.00	Profit rebate L2 from +6281123456789 - Drone Arundala (U7S9DFF)	COMPLETED	BALANCE	\N	2	\N	\N	2026-04-01 21:56:24.981626+07	25	2832	149	147
2835	PRB-20260401145624-D06FE7	PROFIT_COMMISSION	174.00	Profit rebate L3 from +6281123456789 - Drone Arundala (U7S9DFF)	COMPLETED	BALANCE	\N	3	\N	\N	2026-04-01 21:56:24.984687+07	25	2832	149	145
2836	AUTO-20260401215624-B6495B	INTEREST	17400.00	Automatic profit from Drone Arundala (U7S9DFF) investment	COMPLETED	BALANCE	\N	\N	\N	\N	2026-04-01 21:56:24.993724+07	25	\N	\N	158
2837	PRB-20260401145624-F1138F	PROFIT_COMMISSION	870.00	Profit rebate L1 from +62857319731843 - Drone Arundala (U7S9DFF)	COMPLETED	BALANCE	\N	1	\N	\N	2026-04-01 21:56:24.996807+07	25	2836	158	149
2838	PRB-20260401145624-365C55	PROFIT_COMMISSION	522.00	Profit rebate L2 from +62857319731843 - Drone Arundala (U7S9DFF)	COMPLETED	BALANCE	\N	2	\N	\N	2026-04-01 21:56:24.998353+07	25	2836	158	148
2839	PRB-20260401145625-B205FB	PROFIT_COMMISSION	174.00	Profit rebate L3 from +62857319731843 - Drone Arundala (U7S9DFF)	COMPLETED	BALANCE	\N	3	\N	\N	2026-04-01 21:56:25.001436+07	25	2836	158	147
2840	AUTO-20260401215625-BF10B5	INTEREST	17400.00	Automatic profit from Drone Arundala (U7S9DFF) investment	COMPLETED	BALANCE	\N	\N	\N	\N	2026-04-01 21:56:25.010721+07	25	\N	\N	157
2841	PRB-20260401145625-07C9D4	PROFIT_COMMISSION	870.00	Profit rebate L1 from +6281111111189 - Drone Arundala (U7S9DFF)	COMPLETED	BALANCE	\N	1	\N	\N	2026-04-01 21:56:25.01378+07	25	2840	157	149
2842	PRB-20260401145625-BE2B33	PROFIT_COMMISSION	522.00	Profit rebate L2 from +6281111111189 - Drone Arundala (U7S9DFF)	COMPLETED	BALANCE	\N	2	\N	\N	2026-04-01 21:56:25.01531+07	25	2840	157	148
2843	PRB-20260401145625-EF43AB	PROFIT_COMMISSION	174.00	Profit rebate L3 from +6281111111189 - Drone Arundala (U7S9DFF)	COMPLETED	BALANCE	\N	3	\N	\N	2026-04-01 21:56:25.016842+07	25	2840	157	147
2844	AUTO-20260401215625-FFCBBF	INTEREST	17400.00	Automatic profit from Drone Arundala (U7S9DFF) investment	COMPLETED	BALANCE	\N	\N	\N	\N	2026-04-01 21:56:25.027578+07	25	\N	\N	156
2845	PRB-20260401145625-C59F0D	PROFIT_COMMISSION	870.00	Profit rebate L1 from +6281111111789 - Drone Arundala (U7S9DFF)	COMPLETED	BALANCE	\N	1	\N	\N	2026-04-01 21:56:25.030621+07	25	2844	156	149
2846	PRB-20260401145625-4B0DED	PROFIT_COMMISSION	522.00	Profit rebate L2 from +6281111111789 - Drone Arundala (U7S9DFF)	COMPLETED	BALANCE	\N	2	\N	\N	2026-04-01 21:56:25.032137+07	25	2844	156	148
2847	PRB-20260401145625-72C284	PROFIT_COMMISSION	174.00	Profit rebate L3 from +6281111111789 - Drone Arundala (U7S9DFF)	COMPLETED	BALANCE	\N	3	\N	\N	2026-04-01 21:56:25.034664+07	25	2844	156	147
2848	AUTO-20260401215625-DA0766	INTEREST	17400.00	Automatic profit from Drone Arundala (U7S9DFF) investment	COMPLETED	BALANCE	\N	\N	\N	\N	2026-04-01 21:56:25.043768+07	25	\N	\N	155
2849	PRB-20260401145625-170348	PROFIT_COMMISSION	870.00	Profit rebate L1 from +62811111456789 - Drone Arundala (U7S9DFF)	COMPLETED	BALANCE	\N	1	\N	\N	2026-04-01 21:56:25.045808+07	25	2848	155	149
2850	PRB-20260401145625-FD596A	PROFIT_COMMISSION	522.00	Profit rebate L2 from +62811111456789 - Drone Arundala (U7S9DFF)	COMPLETED	BALANCE	\N	2	\N	\N	2026-04-01 21:56:25.048344+07	25	2848	155	148
2851	PRB-20260401145625-5C55D4	PROFIT_COMMISSION	174.00	Profit rebate L3 from +62811111456789 - Drone Arundala (U7S9DFF)	COMPLETED	BALANCE	\N	3	\N	\N	2026-04-01 21:56:25.049895+07	25	2848	155	147
2852	AUTO-20260401215625-5BDD42	INTEREST	17400.00	Automatic profit from Drone Arundala (U7S9DFF) investment	COMPLETED	BALANCE	\N	\N	\N	\N	2026-04-01 21:56:25.059137+07	25	\N	\N	154
2853	PRB-20260401145625-1B6D45	PROFIT_COMMISSION	870.00	Profit rebate L1 from +62811113456789 - Drone Arundala (U7S9DFF)	COMPLETED	BALANCE	\N	1	\N	\N	2026-04-01 21:56:25.062208+07	25	2852	154	149
2854	PRB-20260401145625-893834	PROFIT_COMMISSION	522.00	Profit rebate L2 from +62811113456789 - Drone Arundala (U7S9DFF)	COMPLETED	BALANCE	\N	2	\N	\N	2026-04-01 21:56:25.064627+07	25	2852	154	148
2855	PRB-20260401145625-FFB031	PROFIT_COMMISSION	174.00	Profit rebate L3 from +62811113456789 - Drone Arundala (U7S9DFF)	COMPLETED	BALANCE	\N	3	\N	\N	2026-04-01 21:56:25.06669+07	25	2852	154	147
2856	AUTO-20260401215625-62AB29	INTEREST	17400.00	Automatic profit from Drone Arundala (U7S9DFF) investment	COMPLETED	BALANCE	\N	\N	\N	\N	2026-04-01 21:56:25.07544+07	25	\N	\N	153
2857	PRB-20260401145625-F46728	PROFIT_COMMISSION	870.00	Profit rebate L1 from +62811123456789 - Drone Arundala (U7S9DFF)	COMPLETED	BALANCE	\N	1	\N	\N	2026-04-01 21:56:25.07697+07	25	2856	153	149
2858	PRB-20260401145625-AB2A2B	PROFIT_COMMISSION	522.00	Profit rebate L2 from +62811123456789 - Drone Arundala (U7S9DFF)	COMPLETED	BALANCE	\N	2	\N	\N	2026-04-01 21:56:25.080035+07	25	2856	153	148
2859	PRB-20260401145625-6E3E21	PROFIT_COMMISSION	174.00	Profit rebate L3 from +62811123456789 - Drone Arundala (U7S9DFF)	COMPLETED	BALANCE	\N	3	\N	\N	2026-04-01 21:56:25.081562+07	25	2856	153	147
2860	AUTO-20260401215625-9CB30F	INTEREST	17400.00	Automatic profit from Drone Arundala (U7S9DFF) investment	COMPLETED	BALANCE	\N	\N	\N	\N	2026-04-01 21:56:25.091628+07	25	\N	\N	152
2861	PRB-20260401145625-6971C7	PROFIT_COMMISSION	870.00	Profit rebate L1 from +6281234456789 - Drone Arundala (U7S9DFF)	COMPLETED	BALANCE	\N	1	\N	\N	2026-04-01 21:56:25.094262+07	25	2860	152	151
2862	PRB-20260401145625-7ED63A	PROFIT_COMMISSION	522.00	Profit rebate L2 from +6281234456789 - Drone Arundala (U7S9DFF)	COMPLETED	BALANCE	\N	2	\N	\N	2026-04-01 21:56:25.096341+07	25	2860	152	150
2863	PRB-20260401145625-5A52ED	PROFIT_COMMISSION	174.00	Profit rebate L3 from +6281234456789 - Drone Arundala (U7S9DFF)	COMPLETED	BALANCE	\N	3	\N	\N	2026-04-01 21:56:25.098487+07	25	2860	152	149
2864	AUTO-20260401215625-032396	INTEREST	17400.00	Automatic profit from Drone Arundala (U7S9DFF) investment	COMPLETED	BALANCE	\N	\N	\N	\N	2026-04-01 21:56:25.106176+07	25	\N	\N	151
3027	WD-D8532ED163	WITHDRAW	89000.00	Withdrawal request	PENDING	BALANCE	\N	\N	\N	\N	2026-04-03 20:54:16.623532+07	\N	\N	\N	173
3238	RLT-20260405050929-A73734	BONUS	500.00	Roulette prize: 500	COMPLETED	BALANCE	\N	\N	\N	\N	2026-04-05 12:09:29.878957+07	\N	\N	\N	191
2301	ATT-20260307152810-4E7623	ATTENDANCE	1000.00	Daily attendance claim	COMPLETED	BALANCE	\N	\N	\N	\N	2026-03-07 22:28:10.690721+07	\N	\N	\N	2
2865	PRB-20260401145625-D6C60A	PROFIT_COMMISSION	870.00	Profit rebate L1 from +6281233456789 - Drone Arundala (U7S9DFF)	COMPLETED	BALANCE	\N	1	\N	\N	2026-04-01 21:56:25.109255+07	25	2864	151	150
2866	PRB-20260401145625-41EAE7	PROFIT_COMMISSION	522.00	Profit rebate L2 from +6281233456789 - Drone Arundala (U7S9DFF)	COMPLETED	BALANCE	\N	2	\N	\N	2026-04-01 21:56:25.110791+07	25	2864	151	149
2867	PRB-20260401145625-81AAFD	PROFIT_COMMISSION	174.00	Profit rebate L3 from +6281233456789 - Drone Arundala (U7S9DFF)	COMPLETED	BALANCE	\N	3	\N	\N	2026-04-01 21:56:25.113862+07	25	2864	151	148
2868	AUTO-20260401215625-E20305	INTEREST	17400.00	Automatic profit from Drone Arundala (U7S9DFF) investment	COMPLETED	BALANCE	\N	\N	\N	\N	2026-04-01 21:56:25.123072+07	25	\N	\N	150
2869	PRB-20260401145625-B13D8D	PROFIT_COMMISSION	870.00	Profit rebate L1 from +6281223456789 - Drone Arundala (U7S9DFF)	COMPLETED	BALANCE	\N	1	\N	\N	2026-04-01 21:56:25.124598+07	25	2868	150	149
2870	PRB-20260401145625-05E062	PROFIT_COMMISSION	522.00	Profit rebate L2 from +6281223456789 - Drone Arundala (U7S9DFF)	COMPLETED	BALANCE	\N	2	\N	\N	2026-04-01 21:56:25.127651+07	25	2868	150	148
2871	PRB-20260401145625-3A6B54	PROFIT_COMMISSION	174.00	Profit rebate L3 from +6281223456789 - Drone Arundala (U7S9DFF)	COMPLETED	BALANCE	\N	3	\N	\N	2026-04-01 21:56:25.129176+07	25	2868	150	147
2872	AUTO-20260401215625-ACC82A	INTEREST	17400.00	Automatic profit from Drone Arundala (U7S9DFF) investment	COMPLETED	BALANCE	\N	\N	\N	\N	2026-04-01 21:56:25.138445+07	25	\N	\N	148
2873	PRB-20260401145625-B18281	PROFIT_COMMISSION	870.00	Profit rebate L1 from +6289123456789 - Drone Arundala (U7S9DFF)	COMPLETED	BALANCE	\N	1	\N	\N	2026-04-01 21:56:25.141504+07	25	2872	148	147
2874	PRB-20260401145625-37256C	PROFIT_COMMISSION	522.00	Profit rebate L2 from +6289123456789 - Drone Arundala (U7S9DFF)	COMPLETED	BALANCE	\N	2	\N	\N	2026-04-01 21:56:25.143018+07	25	2872	148	145
2875	PRB-20260401145625-FB92F3	PROFIT_COMMISSION	174.00	Profit rebate L3 from +6289123456789 - Drone Arundala (U7S9DFF)	COMPLETED	BALANCE	\N	3	\N	\N	2026-04-01 21:56:25.146608+07	25	2872	148	143
2876	AUTO-20260401215625-7C113A	INTEREST	500.00	Automatic profit from Drone Arundala (U7S9DFF) investment	COMPLETED	BALANCE	\N	\N	\N	\N	2026-04-01 21:56:25.155416+07	25	\N	\N	148
2877	PRB-20260401145625-8A31ED	PROFIT_COMMISSION	25.00	Profit rebate L1 from +6289123456789 - Drone Arundala (U7S9DFF)	COMPLETED	BALANCE	\N	1	\N	\N	2026-04-01 21:56:25.157434+07	25	2876	148	147
2878	PRB-20260401145625-EDDAD0	PROFIT_COMMISSION	15.00	Profit rebate L2 from +6289123456789 - Drone Arundala (U7S9DFF)	COMPLETED	BALANCE	\N	2	\N	\N	2026-04-01 21:56:25.159013+07	25	2876	148	145
2879	PRB-20260401145625-796366	PROFIT_COMMISSION	5.00	Profit rebate L3 from +6289123456789 - Drone Arundala (U7S9DFF)	COMPLETED	BALANCE	\N	3	\N	\N	2026-04-01 21:56:25.161533+07	25	2876	148	143
2880	AUTO-20260401215625-E559A3	INTEREST	500.00	Automatic profit from Drone Arundala (U7S9DFF) investment	COMPLETED	BALANCE	\N	\N	\N	\N	2026-04-01 21:56:25.170582+07	25	\N	\N	147
2881	PRB-20260401145625-20BC77	PROFIT_COMMISSION	25.00	Profit rebate L1 from +62883123456789 - Drone Arundala (U7S9DFF)	COMPLETED	BALANCE	\N	1	\N	\N	2026-04-01 21:56:25.172604+07	25	2880	147	145
2882	PRB-20260401145625-AB592F	PROFIT_COMMISSION	15.00	Profit rebate L2 from +62883123456789 - Drone Arundala (U7S9DFF)	COMPLETED	BALANCE	\N	2	\N	\N	2026-04-01 21:56:25.174134+07	25	2880	147	143
2883	PRB-20260401145625-CD380E	PROFIT_COMMISSION	5.00	Profit rebate L3 from +62883123456789 - Drone Arundala (U7S9DFF)	COMPLETED	BALANCE	\N	3	\N	\N	2026-04-01 21:56:25.178174+07	25	2880	147	2
2884	AUTO-20260401215625-305941	INTEREST	500.00	Automatic profit from Drone Arundala (U7S9DFF) investment	COMPLETED	BALANCE	\N	\N	\N	\N	2026-04-01 21:56:25.188561+07	25	\N	\N	147
2885	PRB-20260401145625-AE4BD4	PROFIT_COMMISSION	25.00	Profit rebate L1 from +62883123456789 - Drone Arundala (U7S9DFF)	COMPLETED	BALANCE	\N	1	\N	\N	2026-04-01 21:56:25.189944+07	25	2884	147	145
2886	PRB-20260401145625-11127A	PROFIT_COMMISSION	15.00	Profit rebate L2 from +62883123456789 - Drone Arundala (U7S9DFF)	COMPLETED	BALANCE	\N	2	\N	\N	2026-04-01 21:56:25.193012+07	25	2884	147	143
2887	PRB-20260401145625-D87ABB	PROFIT_COMMISSION	5.00	Profit rebate L3 from +62883123456789 - Drone Arundala (U7S9DFF)	COMPLETED	BALANCE	\N	3	\N	\N	2026-04-01 21:56:25.194535+07	25	2884	147	2
2888	AUTO-20260401215625-EC3BBF	INTEREST	500.00	Automatic profit from Drone Arundala (U7S9DFF) investment	COMPLETED	BALANCE	\N	\N	\N	\N	2026-04-01 21:56:25.202232+07	25	\N	\N	145
2889	PRB-20260401145625-7E1EB3	PROFIT_COMMISSION	25.00	Profit rebate L1 from +6288123456789 - Drone Arundala (U7S9DFF)	COMPLETED	BALANCE	\N	1	\N	\N	2026-04-01 21:56:25.204799+07	25	2888	145	143
2890	PRB-20260401145625-806765	PROFIT_COMMISSION	15.00	Profit rebate L2 from +6288123456789 - Drone Arundala (U7S9DFF)	COMPLETED	BALANCE	\N	2	\N	\N	2026-04-01 21:56:25.206351+07	25	2888	145	2
2891	AUTO-20260401215625-0A946A	INTEREST	500.00	Automatic profit from Drone Arundala (U7S9DFF) investment	COMPLETED	BALANCE	\N	\N	\N	\N	2026-04-01 21:56:25.215443+07	25	\N	\N	143
2892	PRB-20260401145625-32E5B9	PROFIT_COMMISSION	25.00	Profit rebate L1 from +6287123456789 - Drone Arundala (U7S9DFF)	COMPLETED	BALANCE	\N	1	\N	\N	2026-04-01 21:56:25.218511+07	25	2891	143	2
2893	AUTO-20260401215625-5C0507	INTEREST	500.00	Automatic profit from Drone Arundala (U7S9DFF) investment	COMPLETED	BALANCE	\N	\N	\N	\N	2026-04-01 21:56:25.227911+07	25	\N	\N	143
2894	PRB-20260401145625-3D94E0	PROFIT_COMMISSION	25.00	Profit rebate L1 from +6287123456789 - Drone Arundala (U7S9DFF)	COMPLETED	BALANCE	\N	1	\N	\N	2026-04-01 21:56:25.231004+07	25	2893	143	2
2895	AUTO-20260401215625-D7E629	INTEREST	500.00	Automatic profit from Drone Arundala (U7S9DFF) investment	COMPLETED	BALANCE	\N	\N	\N	\N	2026-04-01 21:56:25.238508+07	25	\N	\N	2
2896	AUTO-20260401215625-49565B	INTEREST	1000.00	Automatic profit from Drone Amythis (U9SODWK) investment	COMPLETED	BALANCE	\N	\N	\N	\N	2026-04-01 21:56:25.24469+07	26	\N	\N	2
3028	WD-FF763FABAE	WITHDRAW	25000.00	Withdrawal request	COMPLETED	BALANCE	\N	\N	\N	\N	2026-04-03 21:52:03.815132+07	\N	\N	\N	178
3175	PUR-20260404041633-67C8CC	INVESTMENTS	130000.00	Purchase Drone Arundala (U7S9DFF) (x1)	COMPLETED	BALANCE_DEPOSIT	1	\N	\N	\N	2026-04-04 11:16:33.316149+07	25	\N	\N	192
3176	REB-20260404041633-0FE024	PURCHASE_COMMISSION	13000.00	Purchase rebate L1 from +6282122425471 - Drone Arundala (U7S9DFF)	COMPLETED	BALANCE	\N	1	\N	\N	2026-04-04 11:16:33.323937+07	25	3175	192	191
3239	PUR-20260405051157-EB38E6	INVESTMENTS	7520000.00	Purchase Drone Aterio (U5MLSKI) (x1)	COMPLETED	BALANCE_DEPOSIT	1	\N	\N	\N	2026-04-05 12:11:57.002184+07	71	\N	\N	191
2302	MSN-20260307163554-149-69	MISSIONS	30000.00	Mission reward: Tingkatkan 6 anggota tingkat pertama yang aktif berinvestasi untuk mendapatkan bonus ini. (x1)	COMPLETED	BALANCE	\N	\N	\N	\N	2026-03-07 23:35:54.60617+07	\N	\N	\N	149
2897	ATT-20260401153715-67DDEB	ATTENDANCE	100.00	Daily attendance claim	COMPLETED	BALANCE	\N	\N	\N	\N	2026-04-01 22:37:15.139893+07	\N	\N	\N	167
3029	AUTO-20260403220512-77765A	INTEREST	17400.00	Automatic profit from Drone Arundala (U7S9DFF) investment	COMPLETED	BALANCE	\N	\N	\N	\N	2026-04-03 22:05:12.539113+07	25	\N	\N	149
3030	PRB-20260403150512-11B828	PROFIT_COMMISSION	870.00	Profit rebate L1 from +6281123456789 - Drone Arundala (U7S9DFF)	COMPLETED	BALANCE	\N	1	\N	\N	2026-04-03 22:05:12.545561+07	25	3029	149	148
3031	PRB-20260403150512-5072D6	PROFIT_COMMISSION	522.00	Profit rebate L2 from +6281123456789 - Drone Arundala (U7S9DFF)	COMPLETED	BALANCE	\N	2	\N	\N	2026-04-03 22:05:12.549208+07	25	3029	149	147
3032	PRB-20260403150512-C81599	PROFIT_COMMISSION	174.00	Profit rebate L3 from +6281123456789 - Drone Arundala (U7S9DFF)	COMPLETED	BALANCE	\N	3	\N	\N	2026-04-03 22:05:12.552846+07	25	3029	149	145
3033	AUTO-20260403220512-970A48	INTEREST	17400.00	Automatic profit from Drone Arundala (U7S9DFF) investment	COMPLETED	BALANCE	\N	\N	\N	\N	2026-04-03 22:05:12.600416+07	25	\N	\N	158
3034	PRB-20260403150512-8E4A47	PROFIT_COMMISSION	870.00	Profit rebate L1 from +62857319731843 - Drone Arundala (U7S9DFF)	COMPLETED	BALANCE	\N	1	\N	\N	2026-04-03 22:05:12.601951+07	25	3033	158	149
3035	PRB-20260403150512-7BBF54	PROFIT_COMMISSION	522.00	Profit rebate L2 from +62857319731843 - Drone Arundala (U7S9DFF)	COMPLETED	BALANCE	\N	2	\N	\N	2026-04-03 22:05:12.60555+07	25	3033	158	148
3036	PRB-20260403150512-AEE128	PROFIT_COMMISSION	174.00	Profit rebate L3 from +62857319731843 - Drone Arundala (U7S9DFF)	COMPLETED	BALANCE	\N	3	\N	\N	2026-04-03 22:05:12.607062+07	25	3033	158	147
3037	AUTO-20260403220512-199C4F	INTEREST	17400.00	Automatic profit from Drone Arundala (U7S9DFF) investment	COMPLETED	BALANCE	\N	\N	\N	\N	2026-04-03 22:05:12.635884+07	25	\N	\N	157
3038	PRB-20260403150512-4C8995	PROFIT_COMMISSION	870.00	Profit rebate L1 from +6281111111189 - Drone Arundala (U7S9DFF)	COMPLETED	BALANCE	\N	1	\N	\N	2026-04-03 22:05:12.639937+07	25	3037	157	149
3039	PRB-20260403150512-8B8C4B	PROFIT_COMMISSION	522.00	Profit rebate L2 from +6281111111189 - Drone Arundala (U7S9DFF)	COMPLETED	BALANCE	\N	2	\N	\N	2026-04-03 22:05:12.641978+07	25	3037	157	148
3040	PRB-20260403150512-F4F5C3	PROFIT_COMMISSION	174.00	Profit rebate L3 from +6281111111189 - Drone Arundala (U7S9DFF)	COMPLETED	BALANCE	\N	3	\N	\N	2026-04-03 22:05:12.64503+07	25	3037	157	147
3041	AUTO-20260403220512-D473C7	INTEREST	17400.00	Automatic profit from Drone Arundala (U7S9DFF) investment	COMPLETED	BALANCE	\N	\N	\N	\N	2026-04-03 22:05:12.671935+07	25	\N	\N	156
3042	PRB-20260403150512-F20442	PROFIT_COMMISSION	870.00	Profit rebate L1 from +6281111111789 - Drone Arundala (U7S9DFF)	COMPLETED	BALANCE	\N	1	\N	\N	2026-04-03 22:05:12.675649+07	25	3041	156	149
3043	PRB-20260403150512-524C74	PROFIT_COMMISSION	522.00	Profit rebate L2 from +6281111111789 - Drone Arundala (U7S9DFF)	COMPLETED	BALANCE	\N	2	\N	\N	2026-04-03 22:05:12.678722+07	25	3041	156	148
3044	PRB-20260403150512-C9C238	PROFIT_COMMISSION	174.00	Profit rebate L3 from +6281111111789 - Drone Arundala (U7S9DFF)	COMPLETED	BALANCE	\N	3	\N	\N	2026-04-03 22:05:12.681855+07	25	3041	156	147
3045	AUTO-20260403220512-1FEEC5	INTEREST	17400.00	Automatic profit from Drone Arundala (U7S9DFF) investment	COMPLETED	BALANCE	\N	\N	\N	\N	2026-04-03 22:05:12.705332+07	25	\N	\N	155
3046	PRB-20260403150512-8D9075	PROFIT_COMMISSION	870.00	Profit rebate L1 from +62811111456789 - Drone Arundala (U7S9DFF)	COMPLETED	BALANCE	\N	1	\N	\N	2026-04-03 22:05:12.706866+07	25	3045	155	149
3047	PRB-20260403150512-6451BC	PROFIT_COMMISSION	522.00	Profit rebate L2 from +62811111456789 - Drone Arundala (U7S9DFF)	COMPLETED	BALANCE	\N	2	\N	\N	2026-04-03 22:05:12.709932+07	25	3045	155	148
3048	PRB-20260403150512-404D16	PROFIT_COMMISSION	174.00	Profit rebate L3 from +62811111456789 - Drone Arundala (U7S9DFF)	COMPLETED	BALANCE	\N	3	\N	\N	2026-04-03 22:05:12.71147+07	25	3045	155	147
3049	AUTO-20260403220512-8A6E42	INTEREST	17400.00	Automatic profit from Drone Arundala (U7S9DFF) investment	COMPLETED	BALANCE	\N	\N	\N	\N	2026-04-03 22:05:12.736248+07	25	\N	\N	154
3050	PRB-20260403150512-F823F5	PROFIT_COMMISSION	870.00	Profit rebate L1 from +62811113456789 - Drone Arundala (U7S9DFF)	COMPLETED	BALANCE	\N	1	\N	\N	2026-04-03 22:05:12.73985+07	25	3049	154	149
3051	PRB-20260403150512-553089	PROFIT_COMMISSION	522.00	Profit rebate L2 from +62811113456789 - Drone Arundala (U7S9DFF)	COMPLETED	BALANCE	\N	2	\N	\N	2026-04-03 22:05:12.742241+07	25	3049	154	148
3052	PRB-20260403150512-F39114	PROFIT_COMMISSION	174.00	Profit rebate L3 from +62811113456789 - Drone Arundala (U7S9DFF)	COMPLETED	BALANCE	\N	3	\N	\N	2026-04-03 22:05:12.745285+07	25	3049	154	147
3053	AUTO-20260403220512-0E49F5	INTEREST	17400.00	Automatic profit from Drone Arundala (U7S9DFF) investment	COMPLETED	BALANCE	\N	\N	\N	\N	2026-04-03 22:05:12.77094+07	25	\N	\N	153
3054	PRB-20260403150512-D86104	PROFIT_COMMISSION	870.00	Profit rebate L1 from +62811123456789 - Drone Arundala (U7S9DFF)	COMPLETED	BALANCE	\N	1	\N	\N	2026-04-03 22:05:12.772471+07	25	3053	153	149
3055	PRB-20260403150512-E7771B	PROFIT_COMMISSION	522.00	Profit rebate L2 from +62811123456789 - Drone Arundala (U7S9DFF)	COMPLETED	BALANCE	\N	2	\N	\N	2026-04-03 22:05:12.775544+07	25	3053	153	148
3056	PRB-20260403150512-CBAB24	PROFIT_COMMISSION	174.00	Profit rebate L3 from +62811123456789 - Drone Arundala (U7S9DFF)	COMPLETED	BALANCE	\N	3	\N	\N	2026-04-03 22:05:12.778428+07	25	3053	153	147
3057	AUTO-20260403220512-7D785B	INTEREST	17400.00	Automatic profit from Drone Arundala (U7S9DFF) investment	COMPLETED	BALANCE	\N	\N	\N	\N	2026-04-03 22:05:12.80277+07	25	\N	\N	152
3058	PRB-20260403150512-671211	PROFIT_COMMISSION	870.00	Profit rebate L1 from +6281234456789 - Drone Arundala (U7S9DFF)	COMPLETED	BALANCE	\N	1	\N	\N	2026-04-03 22:05:12.805317+07	25	3057	152	151
3059	PRB-20260403150512-10C761	PROFIT_COMMISSION	522.00	Profit rebate L2 from +6281234456789 - Drone Arundala (U7S9DFF)	COMPLETED	BALANCE	\N	2	\N	\N	2026-04-03 22:05:12.808399+07	25	3057	152	150
3060	PRB-20260403150512-61764C	PROFIT_COMMISSION	174.00	Profit rebate L3 from +6281234456789 - Drone Arundala (U7S9DFF)	COMPLETED	BALANCE	\N	3	\N	\N	2026-04-03 22:05:12.81061+07	25	3057	152	149
3061	AUTO-20260403220512-08E7D0	INTEREST	17400.00	Automatic profit from Drone Arundala (U7S9DFF) investment	COMPLETED	BALANCE	\N	\N	\N	\N	2026-04-03 22:05:12.837107+07	25	\N	\N	151
3062	PRB-20260403150512-A18A3A	PROFIT_COMMISSION	870.00	Profit rebate L1 from +6281233456789 - Drone Arundala (U7S9DFF)	COMPLETED	BALANCE	\N	1	\N	\N	2026-04-03 22:05:12.840179+07	25	3061	151	150
3063	PRB-20260403150512-7A3B2C	PROFIT_COMMISSION	522.00	Profit rebate L2 from +6281233456789 - Drone Arundala (U7S9DFF)	COMPLETED	BALANCE	\N	2	\N	\N	2026-04-03 22:05:12.84121+07	25	3061	151	149
3064	PRB-20260403150512-A7C961	PROFIT_COMMISSION	174.00	Profit rebate L3 from +6281233456789 - Drone Arundala (U7S9DFF)	COMPLETED	BALANCE	\N	3	\N	\N	2026-04-03 22:05:12.84426+07	25	3061	151	148
2303	WD-C4F41C6011	WITHDRAW	35000.00	Withdrawal request	COMPLETED	BALANCE	\N	\N	\N	\N	2026-03-07 23:59:30.321601+07	\N	\N	\N	149
2898	ATT-20260402002716-00A36E	ATTENDANCE	200.00	Daily attendance claim	COMPLETED	BALANCE	\N	\N	\N	\N	2026-04-02 07:27:16.226971+07	\N	\N	\N	2
3065	AUTO-20260403220512-4DFA1C	INTEREST	17400.00	Automatic profit from Drone Arundala (U7S9DFF) investment	COMPLETED	BALANCE	\N	\N	\N	\N	2026-04-03 22:05:12.868154+07	25	\N	\N	150
3066	PRB-20260403150512-F96AF5	PROFIT_COMMISSION	870.00	Profit rebate L1 from +6281223456789 - Drone Arundala (U7S9DFF)	COMPLETED	BALANCE	\N	1	\N	\N	2026-04-03 22:05:12.872205+07	25	3065	150	149
3067	PRB-20260403150512-D64BEB	PROFIT_COMMISSION	522.00	Profit rebate L2 from +6281223456789 - Drone Arundala (U7S9DFF)	COMPLETED	BALANCE	\N	2	\N	\N	2026-04-03 22:05:12.873743+07	25	3065	150	148
3068	PRB-20260403150512-CB75E4	PROFIT_COMMISSION	174.00	Profit rebate L3 from +6281223456789 - Drone Arundala (U7S9DFF)	COMPLETED	BALANCE	\N	3	\N	\N	2026-04-03 22:05:12.877682+07	25	3065	150	147
3069	AUTO-20260403220512-BF057E	INTEREST	17400.00	Automatic profit from Drone Arundala (U7S9DFF) investment	COMPLETED	BALANCE	\N	\N	\N	\N	2026-04-03 22:05:12.905351+07	25	\N	\N	148
3070	PRB-20260403150512-BC7C13	PROFIT_COMMISSION	870.00	Profit rebate L1 from +6289123456789 - Drone Arundala (U7S9DFF)	COMPLETED	BALANCE	\N	1	\N	\N	2026-04-03 22:05:12.906881+07	25	3069	148	147
3071	PRB-20260403150512-BC984C	PROFIT_COMMISSION	522.00	Profit rebate L2 from +6289123456789 - Drone Arundala (U7S9DFF)	COMPLETED	BALANCE	\N	2	\N	\N	2026-04-03 22:05:12.910673+07	25	3069	148	145
3072	PRB-20260403150512-04CA86	PROFIT_COMMISSION	174.00	Profit rebate L3 from +6289123456789 - Drone Arundala (U7S9DFF)	COMPLETED	BALANCE	\N	3	\N	\N	2026-04-03 22:05:12.912731+07	25	3069	148	143
3073	AUTO-20260403220512-0D0DD9	INTEREST	500.00	Automatic profit from Drone Arundala (U7S9DFF) investment	COMPLETED	BALANCE	\N	\N	\N	\N	2026-04-03 22:05:12.940754+07	25	\N	\N	148
3074	PRB-20260403150512-7896DD	PROFIT_COMMISSION	25.00	Profit rebate L1 from +6289123456789 - Drone Arundala (U7S9DFF)	COMPLETED	BALANCE	\N	1	\N	\N	2026-04-03 22:05:12.942911+07	25	3073	148	147
3075	PRB-20260403150512-2B4C8E	PROFIT_COMMISSION	15.00	Profit rebate L2 from +6289123456789 - Drone Arundala (U7S9DFF)	COMPLETED	BALANCE	\N	2	\N	\N	2026-04-03 22:05:12.945967+07	25	3073	148	145
3076	PRB-20260403150512-B0A3AD	PROFIT_COMMISSION	5.00	Profit rebate L3 from +6289123456789 - Drone Arundala (U7S9DFF)	COMPLETED	BALANCE	\N	3	\N	\N	2026-04-03 22:05:12.947494+07	25	3073	148	143
3077	AUTO-20260403220512-B4D714	INTEREST	500.00	Automatic profit from Drone Arundala (U7S9DFF) investment	COMPLETED	BALANCE	\N	\N	\N	\N	2026-04-03 22:05:12.973643+07	25	\N	\N	147
3078	PRB-20260403150512-0EC8E5	PROFIT_COMMISSION	25.00	Profit rebate L1 from +62883123456789 - Drone Arundala (U7S9DFF)	COMPLETED	BALANCE	\N	1	\N	\N	2026-04-03 22:05:12.978563+07	25	3077	147	145
3079	PRB-20260403150512-DC5C8A	PROFIT_COMMISSION	15.00	Profit rebate L2 from +62883123456789 - Drone Arundala (U7S9DFF)	COMPLETED	BALANCE	\N	2	\N	\N	2026-04-03 22:05:12.991315+07	25	3077	147	143
3080	PRB-20260403150512-AEE303	PROFIT_COMMISSION	5.00	Profit rebate L3 from +62883123456789 - Drone Arundala (U7S9DFF)	COMPLETED	BALANCE	\N	3	\N	\N	2026-04-03 22:05:12.995291+07	25	3077	147	2
3081	AUTO-20260403220513-28B88F	INTEREST	500.00	Automatic profit from Drone Arundala (U7S9DFF) investment	COMPLETED	BALANCE	\N	\N	\N	\N	2026-04-03 22:05:13.021718+07	25	\N	\N	147
3082	PRB-20260403150513-734129	PROFIT_COMMISSION	25.00	Profit rebate L1 from +62883123456789 - Drone Arundala (U7S9DFF)	COMPLETED	BALANCE	\N	1	\N	\N	2026-04-03 22:05:13.025126+07	25	3081	147	145
3083	PRB-20260403150513-9CC2B5	PROFIT_COMMISSION	15.00	Profit rebate L2 from +62883123456789 - Drone Arundala (U7S9DFF)	COMPLETED	BALANCE	\N	2	\N	\N	2026-04-03 22:05:13.028242+07	25	3081	147	143
3084	PRB-20260403150513-4245ED	PROFIT_COMMISSION	5.00	Profit rebate L3 from +62883123456789 - Drone Arundala (U7S9DFF)	COMPLETED	BALANCE	\N	3	\N	\N	2026-04-03 22:05:13.031285+07	25	3081	147	2
3085	AUTO-20260403220513-F000CA	INTEREST	500.00	Automatic profit from Drone Arundala (U7S9DFF) investment	COMPLETED	BALANCE	\N	\N	\N	\N	2026-04-03 22:05:13.056482+07	25	\N	\N	145
3086	PRB-20260403150513-B4B357	PROFIT_COMMISSION	25.00	Profit rebate L1 from +6288123456789 - Drone Arundala (U7S9DFF)	COMPLETED	BALANCE	\N	1	\N	\N	2026-04-03 22:05:13.059556+07	25	3085	145	143
3087	PRB-20260403150513-C62289	PROFIT_COMMISSION	15.00	Profit rebate L2 from +6288123456789 - Drone Arundala (U7S9DFF)	COMPLETED	BALANCE	\N	2	\N	\N	2026-04-03 22:05:13.061095+07	25	3085	145	2
3088	AUTO-20260403220513-D06FE2	INTEREST	500.00	Automatic profit from Drone Arundala (U7S9DFF) investment	COMPLETED	BALANCE	\N	\N	\N	\N	2026-04-03 22:05:13.090995+07	25	\N	\N	143
3089	PRB-20260403150513-8A2E84	PROFIT_COMMISSION	25.00	Profit rebate L1 from +6287123456789 - Drone Arundala (U7S9DFF)	COMPLETED	BALANCE	\N	1	\N	\N	2026-04-03 22:05:13.093041+07	25	3088	143	2
3090	AUTO-20260403220513-59C52F	INTEREST	500.00	Automatic profit from Drone Arundala (U7S9DFF) investment	COMPLETED	BALANCE	\N	\N	\N	\N	2026-04-03 22:05:13.116112+07	25	\N	\N	143
3091	PRB-20260403150513-E7FDA5	PROFIT_COMMISSION	25.00	Profit rebate L1 from +6287123456789 - Drone Arundala (U7S9DFF)	COMPLETED	BALANCE	\N	1	\N	\N	2026-04-03 22:05:13.119618+07	25	3090	143	2
3092	AUTO-20260403220513-02CD12	INTEREST	500.00	Automatic profit from Drone Arundala (U7S9DFF) investment	COMPLETED	BALANCE	\N	\N	\N	\N	2026-04-03 22:05:13.142677+07	25	\N	\N	2
3093	AUTO-20260403220513-B2EF0B	INTEREST	1000.00	Automatic profit from Drone Amythis (U9SODWK) investment	COMPLETED	BALANCE	\N	\N	\N	\N	2026-04-03 22:05:13.167415+07	26	\N	\N	2
3177	PUR-20260404041736-6454E1	INVESTMENTS	460000.00	Purchase Drone Amythis (U9SODWK) (x1)	COMPLETED	BALANCE_DEPOSIT	1	\N	\N	\N	2026-04-04 11:17:36.271206+07	26	\N	\N	192
3240	PUR-20260405061605-3D9153	INVESTMENTS	4550000.00	Purchase Drone Avurpa (U3MLZTY) (x1)	COMPLETED	BALANCE_DEPOSIT	1	\N	\N	\N	2026-04-05 13:16:05.761551+07	29	\N	\N	191
467	PRB-20251128135102-4CFE40	PROFIT_COMMISSION	479.81	Profit rebate L2 from 0800123456789 - Sistem Omnisurg	COMPLETED	BALANCE	\N	2	\N	\N	2025-11-28 20:51:02.064964+07	\N	\N	\N	2
468	PRB-20251128135102-AEBD48	PROFIT_COMMISSION	239.90	Profit rebate L3 from 0800123456789 - Sistem Omnisurg	COMPLETED	BALANCE	\N	3	\N	\N	2025-11-28 20:51:02.150041+07	\N	\N	\N	1
2304	WD-68B8116673	WITHDRAW	38000.00	Withdrawal request	REJECTED	BALANCE	\N	\N	\N	\N	2026-03-08 00:04:03.448329+07	\N	\N	\N	149
2899	ATT-20260402042930-418ED4	ATTENDANCE	100.00	Daily attendance claim	COMPLETED	BALANCE	\N	\N	\N	\N	2026-04-02 11:29:30.962097+07	\N	\N	\N	168
3094	PUR-20260403152453-1DD9D8	INVESTMENTS	130000.00	Purchase Drone Arundala (U7S9DFF) (x1)	COMPLETED	BALANCE_DEPOSIT	1	\N	\N	\N	2026-04-03 22:24:53.835058+07	25	\N	\N	180
3095	REB-20260403152453-F7464A	PURCHASE_COMMISSION	13000.00	Purchase rebate L1 from +6281234567811 - Drone Arundala (U7S9DFF)	COMPLETED	BALANCE	\N	1	\N	\N	2026-04-03 22:24:53.858585+07	25	3094	180	178
3178	RLT-20260404041912-114E4E	BONUS	5000.00	Roulette prize: 5000	COMPLETED	BALANCE	\N	\N	\N	\N	2026-04-04 11:19:12.478026+07	\N	\N	\N	191
3241	AUTO-20260406075926-933DAD	INTEREST	16223.81	Automatic profit from Drone Amythis (U9SODWK) investment	COMPLETED	BALANCE	\N	\N	\N	\N	2026-04-06 07:59:26.458388+07	26	\N	\N	181
1916	REB-20260218122952-C866D2	PURCHASE_COMMISSION	3000.00	Purchase rebate L2 from +6285770404473 - Proyek Konservasi-Uji Coba Biota	COMPLETED	BALANCE	\N	2	\N	\N	2026-02-18 19:29:52.589314+07	\N	\N	\N	2
3242	AUTO-20260406075926-59C7C9	INTEREST	4604.62	Automatic profit from Drone Arundala (U7S9DFF) investment	COMPLETED	BALANCE	\N	\N	\N	\N	2026-04-06 07:59:26.547624+07	25	\N	\N	181
3243	PRB-20260406005926-61AB57	PROFIT_COMMISSION	230.23	Profit rebate L1 from +6281234567812 - Drone Arundala (U7S9DFF)	COMPLETED	BALANCE	\N	1	\N	\N	2026-04-06 07:59:26.555233+07	25	3242	181	178
3244	PRB-20260406005926-C2484C	PROFIT_COMMISSION	138.14	Profit rebate L2 from +6281234567812 - Drone Arundala (U7S9DFF)	COMPLETED	BALANCE	\N	2	\N	\N	2026-04-06 07:59:26.561369+07	25	3242	181	169
3245	AUTO-20260406075926-8370AA	INTEREST	17010.99	Automatic profit from Drone Amythis (U9SODWK) investment	COMPLETED	BALANCE	\N	\N	\N	\N	2026-04-06 07:59:26.584455+07	26	\N	\N	180
3246	AUTO-20260406075926-3AD0E2	INTEREST	4449.16	Automatic profit from Drone Arundala (U7S9DFF) investment	COMPLETED	BALANCE	\N	\N	\N	\N	2026-04-06 07:59:26.615046+07	25	\N	\N	180
3247	PRB-20260406005926-505320	PROFIT_COMMISSION	222.46	Profit rebate L1 from +6281234567811 - Drone Arundala (U7S9DFF)	COMPLETED	BALANCE	\N	1	\N	\N	2026-04-06 07:59:26.620779+07	25	3246	180	178
3248	PRB-20260406005926-2CA36A	PROFIT_COMMISSION	133.47	Profit rebate L2 from +6281234567811 - Drone Arundala (U7S9DFF)	COMPLETED	BALANCE	\N	2	\N	\N	2026-04-06 07:59:26.625547+07	25	3246	180	169
3249	AUTO-20260406075926-511E19	INTEREST	16808.25	Automatic profit from Drone Amythis (U9SODWK) investment	COMPLETED	BALANCE	\N	\N	\N	\N	2026-04-06 07:59:26.675114+07	26	\N	\N	173
3250	PRB-20260406005926-54A66D	PROFIT_COMMISSION	840.41	Profit rebate L1 from +6289191919191 - Drone Amythis (U9SODWK)	COMPLETED	BALANCE	\N	1	\N	\N	2026-04-06 07:59:26.681318+07	26	3249	173	2
3251	AUTO-20260406075926-0D9D71	INTEREST	4653.97	Automatic profit from Drone Arundala (U7S9DFF) investment	COMPLETED	BALANCE	\N	\N	\N	\N	2026-04-06 07:59:26.724895+07	25	\N	\N	173
3252	PRB-20260406005926-31B45E	PROFIT_COMMISSION	232.70	Profit rebate L1 from +6289191919191 - Drone Arundala (U7S9DFF)	COMPLETED	BALANCE	\N	1	\N	\N	2026-04-06 07:59:26.732069+07	25	3251	173	2
3253	AUTO-20260406075926-D88242	INTEREST	17400.00	Automatic profit from Drone Arundala (U7S9DFF) investment	COMPLETED	BALANCE	\N	\N	\N	\N	2026-04-06 07:59:26.761729+07	25	\N	\N	149
3254	PRB-20260406005926-137A46	PROFIT_COMMISSION	870.00	Profit rebate L1 from +6281123456789 - Drone Arundala (U7S9DFF)	COMPLETED	BALANCE	\N	1	\N	\N	2026-04-06 07:59:26.768146+07	25	3253	149	148
3255	PRB-20260406005926-7EAB9D	PROFIT_COMMISSION	522.00	Profit rebate L2 from +6281123456789 - Drone Arundala (U7S9DFF)	COMPLETED	BALANCE	\N	2	\N	\N	2026-04-06 07:59:26.773265+07	25	3253	149	147
3256	PRB-20260406005926-9564C7	PROFIT_COMMISSION	174.00	Profit rebate L3 from +6281123456789 - Drone Arundala (U7S9DFF)	COMPLETED	BALANCE	\N	3	\N	\N	2026-04-06 07:59:26.779791+07	25	3253	149	145
3257	AUTO-20260406075926-D861DB	INTEREST	17400.00	Automatic profit from Drone Arundala (U7S9DFF) investment	COMPLETED	BALANCE	\N	\N	\N	\N	2026-04-06 07:59:26.831726+07	25	\N	\N	158
3258	PRB-20260406005926-D9A8DE	PROFIT_COMMISSION	870.00	Profit rebate L1 from +62857319731843 - Drone Arundala (U7S9DFF)	COMPLETED	BALANCE	\N	1	\N	\N	2026-04-06 07:59:26.836791+07	25	3257	158	149
3259	PRB-20260406005926-8464CA	PROFIT_COMMISSION	522.00	Profit rebate L2 from +62857319731843 - Drone Arundala (U7S9DFF)	COMPLETED	BALANCE	\N	2	\N	\N	2026-04-06 07:59:26.841341+07	25	3257	158	148
3260	PRB-20260406005926-261F1F	PROFIT_COMMISSION	174.00	Profit rebate L3 from +62857319731843 - Drone Arundala (U7S9DFF)	COMPLETED	BALANCE	\N	3	\N	\N	2026-04-06 07:59:26.847812+07	25	3257	158	147
524	PRB-20251128135613-56E9FA	PROFIT_COMMISSION	2221.60	Profit rebate L3 from 80123456789 - Sistem Surgena	COMPLETED	BALANCE	\N	3	\N	\N	2025-11-28 20:56:13.366453+07	\N	\N	\N	2
3261	AUTO-20260406075926-CDA6DA	INTEREST	17400.00	Automatic profit from Drone Arundala (U7S9DFF) investment	COMPLETED	BALANCE	\N	\N	\N	\N	2026-04-06 07:59:26.893787+07	25	\N	\N	157
3262	PRB-20260406005926-1B9847	PROFIT_COMMISSION	870.00	Profit rebate L1 from +6281111111189 - Drone Arundala (U7S9DFF)	COMPLETED	BALANCE	\N	1	\N	\N	2026-04-06 07:59:26.898346+07	25	3261	157	149
528	PRB-20251128135613-A82FFB	PROFIT_COMMISSION	1491.60	Profit rebate L3 from 80123456789 - Sistem Vitaris	COMPLETED	BALANCE	\N	3	\N	\N	2025-11-28 20:56:13.756316+07	\N	\N	\N	2
3263	PRB-20260406005926-6EECD5	PROFIT_COMMISSION	522.00	Profit rebate L2 from +6281111111189 - Drone Arundala (U7S9DFF)	COMPLETED	BALANCE	\N	2	\N	\N	2026-04-06 07:59:26.903997+07	25	3261	157	148
3264	PRB-20260406005926-CED21D	PROFIT_COMMISSION	174.00	Profit rebate L3 from +6281111111189 - Drone Arundala (U7S9DFF)	COMPLETED	BALANCE	\N	3	\N	\N	2026-04-06 07:59:26.908633+07	25	3261	157	147
532	PRB-20251128135614-F7512B	PROFIT_COMMISSION	790.40	Profit rebate L3 from 80123456789 - Sistem Hermis	COMPLETED	BALANCE	\N	3	\N	\N	2025-11-28 20:56:14.144019+07	\N	\N	\N	2
3265	AUTO-20260406075926-407B6A	INTEREST	17400.00	Automatic profit from Drone Arundala (U7S9DFF) investment	COMPLETED	BALANCE	\N	\N	\N	\N	2026-04-06 07:59:26.954117+07	25	\N	\N	156
3266	PRB-20260406005926-38B144	PROFIT_COMMISSION	870.00	Profit rebate L1 from +6281111111789 - Drone Arundala (U7S9DFF)	COMPLETED	BALANCE	\N	1	\N	\N	2026-04-06 07:59:26.959706+07	25	3265	156	149
3267	PRB-20260406005926-55F222	PROFIT_COMMISSION	522.00	Profit rebate L2 from +6281111111789 - Drone Arundala (U7S9DFF)	COMPLETED	BALANCE	\N	2	\N	\N	2026-04-06 07:59:26.962831+07	25	3265	156	148
3268	PRB-20260406005926-B92400	PROFIT_COMMISSION	174.00	Profit rebate L3 from +6281111111789 - Drone Arundala (U7S9DFF)	COMPLETED	BALANCE	\N	3	\N	\N	2026-04-06 07:59:26.967534+07	25	3265	156	147
536	PRB-20251128135614-E045E0	PROFIT_COMMISSION	452.96	Profit rebate L3 from 80123456789 - Sistem Lyvion	COMPLETED	BALANCE	\N	3	\N	\N	2025-11-28 20:56:14.538965+07	\N	\N	\N	2
3269	AUTO-20260406075927-4192E4	INTEREST	17400.00	Automatic profit from Drone Arundala (U7S9DFF) investment	COMPLETED	BALANCE	\N	\N	\N	\N	2026-04-06 07:59:27.013065+07	25	\N	\N	155
540	PRB-20251128135614-C80F98	PROFIT_COMMISSION	239.90	Profit rebate L3 from 80123456789 - Sistem Omnisurg	COMPLETED	BALANCE	\N	3	\N	\N	2025-11-28 20:56:14.983699+07	\N	\N	\N	2
2305	WDREF-6D628DC5CF	REJECT	38000.00	Withdrawal rejected - refund	COMPLETED	BALANCE	\N	\N	\N	\N	2026-03-08 00:04:19.100767+07	\N	2304	\N	149
559	PRB-20251129135223-F130AA	PROFIT_COMMISSION	4443.20	Profit rebate L2 from 0800123456789 - Sistem Surgena	COMPLETED	BALANCE	\N	2	\N	\N	2025-11-29 20:52:23.831233+07	\N	\N	\N	2
560	PRB-20251129135223-819BC1	PROFIT_COMMISSION	2221.60	Profit rebate L3 from 0800123456789 - Sistem Surgena	COMPLETED	BALANCE	\N	3	\N	\N	2025-11-29 20:52:23.926569+07	\N	\N	\N	1
2900	VCH-20260402113220-F5F20E	VOUCHER	1000.00	Voucher claim TEST123	COMPLETED	BALANCE	\N	\N	15	TEST123	2026-04-02 11:32:20.726538+07	\N	\N	\N	168
563	PRB-20251129135224-D75261	PROFIT_COMMISSION	2983.20	Profit rebate L2 from 0800123456789 - Sistem Vitaris	COMPLETED	BALANCE	\N	2	\N	\N	2025-11-29 20:52:24.463145+07	\N	\N	\N	2
571	PRB-20251129135225-77B347	PROFIT_COMMISSION	905.92	Profit rebate L2 from 0800123456789 - Sistem Lyvion	COMPLETED	BALANCE	\N	2	\N	\N	2025-11-29 20:52:25.699676+07	\N	\N	\N	2
572	PRB-20251129135225-9F17E9	PROFIT_COMMISSION	452.96	Profit rebate L3 from 0800123456789 - Sistem Lyvion	COMPLETED	BALANCE	\N	3	\N	\N	2025-11-29 20:52:25.778262+07	\N	\N	\N	1
575	PRB-20251129135226-6BA870	PROFIT_COMMISSION	479.81	Profit rebate L2 from 0800123456789 - Sistem Omnisurg	COMPLETED	BALANCE	\N	2	\N	\N	2025-11-29 20:52:26.175592+07	\N	\N	\N	2
576	PRB-20251129135226-1A5871	PROFIT_COMMISSION	239.90	Profit rebate L3 from 0800123456789 - Sistem Omnisurg	COMPLETED	BALANCE	\N	3	\N	\N	2025-11-29 20:52:26.254874+07	\N	\N	\N	1
3096	DEP-20260403222537-1CCFF4	DEPOSIT	130000.00	Deposit via Jayapay (BALANCE_DEPOSIT)	FAILED	BALANCE_DEPOSIT	\N	\N	\N	\N	2026-04-03 22:25:37.61952+07	\N	\N	\N	180
3179	DEP-20260404112345-BB199A	DEPOSIT	600000.00	Deposit via Jayapay (BALANCE_DEPOSIT)	FAILED	BALANCE_DEPOSIT	\N	\N	\N	\N	2026-04-04 11:23:45.698521+07	\N	\N	\N	193
3270	PRB-20260406005927-2D7582	PROFIT_COMMISSION	870.00	Profit rebate L1 from +62811111456789 - Drone Arundala (U7S9DFF)	COMPLETED	BALANCE	\N	1	\N	\N	2026-04-06 07:59:27.018705+07	25	3269	155	149
3271	PRB-20260406005927-3BD1B5	PROFIT_COMMISSION	522.00	Profit rebate L2 from +62811111456789 - Drone Arundala (U7S9DFF)	COMPLETED	BALANCE	\N	2	\N	\N	2026-04-06 07:59:27.023289+07	25	3269	155	148
3272	PRB-20260406005927-C4B52A	PROFIT_COMMISSION	174.00	Profit rebate L3 from +62811111456789 - Drone Arundala (U7S9DFF)	COMPLETED	BALANCE	\N	3	\N	\N	2026-04-06 07:59:27.02791+07	25	3269	155	147
3273	AUTO-20260406075927-4A3103	INTEREST	17400.00	Automatic profit from Drone Arundala (U7S9DFF) investment	COMPLETED	BALANCE	\N	\N	\N	\N	2026-04-06 07:59:27.071343+07	25	\N	\N	154
3274	PRB-20260406005927-6A4500	PROFIT_COMMISSION	870.00	Profit rebate L1 from +62811113456789 - Drone Arundala (U7S9DFF)	COMPLETED	BALANCE	\N	1	\N	\N	2026-04-06 07:59:27.075829+07	25	3273	154	149
3275	PRB-20260406005927-0A6F9F	PROFIT_COMMISSION	522.00	Profit rebate L2 from +62811113456789 - Drone Arundala (U7S9DFF)	COMPLETED	BALANCE	\N	2	\N	\N	2026-04-06 07:59:27.081643+07	25	3273	154	148
3276	PRB-20260406005927-C392F9	PROFIT_COMMISSION	174.00	Profit rebate L3 from +62811113456789 - Drone Arundala (U7S9DFF)	COMPLETED	BALANCE	\N	3	\N	\N	2026-04-06 07:59:27.086331+07	25	3273	154	147
3277	AUTO-20260406075927-F18088	INTEREST	17400.00	Automatic profit from Drone Arundala (U7S9DFF) investment	COMPLETED	BALANCE	\N	\N	\N	\N	2026-04-06 07:59:27.13441+07	25	\N	\N	153
3278	PRB-20260406005927-E459F0	PROFIT_COMMISSION	870.00	Profit rebate L1 from +62811123456789 - Drone Arundala (U7S9DFF)	COMPLETED	BALANCE	\N	1	\N	\N	2026-04-06 07:59:27.139193+07	25	3277	153	149
3279	PRB-20260406005927-13D894	PROFIT_COMMISSION	522.00	Profit rebate L2 from +62811123456789 - Drone Arundala (U7S9DFF)	COMPLETED	BALANCE	\N	2	\N	\N	2026-04-06 07:59:27.143883+07	25	3277	153	148
3280	PRB-20260406005927-C352C4	PROFIT_COMMISSION	174.00	Profit rebate L3 from +62811123456789 - Drone Arundala (U7S9DFF)	COMPLETED	BALANCE	\N	3	\N	\N	2026-04-06 07:59:27.148527+07	25	3277	153	147
3281	AUTO-20260406075927-5B05E4	INTEREST	17400.00	Automatic profit from Drone Arundala (U7S9DFF) investment	COMPLETED	BALANCE	\N	\N	\N	\N	2026-04-06 07:59:27.196632+07	25	\N	\N	152
3282	PRB-20260406005927-E8BCB7	PROFIT_COMMISSION	870.00	Profit rebate L1 from +6281234456789 - Drone Arundala (U7S9DFF)	COMPLETED	BALANCE	\N	1	\N	\N	2026-04-06 07:59:27.212799+07	25	3281	152	151
3283	PRB-20260406005927-5F6C89	PROFIT_COMMISSION	522.00	Profit rebate L2 from +6281234456789 - Drone Arundala (U7S9DFF)	COMPLETED	BALANCE	\N	2	\N	\N	2026-04-06 07:59:27.217337+07	25	3281	152	150
632	PRB-20251129135733-903CA0	PROFIT_COMMISSION	2221.60	Profit rebate L3 from 80123456789 - Sistem Surgena	COMPLETED	BALANCE	\N	3	\N	\N	2025-11-29 20:57:33.504578+07	\N	\N	\N	2
3284	PRB-20260406005927-A17137	PROFIT_COMMISSION	174.00	Profit rebate L3 from +6281234456789 - Drone Arundala (U7S9DFF)	COMPLETED	BALANCE	\N	3	\N	\N	2026-04-06 07:59:27.221954+07	25	3281	152	149
3285	AUTO-20260406075927-F93E95	INTEREST	17400.00	Automatic profit from Drone Arundala (U7S9DFF) investment	COMPLETED	BALANCE	\N	\N	\N	\N	2026-04-06 07:59:27.266858+07	25	\N	\N	151
636	PRB-20251129135733-94A84E	PROFIT_COMMISSION	1491.60	Profit rebate L3 from 80123456789 - Sistem Vitaris	COMPLETED	BALANCE	\N	3	\N	\N	2025-11-29 20:57:33.919141+07	\N	\N	\N	2
3286	PRB-20260406005927-CDCC89	PROFIT_COMMISSION	870.00	Profit rebate L1 from +6281233456789 - Drone Arundala (U7S9DFF)	COMPLETED	BALANCE	\N	1	\N	\N	2026-04-06 07:59:27.272036+07	25	3285	151	150
3287	PRB-20260406005927-80DA26	PROFIT_COMMISSION	522.00	Profit rebate L2 from +6281233456789 - Drone Arundala (U7S9DFF)	COMPLETED	BALANCE	\N	2	\N	\N	2026-04-06 07:59:27.275195+07	25	3285	151	149
640	PRB-20251129135734-701FB5	PROFIT_COMMISSION	790.40	Profit rebate L3 from 80123456789 - Sistem Hermis	COMPLETED	BALANCE	\N	3	\N	\N	2025-11-29 20:57:34.323988+07	\N	\N	\N	2
3288	PRB-20260406005927-5B50FD	PROFIT_COMMISSION	174.00	Profit rebate L3 from +6281233456789 - Drone Arundala (U7S9DFF)	COMPLETED	BALANCE	\N	3	\N	\N	2026-04-06 07:59:27.279888+07	25	3285	151	148
3289	AUTO-20260406075927-8A8BA5	INTEREST	17400.00	Automatic profit from Drone Arundala (U7S9DFF) investment	COMPLETED	BALANCE	\N	\N	\N	\N	2026-04-06 07:59:27.329971+07	25	\N	\N	150
644	PRB-20251129135734-AB8B1E	PROFIT_COMMISSION	452.96	Profit rebate L3 from 80123456789 - Sistem Lyvion	COMPLETED	BALANCE	\N	3	\N	\N	2025-11-29 20:57:34.774413+07	\N	\N	\N	2
3290	PRB-20260406005927-F8421F	PROFIT_COMMISSION	870.00	Profit rebate L1 from +6281223456789 - Drone Arundala (U7S9DFF)	COMPLETED	BALANCE	\N	1	\N	\N	2026-04-06 07:59:27.334306+07	25	3289	150	149
3291	PRB-20260406005927-4952CC	PROFIT_COMMISSION	522.00	Profit rebate L2 from +6281223456789 - Drone Arundala (U7S9DFF)	COMPLETED	BALANCE	\N	2	\N	\N	2026-04-06 07:59:27.339073+07	25	3289	150	148
648	PRB-20251129135735-DA7596	PROFIT_COMMISSION	239.90	Profit rebate L3 from 80123456789 - Sistem Omnisurg	COMPLETED	BALANCE	\N	3	\N	\N	2025-11-29 20:57:35.198832+07	\N	\N	\N	2
3292	PRB-20260406005927-9CA68B	PROFIT_COMMISSION	174.00	Profit rebate L3 from +6281223456789 - Drone Arundala (U7S9DFF)	COMPLETED	BALANCE	\N	3	\N	\N	2026-04-06 07:59:27.343306+07	25	3289	150	147
3293	AUTO-20260406075927-8735C8	INTEREST	17400.00	Automatic profit from Drone Arundala (U7S9DFF) investment	COMPLETED	BALANCE	\N	\N	\N	\N	2026-04-06 07:59:27.393211+07	25	\N	\N	148
2306	ATT-20260307170806-1A7669	ATTENDANCE	1000.00	Daily attendance claim	COMPLETED	BALANCE	\N	\N	\N	\N	2026-03-08 00:08:06.517295+07	\N	\N	\N	149
2901	ATT-20260402133035-C844F0	ATTENDANCE	100.00	Daily attendance claim	COMPLETED	BALANCE	\N	\N	\N	\N	2026-04-02 20:30:35.571615+07	\N	\N	\N	169
333	PRB-20251126134717-ED1F2C	PROFIT_COMMISSION	187.20	Profit rebate L2 from 88585858585 - Sistem Celenix	COMPLETED	BALANCE	\N	2	\N	\N	2025-11-26 20:47:17.995788+07	\N	\N	\N	1
3097	PUR-20260403152646-10B4FA	INVESTMENTS	460000.00	Purchase Drone Amythis (U9SODWK) (x1)	COMPLETED	BALANCE_DEPOSIT	1	\N	\N	\N	2026-04-03 22:26:46.338577+07	26	\N	\N	180
3180	PUR-20260404042550-AF4B6E	INVESTMENTS	130000.00	Purchase Drone Arundala (U7S9DFF) (x1)	COMPLETED	BALANCE_DEPOSIT	1	\N	\N	\N	2026-04-04 11:25:50.446548+07	25	\N	\N	193
3181	REB-20260404042550-98BD0B	PURCHASE_COMMISSION	13000.00	Purchase rebate L1 from +6282122425472 - Drone Arundala (U7S9DFF)	COMPLETED	BALANCE	\N	1	\N	\N	2026-04-04 11:25:50.454207+07	25	3180	193	192
3294	PRB-20260406005927-C72B76	PROFIT_COMMISSION	870.00	Profit rebate L1 from +6289123456789 - Drone Arundala (U7S9DFF)	COMPLETED	BALANCE	\N	1	\N	\N	2026-04-06 07:59:27.397972+07	25	3293	148	147
3295	PRB-20260406005927-ED99C1	PROFIT_COMMISSION	522.00	Profit rebate L2 from +6289123456789 - Drone Arundala (U7S9DFF)	COMPLETED	BALANCE	\N	2	\N	\N	2026-04-06 07:59:27.401649+07	25	3293	148	145
1652	REB-20260124175246-46C52D	PURCHASE_COMMISSION	17600.00	Purchase rebate L1 from +6286565656565 - Cloud AI	COMPLETED	BALANCE	\N	1	\N	\N	2026-01-25 00:52:46.245625+07	\N	\N	\N	2
364	PRB-20251127134705-BCC92C	PROFIT_COMMISSION	187.20	Profit rebate L2 from 0800123456789 - Sistem Celenix	COMPLETED	BALANCE	\N	2	\N	\N	2025-11-27 20:47:05.11113+07	\N	\N	\N	2
365	PRB-20251127134705-0CC021	PROFIT_COMMISSION	93.60	Profit rebate L3 from 0800123456789 - Sistem Celenix	COMPLETED	BALANCE	\N	3	\N	\N	2025-11-27 20:47:05.175652+07	\N	\N	\N	1
3296	PRB-20260406005927-64AAAE	PROFIT_COMMISSION	174.00	Profit rebate L3 from +6289123456789 - Drone Arundala (U7S9DFF)	COMPLETED	BALANCE	\N	3	\N	\N	2026-04-06 07:59:27.406406+07	25	3293	148	143
3297	AUTO-20260406075927-96C4D5	INTEREST	500.00	Automatic profit from Drone Arundala (U7S9DFF) investment	COMPLETED	BALANCE	\N	\N	\N	\N	2026-04-06 07:59:27.450743+07	25	\N	\N	148
754	REB-20251201102830-74D1AF	PURCHASE_COMMISSION	450.00	Purchase rebate L3 from 082122425470 - Exx 01	COMPLETED	BALANCE	\N	3	\N	\N	2025-12-01 17:28:30.795939+07	\N	\N	\N	2
1350	REB-20260111153212-20E1F9	PURCHASE_COMMISSION	1000.00	Purchase rebate L1 from 85770404123 - Produk Test 01	COMPLETED	BALANCE	\N	1	\N	\N	2026-01-11 22:32:12.509658+07	\N	\N	\N	2
1351	REB-20260111153212-988591	PURCHASE_COMMISSION	100.00	Purchase rebate L2 from 85770404123 - Produk Test 01	COMPLETED	BALANCE	\N	2	\N	\N	2026-01-11 22:32:12.512722+07	\N	\N	\N	1
3298	PRB-20260406005927-A2885A	PROFIT_COMMISSION	25.00	Profit rebate L1 from +6289123456789 - Drone Arundala (U7S9DFF)	COMPLETED	BALANCE	\N	1	\N	\N	2026-04-06 07:59:27.456317+07	25	3297	148	147
3299	PRB-20260406005927-61C92D	PROFIT_COMMISSION	15.00	Profit rebate L2 from +6289123456789 - Drone Arundala (U7S9DFF)	COMPLETED	BALANCE	\N	2	\N	\N	2026-04-06 07:59:27.46096+07	25	3297	148	145
3300	PRB-20260406005927-C517F0	PROFIT_COMMISSION	5.00	Profit rebate L3 from +6289123456789 - Drone Arundala (U7S9DFF)	COMPLETED	BALANCE	\N	3	\N	\N	2026-04-06 07:59:27.465155+07	25	3297	148	143
3301	AUTO-20260406075927-CE3E06	INTEREST	500.00	Automatic profit from Drone Arundala (U7S9DFF) investment	COMPLETED	BALANCE	\N	\N	\N	\N	2026-04-06 07:59:27.510545+07	25	\N	\N	147
38	REB-20251110022347-0C240D	PURCHASE_COMMISSION	5997.60	Purchase rebate L3 from 80123456789 - Sistem Omnisurg	COMPLETED	BALANCE	\N	3	\N	\N	2025-11-10 09:23:47.260175+07	\N	\N	\N	2
3302	PRB-20260406005927-AE1B37	PROFIT_COMMISSION	25.00	Profit rebate L1 from +62883123456789 - Drone Arundala (U7S9DFF)	COMPLETED	BALANCE	\N	1	\N	\N	2026-04-06 07:59:27.514637+07	25	3301	147	145
3303	PRB-20260406005927-C255D5	PROFIT_COMMISSION	15.00	Profit rebate L2 from +62883123456789 - Drone Arundala (U7S9DFF)	COMPLETED	BALANCE	\N	2	\N	\N	2026-04-06 07:59:27.519407+07	25	3301	147	143
42	REB-20251110022349-45D7ED	PURCHASE_COMMISSION	11324.00	Purchase rebate L3 from 80123456789 - Sistem Lyvion	COMPLETED	BALANCE	\N	3	\N	\N	2025-11-10 09:23:49.924255+07	\N	\N	\N	2
3304	PRB-20260406005927-1816DB	PROFIT_COMMISSION	5.00	Profit rebate L3 from +62883123456789 - Drone Arundala (U7S9DFF)	COMPLETED	BALANCE	\N	3	\N	\N	2026-04-06 07:59:27.524675+07	25	3301	147	2
3305	AUTO-20260406075927-D50BA7	INTEREST	500.00	Automatic profit from Drone Arundala (U7S9DFF) investment	COMPLETED	BALANCE	\N	\N	\N	\N	2026-04-06 07:59:27.570333+07	25	\N	\N	147
46	REB-20251110022354-AAAF7A	PURCHASE_COMMISSION	19760.00	Purchase rebate L3 from 80123456789 - Sistem Hermis	COMPLETED	BALANCE	\N	3	\N	\N	2025-11-10 09:23:54.767883+07	\N	\N	\N	2
3306	PRB-20260406005927-CF7772	PROFIT_COMMISSION	25.00	Profit rebate L1 from +62883123456789 - Drone Arundala (U7S9DFF)	COMPLETED	BALANCE	\N	1	\N	\N	2026-04-06 07:59:27.575076+07	25	3305	147	145
3307	PRB-20260406005927-7D9496	PROFIT_COMMISSION	15.00	Profit rebate L2 from +62883123456789 - Drone Arundala (U7S9DFF)	COMPLETED	BALANCE	\N	2	\N	\N	2026-04-06 07:59:27.578154+07	25	3305	147	143
50	REB-20251110022357-B5F6F5	PURCHASE_COMMISSION	37290.00	Purchase rebate L3 from 80123456789 - Sistem Vitaris	COMPLETED	BALANCE	\N	3	\N	\N	2025-11-10 09:23:57.692006+07	\N	\N	\N	2
3308	PRB-20260406005927-8E3027	PROFIT_COMMISSION	5.00	Profit rebate L3 from +62883123456789 - Drone Arundala (U7S9DFF)	COMPLETED	BALANCE	\N	3	\N	\N	2026-04-06 07:59:27.583106+07	25	3305	147	2
3309	AUTO-20260406075927-625FE9	INTEREST	500.00	Automatic profit from Drone Arundala (U7S9DFF) investment	COMPLETED	BALANCE	\N	\N	\N	\N	2026-04-06 07:59:27.629554+07	25	\N	\N	145
54	REB-20251110022400-B93E56	PURCHASE_COMMISSION	55540.00	Purchase rebate L3 from 80123456789 - Sistem Surgena	COMPLETED	BALANCE	\N	3	\N	\N	2025-11-10 09:24:00.289547+07	\N	\N	\N	2
3310	PRB-20260406005927-CC7A93	PROFIT_COMMISSION	25.00	Profit rebate L1 from +6288123456789 - Drone Arundala (U7S9DFF)	COMPLETED	BALANCE	\N	1	\N	\N	2026-04-06 07:59:27.634489+07	25	3309	145	143
3311	PRB-20260406005927-84283F	PROFIT_COMMISSION	15.00	Profit rebate L2 from +6288123456789 - Drone Arundala (U7S9DFF)	COMPLETED	BALANCE	\N	2	\N	\N	2026-04-06 07:59:27.637637+07	25	3309	145	2
3312	AUTO-20260406075927-4C3ED0	INTEREST	500.00	Automatic profit from Drone Arundala (U7S9DFF) investment	COMPLETED	BALANCE	\N	\N	\N	\N	2026-04-06 07:59:27.681919+07	25	\N	\N	143
3313	PRB-20260406005927-24D917	PROFIT_COMMISSION	25.00	Profit rebate L1 from +6287123456789 - Drone Arundala (U7S9DFF)	COMPLETED	BALANCE	\N	1	\N	\N	2026-04-06 07:59:27.686591+07	25	3312	143	2
3314	AUTO-20260406075927-BC081A	INTEREST	500.00	Automatic profit from Drone Arundala (U7S9DFF) investment	COMPLETED	BALANCE	\N	\N	\N	\N	2026-04-06 07:59:27.732768+07	25	\N	\N	143
3315	PRB-20260406005927-606A0F	PROFIT_COMMISSION	25.00	Profit rebate L1 from +6287123456789 - Drone Arundala (U7S9DFF)	COMPLETED	BALANCE	\N	1	\N	\N	2026-04-06 07:59:27.740091+07	25	3314	143	2
3316	AUTO-20260406075927-4E132F	INTEREST	500.00	Automatic profit from Drone Arundala (U7S9DFF) investment	COMPLETED	BALANCE	\N	\N	\N	\N	2026-04-06 07:59:27.790011+07	25	\N	\N	2
3317	AUTO-20260406075927-94BC67	INTEREST	1000.00	Automatic profit from Drone Amythis (U9SODWK) investment	COMPLETED	BALANCE	\N	\N	\N	\N	2026-04-06 07:59:27.835794+07	26	\N	\N	2
2307	ADM-BALANCE_DEPOSIT-158-1772903496	CREDIT	100000.00	Admin increased balance_deposit by 100000	COMPLETED	BALANCE_DEPOSIT	\N	\N	\N	\N	2026-03-08 00:11:36.551637+07	\N	\N	\N	158
2902	VCH-20260402204113-0632D4	VOUCHER	1000.00	Voucher claim TEST123	COMPLETED	BALANCE	\N	\N	15	TEST123	2026-04-02 20:41:13.73484+07	\N	\N	\N	169
3098	DEP-20260403222855-43D00E	DEPOSIT	1300000.00	Deposit via Jayapay (BALANCE_DEPOSIT)	FAILED	BALANCE_DEPOSIT	\N	\N	\N	\N	2026-04-03 22:28:55.874962+07	\N	\N	\N	180
3182	PUR-20260404042700-86B29E	INVESTMENTS	460000.00	Purchase Drone Amythis (U9SODWK) (x1)	COMPLETED	BALANCE_DEPOSIT	1	\N	\N	\N	2026-04-04 11:27:00.916505+07	26	\N	\N	193
3183	REB-20260404042700-B8F479	PURCHASE_COMMISSION	46000.00	Purchase rebate L1 from +6282122425472 - Drone Amythis (U9SODWK)	COMPLETED	BALANCE	\N	1	\N	\N	2026-04-04 11:27:00.922617+07	26	3182	193	192
3318	AUTO-20260406090042-E42F8C	INTEREST	4637.90	Automatic profit from Drone Arundala (U7S9DFF) investment	COMPLETED	BALANCE	\N	\N	\N	\N	2026-04-06 09:00:42.379152+07	25	\N	\N	169
156	REB-20251110024800-0BB790	PURCHASE_COMMISSION	55935.00	Purchase rebate L2 from 0800123456789 - Sistem Vitaris	COMPLETED	BALANCE	\N	2	\N	\N	2025-11-10 09:48:00.499549+07	\N	\N	\N	2
157	REB-20251110024800-2FBC11	PURCHASE_COMMISSION	37290.00	Purchase rebate L3 from 0800123456789 - Sistem Vitaris	COMPLETED	BALANCE	\N	3	\N	\N	2025-11-10 09:48:00.500925+07	\N	\N	\N	1
160	REB-20251110024802-27773A	PURCHASE_COMMISSION	83310.00	Purchase rebate L2 from 0800123456789 - Sistem Surgena	COMPLETED	BALANCE	\N	2	\N	\N	2025-11-10 09:48:02.76614+07	\N	\N	\N	2
206	PRB-20251126134654-952880	PROFIT_COMMISSION	790.40	Profit rebate L3 from 0800123456789 - Sistem Hermis	COMPLETED	BALANCE	\N	3	\N	\N	2025-11-26 20:46:54.392545+07	\N	\N	\N	1
221	PRB-20251126134656-273625	PROFIT_COMMISSION	479.81	Profit rebate L2 from 0800123456789 - Sistem Omnisurg	COMPLETED	BALANCE	\N	2	\N	\N	2025-11-26 20:46:56.081586+07	\N	\N	\N	2
222	PRB-20251126134656-229B41	PROFIT_COMMISSION	239.90	Profit rebate L3 from 0800123456789 - Sistem Omnisurg	COMPLETED	BALANCE	\N	3	\N	\N	2025-11-26 20:46:56.142526+07	\N	\N	\N	1
2308	PUR-20260307171243-BDBC9D	INVESTMENTS	58000.00	Purchase Aset Standar I (x1)	COMPLETED	BALANCE_DEPOSIT	1	\N	\N	\N	2026-03-08 00:12:43.845233+07	25	\N	\N	158
310	PRB-20251126134715-64FF68	PROFIT_COMMISSION	2221.60	Profit rebate L3 from 80123456789 - Sistem Surgena	COMPLETED	BALANCE	\N	3	\N	\N	2025-11-26 20:47:15.312616+07	\N	\N	\N	2
2309	REB-20260307171243-CF99D1	PURCHASE_COMMISSION	19140.00	Purchase rebate L1 from +62857319731843 - Aset Standar I	COMPLETED	BALANCE	\N	1	\N	\N	2026-03-08 00:12:43.872902+07	25	2308	158	149
2310	REB-20260307171243-0F74C2	PURCHASE_COMMISSION	1160.00	Purchase rebate L2 from +62857319731843 - Aset Standar I	COMPLETED	BALANCE	\N	2	\N	\N	2026-03-08 00:12:43.87599+07	25	2308	158	148
314	PRB-20251126134715-25082B	PROFIT_COMMISSION	1491.60	Profit rebate L3 from 80123456789 - Sistem Vitaris	COMPLETED	BALANCE	\N	3	\N	\N	2025-11-26 20:47:15.721434+07	\N	\N	\N	2
2311	REB-20260307171243-59D1A9	PURCHASE_COMMISSION	580.00	Purchase rebate L3 from +62857319731843 - Aset Standar I	COMPLETED	BALANCE	\N	3	\N	\N	2026-03-08 00:12:43.878544+07	25	2308	158	147
318	PRB-20251126134716-402A8C	PROFIT_COMMISSION	790.40	Profit rebate L3 from 80123456789 - Sistem Hermis	COMPLETED	BALANCE	\N	3	\N	\N	2025-11-26 20:47:16.146717+07	\N	\N	\N	2
2903	ADM-BALANCE_DEPOSIT-169-1775137347	CREDIT	10000.00	Admin increased balance_deposit by 10000	COMPLETED	BALANCE_DEPOSIT	\N	\N	\N	\N	2026-04-02 20:42:27.119302+07	\N	\N	\N	169
3099	MSN-20260403152939-178-81	MISSIONS	25000.00	Mission reward: Teman isi ulang Rp 1300000 saya dapat, (x1)	COMPLETED	BALANCE	\N	\N	\N	\N	2026-04-03 22:29:39.285407+07	\N	\N	\N	178
322	PRB-20251126134716-E34BDE	PROFIT_COMMISSION	452.96	Profit rebate L3 from 80123456789 - Sistem Lyvion	COMPLETED	BALANCE	\N	3	\N	\N	2025-11-26 20:47:16.552075+07	\N	\N	\N	2
3184	ATT-20260404042907-A5AB5C	ATTENDANCE	100.00	Daily attendance claim	COMPLETED	BALANCE	\N	\N	\N	\N	2026-04-04 11:29:07.375299+07	\N	\N	\N	194
3319	AUTO-20260406092043-A4EAD5	INTEREST	6355.15	Automatic profit from Drone Meleza (K80SDML) investment	COMPLETED	BALANCE	\N	\N	\N	\N	2026-04-06 09:20:43.789335+07	80	\N	\N	169
326	PRB-20251126134716-3778A0	PROFIT_COMMISSION	239.90	Profit rebate L3 from 80123456789 - Sistem Omnisurg	COMPLETED	BALANCE	\N	3	\N	\N	2025-11-26 20:47:16.949386+07	\N	\N	\N	2
3320	AUTO-20260406092043-25635D	INTEREST	10671.63	Automatic profit from Drone Czorto (MU7PL6A) investment	COMPLETED	BALANCE	\N	\N	\N	\N	2026-04-06 09:20:43.831872+07	73	\N	\N	169
344	PRB-20251127134701-F6DCD2	PROFIT_COMMISSION	4443.20	Profit rebate L2 from 0800123456789 - Sistem Surgena	COMPLETED	BALANCE	\N	2	\N	\N	2025-11-27 20:47:01.695139+07	\N	\N	\N	2
345	PRB-20251127134701-968675	PROFIT_COMMISSION	2221.60	Profit rebate L3 from 0800123456789 - Sistem Surgena	COMPLETED	BALANCE	\N	3	\N	\N	2025-11-27 20:47:01.758053+07	\N	\N	\N	1
348	PRB-20251127134702-6917F1	PROFIT_COMMISSION	2983.20	Profit rebate L2 from 0800123456789 - Sistem Vitaris	COMPLETED	BALANCE	\N	2	\N	\N	2025-11-27 20:47:02.078254+07	\N	\N	\N	2
349	PRB-20251127134702-EDACC1	PROFIT_COMMISSION	1491.60	Profit rebate L3 from 0800123456789 - Sistem Vitaris	COMPLETED	BALANCE	\N	3	\N	\N	2025-11-27 20:47:02.12993+07	\N	\N	\N	1
352	PRB-20251127134702-5E7A54	PROFIT_COMMISSION	1580.80	Profit rebate L2 from 0800123456789 - Sistem Hermis	COMPLETED	BALANCE	\N	2	\N	\N	2025-11-27 20:47:02.454489+07	\N	\N	\N	2
353	PRB-20251127134702-0A25A1	PROFIT_COMMISSION	790.40	Profit rebate L3 from 0800123456789 - Sistem Hermis	COMPLETED	BALANCE	\N	3	\N	\N	2025-11-27 20:47:02.519227+07	\N	\N	\N	1
356	PRB-20251127134704-B5275B	PROFIT_COMMISSION	905.92	Profit rebate L2 from 0800123456789 - Sistem Lyvion	COMPLETED	BALANCE	\N	2	\N	\N	2025-11-27 20:47:04.3576+07	\N	\N	\N	2
357	PRB-20251127134704-AB5B9B	PROFIT_COMMISSION	452.96	Profit rebate L3 from 0800123456789 - Sistem Lyvion	COMPLETED	BALANCE	\N	3	\N	\N	2025-11-27 20:47:04.422993+07	\N	\N	\N	1
360	PRB-20251127134704-88366C	PROFIT_COMMISSION	479.81	Profit rebate L2 from 0800123456789 - Sistem Omnisurg	COMPLETED	BALANCE	\N	2	\N	\N	2025-11-27 20:47:04.738953+07	\N	\N	\N	2
361	PRB-20251127134704-215148	PROFIT_COMMISSION	239.90	Profit rebate L3 from 0800123456789 - Sistem Omnisurg	COMPLETED	BALANCE	\N	3	\N	\N	2025-11-27 20:47:04.80176+07	\N	\N	\N	1
2312	MSN-20260307171325-149-70	MISSIONS	100000.00	Mission reward: Tingkatkan 15 anggota tingkat pertama yang aktif berinvestasi untuk mendapatkan bonus ini. (x1)	COMPLETED	BALANCE	\N	\N	\N	\N	2026-03-08 00:13:25.930195+07	\N	\N	\N	149
2904	ADM-BALANCE_DEPOSIT-169-1775137387	CREDIT	100000.00	Admin increased balance_deposit by 100000	COMPLETED	BALANCE_DEPOSIT	\N	\N	\N	\N	2026-04-02 20:43:07.181553+07	\N	\N	\N	169
3100	MSN-20260403153149-180-69	MISSIONS	12000.00	Mission reward: Pesan 1 drone untuk mendapatkan (x1)	COMPLETED	BALANCE	\N	\N	\N	\N	2026-04-03 22:31:49.449945+07	\N	\N	\N	180
3185	VCH-20260404112926-9B111C	VOUCHER	1000.00	Voucher claim TEST123	COMPLETED	BALANCE	\N	\N	15	TEST123	2026-04-04 11:29:26.034654+07	\N	\N	\N	194
3321	AUTO-20260406100046-944659	INTEREST	4448.52	Automatic profit from Drone Arundala (U7S9DFF) investment	COMPLETED	BALANCE	\N	\N	\N	\N	2026-04-06 10:00:46.126784+07	25	\N	\N	172
417	PRB-20251127135211-43A553	PROFIT_COMMISSION	2221.60	Profit rebate L3 from 80123456789 - Sistem Surgena	COMPLETED	BALANCE	\N	3	\N	\N	2025-11-27 20:52:11.385106+07	\N	\N	\N	2
3322	PRB-20260406030046-BD8642	PROFIT_COMMISSION	222.43	Profit rebate L1 from +6281808368211 - Drone Arundala (U7S9DFF)	COMPLETED	BALANCE	\N	1	\N	\N	2026-04-06 10:00:46.13707+07	25	3321	172	169
421	PRB-20251127135211-6629C2	PROFIT_COMMISSION	1491.60	Profit rebate L3 from 80123456789 - Sistem Vitaris	COMPLETED	BALANCE	\N	3	\N	\N	2025-11-27 20:52:11.822046+07	\N	\N	\N	2
425	PRB-20251127135212-71FF5F	PROFIT_COMMISSION	790.40	Profit rebate L3 from 80123456789 - Sistem Hermis	COMPLETED	BALANCE	\N	3	\N	\N	2025-11-27 20:52:12.217155+07	\N	\N	\N	2
429	PRB-20251127135212-E93EAA	PROFIT_COMMISSION	452.96	Profit rebate L3 from 80123456789 - Sistem Lyvion	COMPLETED	BALANCE	\N	3	\N	\N	2025-11-27 20:52:12.617056+07	\N	\N	\N	2
433	PRB-20251127135213-83152E	PROFIT_COMMISSION	239.90	Profit rebate L3 from 80123456789 - Sistem Omnisurg	COMPLETED	BALANCE	\N	3	\N	\N	2025-11-27 20:52:13.002589+07	\N	\N	\N	2
451	PRB-20251128135057-770D23	PROFIT_COMMISSION	4443.20	Profit rebate L2 from 0800123456789 - Sistem Surgena	COMPLETED	BALANCE	\N	2	\N	\N	2025-11-28 20:50:57.416949+07	\N	\N	\N	2
452	PRB-20251128135058-273F36	PROFIT_COMMISSION	2221.60	Profit rebate L3 from 0800123456789 - Sistem Surgena	COMPLETED	BALANCE	\N	3	\N	\N	2025-11-28 20:50:58.106967+07	\N	\N	\N	1
455	PRB-20251128135059-D15984	PROFIT_COMMISSION	2983.20	Profit rebate L2 from 0800123456789 - Sistem Vitaris	COMPLETED	BALANCE	\N	2	\N	\N	2025-11-28 20:50:59.545485+07	\N	\N	\N	2
456	PRB-20251128135059-96241F	PROFIT_COMMISSION	1491.60	Profit rebate L3 from 0800123456789 - Sistem Vitaris	COMPLETED	BALANCE	\N	3	\N	\N	2025-11-28 20:50:59.660202+07	\N	\N	\N	1
459	PRB-20251128135100-83252F	PROFIT_COMMISSION	1580.80	Profit rebate L2 from 0800123456789 - Sistem Hermis	COMPLETED	BALANCE	\N	2	\N	\N	2025-11-28 20:51:00.369326+07	\N	\N	\N	2
460	PRB-20251128135100-2CAFD3	PROFIT_COMMISSION	790.40	Profit rebate L3 from 0800123456789 - Sistem Hermis	COMPLETED	BALANCE	\N	3	\N	\N	2025-11-28 20:51:00.483261+07	\N	\N	\N	1
14	REB-20251109174259-5146A6	PURCHASE_COMMISSION	8190.00	Purchase rebate L1 from 88585858585 - Sistem Celenix	COMPLETED	BALANCE	\N	1	\N	\N	2025-11-10 00:42:59.20934+07	\N	\N	\N	2
15	REB-20251109174259-A454F0	PURCHASE_COMMISSION	3510.00	Purchase rebate L2 from 88585858585 - Sistem Celenix	COMPLETED	BALANCE	\N	2	\N	\N	2025-11-10 00:42:59.210999+07	\N	\N	\N	1
668	PRB-20251130135531-EF9BFF	PROFIT_COMMISSION	187.20	Profit rebate L2 from 0800123456789 - Sistem Celenix	COMPLETED	BALANCE	\N	2	\N	\N	2025-11-30 20:55:31.707472+07	\N	\N	\N	2
2313	ADM-BALANCE_DEPOSIT-149-1772903811	CREDIT	1000000.00	Admin increased balance_deposit by 1000000	COMPLETED	BALANCE_DEPOSIT	\N	\N	\N	\N	2026-03-08 00:16:51.31454+07	\N	\N	\N	149
2905	ADM-BALANCE-169-1775137410	CREDIT	100000.00	Admin increased balance by 100000	COMPLETED	BALANCE	\N	\N	\N	\N	2026-04-02 20:43:30.036777+07	\N	\N	\N	169
3101	PUR-20260403153435-673A30	INVESTMENTS	130000.00	Purchase Drone Arundala (U7S9DFF) (x1)	COMPLETED	BALANCE_DEPOSIT	1	\N	\N	\N	2026-04-03 22:34:35.391701+07	25	\N	\N	181
1359	REB-20260111172552-A5FF32	PURCHASE_COMMISSION	100.00	Purchase rebate L2 from 86565656565 - Produk Test 01	COMPLETED	BALANCE	\N	2	\N	\N	2026-01-12 00:25:52.241889+07	\N	\N	\N	2
3102	REB-20260403153435-9927FE	PURCHASE_COMMISSION	13000.00	Purchase rebate L1 from +6281234567812 - Drone Arundala (U7S9DFF)	COMPLETED	BALANCE	\N	1	\N	\N	2026-04-03 22:34:35.399384+07	25	3101	181	178
3186	DEP-20260404113108-5BD722	DEPOSIT	750000.00	Deposit via Jayapay (BALANCE_DEPOSIT)	FAILED	BALANCE_DEPOSIT	\N	\N	\N	\N	2026-04-04 11:31:08.907392+07	\N	\N	\N	194
3323	AUTO-20260406100546-DE5648	INTEREST	294819.59	Automatic profit from Drone Aterio (U5MLSKI) investment	COMPLETED	BALANCE	\N	\N	\N	\N	2026-04-06 10:05:46.452018+07	71	\N	\N	172
140	REB-20251110024750-9851DA	PURCHASE_COMMISSION	3510.00	Purchase rebate L2 from 0800123456789 - Sistem Celenix	COMPLETED	BALANCE	\N	2	\N	\N	2025-11-10 09:47:50.997416+07	\N	\N	\N	2
141	REB-20251110024750-0FC251	PURCHASE_COMMISSION	2340.00	Purchase rebate L3 from 0800123456789 - Sistem Celenix	COMPLETED	BALANCE	\N	3	\N	\N	2025-11-10 09:47:50.998722+07	\N	\N	\N	1
707	REB-20251130154237-79C781	PURCHASE_COMMISSION	900.00	Purchase rebate L2 from 85764846494 - Exx 01	COMPLETED	BALANCE	\N	2	\N	\N	2025-11-30 22:42:37.492073+07	\N	\N	\N	2
708	REB-20251130154237-3131A3	PURCHASE_COMMISSION	450.00	Purchase rebate L3 from 85764846494 - Exx 01	COMPLETED	BALANCE	\N	3	\N	\N	2025-11-30 22:42:37.558732+07	\N	\N	\N	1
710	REB-20251130154358-5C24B6	PURCHASE_COMMISSION	11250.00	Purchase rebate L1 from 081808368210 - Exx 01	COMPLETED	BALANCE	\N	1	\N	\N	2025-11-30 22:43:58.494693+07	\N	\N	\N	2
711	REB-20251130154358-08F9C3	PURCHASE_COMMISSION	900.00	Purchase rebate L2 from 081808368210 - Exx 01	COMPLETED	BALANCE	\N	2	\N	\N	2025-11-30 22:43:58.557271+07	\N	\N	\N	1
714	REB-20251130154649-C1B029	PURCHASE_COMMISSION	25000.00	Purchase rebate L1 from 081808368210 - Exx 02	COMPLETED	BALANCE	\N	1	\N	\N	2025-11-30 22:46:49.412632+07	\N	\N	\N	2
715	REB-20251130154649-05BBEC	PURCHASE_COMMISSION	2000.00	Purchase rebate L2 from 081808368210 - Exx 02	COMPLETED	BALANCE	\N	2	\N	\N	2025-11-30 22:46:49.483567+07	\N	\N	\N	1
717	REB-20251130154706-EBABB6	PURCHASE_COMMISSION	45000.00	Purchase rebate L1 from 081808368210 - Exx 03	COMPLETED	BALANCE	\N	1	\N	\N	2025-11-30 22:47:06.656336+07	\N	\N	\N	2
734	REB-20251201075627-24134F	PURCHASE_COMMISSION	2000.00	Purchase rebate L2 from 081808368211 - Exx 02	COMPLETED	BALANCE	\N	2	\N	\N	2025-12-01 14:56:27.536795+07	\N	\N	\N	2
735	REB-20251201075627-14FA49	PURCHASE_COMMISSION	1000.00	Purchase rebate L3 from 081808368211 - Exx 02	COMPLETED	BALANCE	\N	3	\N	\N	2025-12-01 14:56:27.689352+07	\N	\N	\N	1
229	PRB-20251126134656-A928E4	PROFIT_COMMISSION	187.20	Profit rebate L2 from 0800123456789 - Sistem Celenix	COMPLETED	BALANCE	\N	2	\N	\N	2025-11-26 20:46:56.713136+07	\N	\N	\N	2
230	PRB-20251126134656-203096	PROFIT_COMMISSION	93.60	Profit rebate L3 from 0800123456789 - Sistem Celenix	COMPLETED	BALANCE	\N	3	\N	\N	2025-11-26 20:46:56.793896+07	\N	\N	\N	1
463	PRB-20251128135101-9318AE	PROFIT_COMMISSION	905.92	Profit rebate L2 from 0800123456789 - Sistem Lyvion	COMPLETED	BALANCE	\N	2	\N	\N	2025-11-28 20:51:01.477003+07	\N	\N	\N	2
464	PRB-20251128135101-AFE2E8	PROFIT_COMMISSION	452.96	Profit rebate L3 from 0800123456789 - Sistem Lyvion	COMPLETED	BALANCE	\N	3	\N	\N	2025-11-28 20:51:01.595223+07	\N	\N	\N	1
34	REB-20251110022338-CFDC58	PURCHASE_COMMISSION	2340.00	Purchase rebate L3 from 80123456789 - Sistem Celenix	COMPLETED	BALANCE	\N	3	\N	\N	2025-11-10 09:23:38.120118+07	\N	\N	\N	2
669	PRB-20251130135531-7E95AE	PROFIT_COMMISSION	93.60	Profit rebate L3 from 0800123456789 - Sistem Celenix	COMPLETED	BALANCE	\N	3	\N	\N	2025-11-30 20:55:31.780897+07	\N	\N	\N	1
2314	PUR-20260307171659-D09557	INVESTMENTS	58000.00	Purchase Aset Standar I (x1)	COMPLETED	BALANCE_DEPOSIT	1	\N	\N	\N	2026-03-08 00:16:59.237745+07	25	\N	\N	149
2315	REB-20260307171659-7D484B	PURCHASE_COMMISSION	19140.00	Purchase rebate L1 from +6281123456789 - Aset Standar I	COMPLETED	BALANCE	\N	1	\N	\N	2026-03-08 00:16:59.250873+07	25	2314	149	148
1353	REB-20260111153418-1C0D4F	PURCHASE_COMMISSION	2000.00	Purchase rebate L1 from 85770404123 - Produk Test 02	COMPLETED	BALANCE	\N	1	\N	\N	2026-01-11 22:34:18.391091+07	\N	\N	\N	2
1354	REB-20260111153418-2917D0	PURCHASE_COMMISSION	200.00	Purchase rebate L2 from 85770404123 - Produk Test 02	COMPLETED	BALANCE	\N	2	\N	\N	2026-01-11 22:34:18.39524+07	\N	\N	\N	1
681	PRB-20251130140034-B8DAC9	PROFIT_COMMISSION	93.60	Profit rebate L3 from 80123456789 - Sistem Celenix	COMPLETED	BALANCE	\N	3	\N	\N	2025-11-30 21:00:34.299492+07	\N	\N	\N	2
683	PRB-20251130140034-ABFF91	PROFIT_COMMISSION	327.60	Profit rebate L1 from 88585858585 - Sistem Celenix	COMPLETED	BALANCE	\N	1	\N	\N	2025-11-30 21:00:34.615368+07	\N	\N	\N	2
684	PRB-20251130140034-6A8572	PROFIT_COMMISSION	187.20	Profit rebate L2 from 88585858585 - Sistem Celenix	COMPLETED	BALANCE	\N	2	\N	\N	2025-11-30 21:00:34.673774+07	\N	\N	\N	1
2316	REB-20260307171659-6E8443	PURCHASE_COMMISSION	1160.00	Purchase rebate L2 from +6281123456789 - Aset Standar I	COMPLETED	BALANCE	\N	2	\N	\N	2026-03-08 00:16:59.255566+07	25	2314	149	147
2317	REB-20260307171659-0DF47C	PURCHASE_COMMISSION	580.00	Purchase rebate L3 from +6281123456789 - Aset Standar I	COMPLETED	BALANCE	\N	3	\N	\N	2026-03-08 00:16:59.257084+07	25	2314	149	145
700	REB-20251130153742-FD7780	PURCHASE_COMMISSION	900.00	Purchase rebate L2 from 857649464994 - Exx 01	COMPLETED	BALANCE	\N	2	\N	\N	2025-11-30 22:37:42.558151+07	\N	\N	\N	2
701	REB-20251130153742-F8F8AB	PURCHASE_COMMISSION	450.00	Purchase rebate L3 from 857649464994 - Exx 01	COMPLETED	BALANCE	\N	3	\N	\N	2025-11-30 22:37:42.631807+07	\N	\N	\N	1
718	REB-20251130154706-AD4DFA	PURCHASE_COMMISSION	3600.00	Purchase rebate L2 from 081808368210 - Exx 03	COMPLETED	BALANCE	\N	2	\N	\N	2025-11-30 22:47:06.724312+07	\N	\N	\N	1
2906	ADM-BALANCE_DEPOSIT-169-1775137582	CREDIT	20000.00	Admin increased balance_deposit by 20000	COMPLETED	BALANCE_DEPOSIT	\N	\N	\N	\N	2026-04-02 20:46:22.009132+07	\N	\N	\N	169
730	REB-20251201075228-361943	PURCHASE_COMMISSION	900.00	Purchase rebate L2 from 081808368211 - Exx 01	COMPLETED	BALANCE	\N	2	\N	\N	2025-12-01 14:52:28.396541+07	\N	\N	\N	2
731	REB-20251201075228-E26E7B	PURCHASE_COMMISSION	450.00	Purchase rebate L3 from 081808368211 - Exx 01	COMPLETED	BALANCE	\N	3	\N	\N	2025-12-01 14:52:28.488046+07	\N	\N	\N	1
3103	PUR-20260403153445-FC5112	INVESTMENTS	460000.00	Purchase Drone Amythis (U9SODWK) (x1)	COMPLETED	BALANCE_DEPOSIT	1	\N	\N	\N	2026-04-03 22:34:45.253453+07	26	\N	\N	181
3187	PUR-20260404043208-84D98E	INVESTMENTS	130000.00	Purchase Drone Arundala (U7S9DFF) (x1)	COMPLETED	BALANCE_DEPOSIT	1	\N	\N	\N	2026-04-04 11:32:08.10568+07	25	\N	\N	194
330	PRB-20251126134717-5AB205	PROFIT_COMMISSION	93.60	Profit rebate L3 from 80123456789 - Sistem Celenix	COMPLETED	BALANCE	\N	3	\N	\N	2025-11-26 20:47:17.479331+07	\N	\N	\N	2
332	PRB-20251126134717-91EECE	PROFIT_COMMISSION	327.60	Profit rebate L1 from 88585858585 - Sistem Celenix	COMPLETED	BALANCE	\N	1	\N	\N	2025-11-26 20:47:17.92509+07	\N	\N	\N	2
3188	REB-20260404043208-600D8D	PURCHASE_COMMISSION	13000.00	Purchase rebate L1 from +6282122425473 - Drone Arundala (U7S9DFF)	COMPLETED	BALANCE	\N	1	\N	\N	2026-04-04 11:32:08.113353+07	25	3187	194	193
3324	AUTO-20260406102047-C9D0E6	INTEREST	16121.23	Automatic profit from Drone Amythis (U9SODWK) investment	COMPLETED	BALANCE	\N	\N	\N	\N	2026-04-06 10:20:47.32346+07	26	\N	\N	174
3325	AUTO-20260406102047-9AE0BF	INTEREST	4511.40	Automatic profit from Drone Arundala (U7S9DFF) investment	COMPLETED	BALANCE	\N	\N	\N	\N	2026-04-06 10:20:47.363701+07	25	\N	\N	174
3326	PRB-20260406032047-A5D36D	PROFIT_COMMISSION	225.57	Profit rebate L1 from +6281808368212 - Drone Arundala (U7S9DFF)	COMPLETED	BALANCE	\N	1	\N	\N	2026-04-06 10:20:47.370637+07	25	3325	174	172
3327	PRB-20260406032047-EBAA6A	PROFIT_COMMISSION	135.34	Profit rebate L2 from +6281808368212 - Drone Arundala (U7S9DFF)	COMPLETED	BALANCE	\N	2	\N	\N	2026-04-06 10:20:47.375305+07	25	3325	174	169
437	PRB-20251127135213-1530BA	PROFIT_COMMISSION	93.60	Profit rebate L3 from 80123456789 - Sistem Celenix	COMPLETED	BALANCE	\N	3	\N	\N	2025-11-27 20:52:13.419555+07	\N	\N	\N	2
439	PRB-20251127135213-EC05F1	PROFIT_COMMISSION	327.60	Profit rebate L1 from 88585858585 - Sistem Celenix	COMPLETED	BALANCE	\N	1	\N	\N	2025-11-27 20:52:13.689078+07	\N	\N	\N	2
440	PRB-20251127135213-EA92A4	PROFIT_COMMISSION	187.20	Profit rebate L2 from 88585858585 - Sistem Celenix	COMPLETED	BALANCE	\N	2	\N	\N	2025-11-27 20:52:13.753219+07	\N	\N	\N	1
2318	DEP-20260308001711-8FBAFE	DEPOSIT	100000.00	Deposit via Jayapay (BALANCE_DEPOSIT)	FAILED	BALANCE_DEPOSIT	\N	\N	\N	\N	2026-03-08 00:17:11.091582+07	\N	\N	\N	149
2907	ADM-BALANCE_DEPOSIT-169-1775137761	CREDIT	10000.00	Admin increased balance_deposit by 10000	COMPLETED	BALANCE_DEPOSIT	\N	\N	\N	\N	2026-04-02 20:49:21.676215+07	\N	\N	\N	169
3104	ATT-20260403153534-5AFACA	ATTENDANCE	100.00	Daily attendance claim	COMPLETED	BALANCE	\N	\N	\N	\N	2026-04-03 22:35:34.069813+07	\N	\N	\N	181
3189	PUR-20260404043220-34AD34	INVESTMENTS	460000.00	Purchase Drone Amythis (U9SODWK) (x1)	COMPLETED	BALANCE_DEPOSIT	1	\N	\N	\N	2026-04-04 11:32:20.95584+07	26	\N	\N	194
3190	REB-20260404043220-90B270	PURCHASE_COMMISSION	46000.00	Purchase rebate L1 from +6282122425473 - Drone Amythis (U9SODWK)	COMPLETED	BALANCE	\N	1	\N	\N	2026-04-04 11:32:20.962907+07	26	3189	194	193
3328	AUTO-20260406102547-7A711A	INTEREST	4525.93	Automatic profit from Drone Arundala (U7S9DFF) investment	COMPLETED	BALANCE	\N	\N	\N	\N	2026-04-06 10:25:47.656974+07	25	\N	\N	191
3329	PRB-20260406032547-34DAB5	PROFIT_COMMISSION	226.30	Profit rebate L1 from +6282122425470 - Drone Arundala (U7S9DFF)	COMPLETED	BALANCE	\N	1	\N	\N	2026-04-06 10:25:47.665033+07	25	3328	191	178
3330	PRB-20260406032547-C481D9	PROFIT_COMMISSION	135.78	Profit rebate L2 from +6282122425470 - Drone Arundala (U7S9DFF)	COMPLETED	BALANCE	\N	2	\N	\N	2026-04-06 10:25:47.669694+07	25	3328	191	169
3331	AUTO-20260406102547-9CEEBE	INTEREST	4562.87	Automatic profit from Drone Arundala (U7S9DFF) investment	COMPLETED	BALANCE	\N	\N	\N	\N	2026-04-06 10:25:47.717166+07	25	\N	\N	175
3332	PRB-20260406032547-DDE51F	PROFIT_COMMISSION	228.14	Profit rebate L1 from +6281808368213 - Drone Arundala (U7S9DFF)	COMPLETED	BALANCE	\N	1	\N	\N	2026-04-06 10:25:47.721392+07	25	3331	175	174
471	PRB-20251128135103-D43B61	PROFIT_COMMISSION	187.20	Profit rebate L2 from 0800123456789 - Sistem Celenix	COMPLETED	BALANCE	\N	2	\N	\N	2025-11-28 20:51:03.057841+07	\N	\N	\N	2
472	PRB-20251128135103-0BCE39	PROFIT_COMMISSION	93.60	Profit rebate L3 from 0800123456789 - Sistem Celenix	COMPLETED	BALANCE	\N	3	\N	\N	2025-11-28 20:51:03.176811+07	\N	\N	\N	1
3333	PRB-20260406032547-28D372	PROFIT_COMMISSION	136.89	Profit rebate L2 from +6281808368213 - Drone Arundala (U7S9DFF)	COMPLETED	BALANCE	\N	2	\N	\N	2026-04-06 10:25:47.726147+07	25	3331	175	172
3334	PRB-20260406032547-44D820	PROFIT_COMMISSION	45.63	Profit rebate L3 from +6281808368213 - Drone Arundala (U7S9DFF)	COMPLETED	BALANCE	\N	3	\N	\N	2026-04-06 10:25:47.730895+07	25	3331	175	169
3335	AUTO-20260406102547-266A28	INTEREST	16735.36	Automatic profit from Drone Amythis (U9SODWK) investment	COMPLETED	BALANCE	\N	\N	\N	\N	2026-04-06 10:25:47.752881+07	26	\N	\N	175
3336	PRB-20260406032547-F91B0E	PROFIT_COMMISSION	836.77	Profit rebate L1 from +6281808368213 - Drone Amythis (U9SODWK)	COMPLETED	BALANCE	\N	1	\N	\N	2026-04-06 10:25:47.757586+07	26	3335	175	174
544	PRB-20251128135615-71308D	PROFIT_COMMISSION	93.60	Profit rebate L3 from 80123456789 - Sistem Celenix	COMPLETED	BALANCE	\N	3	\N	\N	2025-11-28 20:56:15.373876+07	\N	\N	\N	2
546	PRB-20251128135615-EB4828	PROFIT_COMMISSION	327.60	Profit rebate L1 from 88585858585 - Sistem Celenix	COMPLETED	BALANCE	\N	1	\N	\N	2025-11-28 20:56:15.63729+07	\N	\N	\N	2
547	PRB-20251128135615-CD0A46	PROFIT_COMMISSION	187.20	Profit rebate L2 from 88585858585 - Sistem Celenix	COMPLETED	BALANCE	\N	2	\N	\N	2025-11-28 20:56:15.741672+07	\N	\N	\N	1
579	PRB-20251129135226-CD2875	PROFIT_COMMISSION	187.20	Profit rebate L2 from 0800123456789 - Sistem Celenix	COMPLETED	BALANCE	\N	2	\N	\N	2025-11-29 20:52:26.629281+07	\N	\N	\N	2
580	PRB-20251129135226-9302EC	PROFIT_COMMISSION	93.60	Profit rebate L3 from 0800123456789 - Sistem Celenix	COMPLETED	BALANCE	\N	3	\N	\N	2025-11-29 20:52:26.726393+07	\N	\N	\N	1
652	PRB-20251129135735-985DAD	PROFIT_COMMISSION	93.60	Profit rebate L3 from 80123456789 - Sistem Celenix	COMPLETED	BALANCE	\N	3	\N	\N	2025-11-29 20:57:35.640752+07	\N	\N	\N	2
654	PRB-20251129135735-201C48	PROFIT_COMMISSION	327.60	Profit rebate L1 from 88585858585 - Sistem Celenix	COMPLETED	BALANCE	\N	1	\N	\N	2025-11-29 20:57:35.921034+07	\N	\N	\N	2
655	PRB-20251129135735-1DDFBA	PROFIT_COMMISSION	187.20	Profit rebate L2 from 88585858585 - Sistem Celenix	COMPLETED	BALANCE	\N	2	\N	\N	2025-11-29 20:57:35.986757+07	\N	\N	\N	1
950	REB-20251207104511-770ACE	PURCHASE_COMMISSION	75000.00	Purchase rebate L1 from 81808368210 - Exx 04	COMPLETED	BALANCE	\N	1	\N	\N	2025-12-07 17:45:11.854536+07	\N	\N	\N	2
951	REB-20251207104511-67310E	PURCHASE_COMMISSION	6000.00	Purchase rebate L2 from 81808368210 - Exx 04	COMPLETED	BALANCE	\N	2	\N	\N	2025-12-07 17:45:11.922925+07	\N	\N	\N	1
953	REB-20251207104557-078047	PURCHASE_COMMISSION	117500.00	Purchase rebate L1 from 81808368210 - Exx 05	COMPLETED	BALANCE	\N	1	\N	\N	2025-12-07 17:45:57.299357+07	\N	\N	\N	2
954	REB-20251207104557-18F0A1	PURCHASE_COMMISSION	9400.00	Purchase rebate L2 from 81808368210 - Exx 05	COMPLETED	BALANCE	\N	2	\N	\N	2025-12-07 17:45:57.368492+07	\N	\N	\N	1
959	REB-20251207105344-203225	PURCHASE_COMMISSION	900.00	Purchase rebate L2 from 887648454349 - Exx 01	COMPLETED	BALANCE	\N	2	\N	\N	2025-12-07 17:53:44.498966+07	\N	\N	\N	2
960	REB-20251207105344-6B1E2F	PURCHASE_COMMISSION	450.00	Purchase rebate L3 from 887648454349 - Exx 01	COMPLETED	BALANCE	\N	3	\N	\N	2025-12-07 17:53:44.57289+07	\N	\N	\N	1
995	REB-20251208000655-EF4FF9	PURCHASE_COMMISSION	11250.00	Purchase rebate L1 from 81808368210 - Exx 01	COMPLETED	BALANCE	\N	1	\N	\N	2025-12-08 07:06:55.517462+07	\N	\N	\N	2
996	REB-20251208000655-7D2B71	PURCHASE_COMMISSION	900.00	Purchase rebate L2 from 81808368210 - Exx 01	COMPLETED	BALANCE	\N	2	\N	\N	2025-12-08 07:06:55.603738+07	\N	\N	\N	1
1014	REB-20251208113152-EEFF57	PURCHASE_COMMISSION	500.00	Purchase rebate L2 from 87123456789 - RBR A100	COMPLETED	BALANCE	\N	2	\N	\N	2025-12-08 18:31:52.939967+07	\N	\N	\N	2
1015	REB-20251208113153-D5E62C	PURCHASE_COMMISSION	500.00	Purchase rebate L3 from 87123456789 - RBR A100	COMPLETED	BALANCE	\N	3	\N	\N	2025-12-08 18:31:53.01351+07	\N	\N	\N	1
1018	REB-20251208113200-470E05	PURCHASE_COMMISSION	500.00	Purchase rebate L2 from 87123456789 - RBR A100	COMPLETED	BALANCE	\N	2	\N	\N	2025-12-08 18:32:00.894105+07	\N	\N	\N	2
1019	REB-20251208113200-9EE98C	PURCHASE_COMMISSION	500.00	Purchase rebate L3 from 87123456789 - RBR A100	COMPLETED	BALANCE	\N	3	\N	\N	2025-12-08 18:32:00.985269+07	\N	\N	\N	1
1024	REB-20251208113317-CD9BAC	PURCHASE_COMMISSION	500.00	Purchase rebate L3 from 87558825888 - RBR A100	COMPLETED	BALANCE	\N	3	\N	\N	2025-12-08 18:33:17.690995+07	\N	\N	\N	2
2319	PUR-20260307171808-CD9AF8	INVESTMENTS	80000.00	Purchase Prioritas I (x1)	COMPLETED	BALANCE_DEPOSIT	1	\N	\N	\N	2026-03-08 00:18:08.145012+07	\N	\N	\N	149
2320	REB-20260307171808-9F1747	PURCHASE_COMMISSION	26400.00	Purchase rebate L1 from +6281123456789 - Prioritas I	COMPLETED	BALANCE	\N	1	\N	\N	2026-03-08 00:18:08.158706+07	\N	2319	149	148
2321	REB-20260307171808-44BAD3	PURCHASE_COMMISSION	1600.00	Purchase rebate L2 from +6281123456789 - Prioritas I	COMPLETED	BALANCE	\N	2	\N	\N	2026-03-08 00:18:08.161372+07	\N	2319	149	147
2322	REB-20260307171808-17FF32	PURCHASE_COMMISSION	800.00	Purchase rebate L3 from +6281123456789 - Prioritas I	COMPLETED	BALANCE	\N	3	\N	\N	2026-03-08 00:18:08.162919+07	\N	2319	149	145
1602	REB-20260124115352-11C9CF	PURCHASE_COMMISSION	11550.00	Purchase rebate L1 from +6286565656565 - PowerVault AA	COMPLETED	BALANCE	\N	1	\N	\N	2026-01-24 18:53:52.56204+07	\N	\N	\N	2
1603	REB-20260124115352-D751D5	PURCHASE_COMMISSION	1155.00	Purchase rebate L2 from +6286565656565 - PowerVault AA	COMPLETED	BALANCE	\N	2	\N	\N	2026-01-24 18:53:52.568202+07	\N	\N	\N	1
2367	REB-20260308100945-CC9C7C	PURCHASE_COMMISSION	800.00	Purchase rebate L3 from +6281808368211 - Prioritas I	COMPLETED	BALANCE	\N	3	\N	\N	2026-03-08 17:09:45.174903+07	\N	\N	\N	147
2518	PRB-20260328144647-829B41	PROFIT_COMMISSION	870.00	Profit rebate L1 from +6281808368211 - Produk 1 (U8S03O)	COMPLETED	BALANCE	\N	1	\N	\N	2026-03-28 21:46:47.649307+07	25	\N	\N	149
2519	PRB-20260328144647-7DB016	PROFIT_COMMISSION	522.00	Profit rebate L2 from +6281808368211 - Produk 1 (U8S03O)	COMPLETED	BALANCE	\N	2	\N	\N	2026-03-28 21:46:47.656516+07	25	\N	\N	148
1360	REB-20260111172552-C03B43	PURCHASE_COMMISSION	100.00	Purchase rebate L3 from 86565656565 - Produk Test 01	COMPLETED	BALANCE	\N	3	\N	\N	2026-01-12 00:25:52.244471+07	\N	\N	\N	1
2520	PRB-20260328144647-382838	PROFIT_COMMISSION	174.00	Profit rebate L3 from +6281808368211 - Produk 1 (U8S03O)	COMPLETED	BALANCE	\N	3	\N	\N	2026-03-28 21:46:47.660081+07	25	\N	\N	147
2587	PRB-20260329144727-3DB2E5	PROFIT_COMMISSION	870.00	Profit rebate L1 from +6281808368211 - Produk 1 (U8S03O)	COMPLETED	BALANCE	\N	1	\N	\N	2026-03-29 21:47:27.485554+07	25	\N	\N	149
2323	PUR-20260307171909-9633F5	INVESTMENTS	88000.00	Purchase Kesejahteraan I (x1)	COMPLETED	BALANCE_DEPOSIT	1	\N	\N	\N	2026-03-08 00:19:09.25965+07	\N	\N	\N	149
2324	REB-20260307171909-D231D6	PURCHASE_COMMISSION	29040.00	Purchase rebate L1 from +6281123456789 - Kesejahteraan I	COMPLETED	BALANCE	\N	1	\N	\N	2026-03-08 00:19:09.291329+07	\N	2323	149	148
2325	REB-20260307171909-23D9C6	PURCHASE_COMMISSION	1760.00	Purchase rebate L2 from +6281123456789 - Kesejahteraan I	COMPLETED	BALANCE	\N	2	\N	\N	2026-03-08 00:19:09.296038+07	\N	2323	149	147
2326	REB-20260307171909-A07BEF	PURCHASE_COMMISSION	880.00	Purchase rebate L3 from +6281123456789 - Kesejahteraan I	COMPLETED	BALANCE	\N	3	\N	\N	2026-03-08 00:19:09.299155+07	\N	2323	149	145
2588	PRB-20260329144727-56DE71	PROFIT_COMMISSION	522.00	Profit rebate L2 from +6281808368211 - Produk 1 (U8S03O)	COMPLETED	BALANCE	\N	2	\N	\N	2026-03-29 21:47:27.489111+07	25	\N	\N	148
2589	PRB-20260329144727-2ECBFB	PROFIT_COMMISSION	174.00	Profit rebate L3 from +6281808368211 - Produk 1 (U8S03O)	COMPLETED	BALANCE	\N	3	\N	\N	2026-03-29 21:47:27.491646+07	25	\N	\N	147
2658	PRB-20260330145136-10505A	PROFIT_COMMISSION	870.00	Profit rebate L1 from +6281808368211 - Produk 1 (U8S03O)	COMPLETED	BALANCE	\N	1	\N	\N	2026-03-30 21:51:36.101595+07	25	\N	\N	149
2659	PRB-20260330145136-DF77FB	PROFIT_COMMISSION	522.00	Profit rebate L2 from +6281808368211 - Produk 1 (U8S03O)	COMPLETED	BALANCE	\N	2	\N	\N	2026-03-30 21:51:36.103152+07	25	\N	\N	148
2660	PRB-20260330145136-4A33BB	PROFIT_COMMISSION	174.00	Profit rebate L3 from +6281808368211 - Produk 1 (U8S03O)	COMPLETED	BALANCE	\N	3	\N	\N	2026-03-30 21:51:36.106196+07	25	\N	\N	147
2731	PRB-20260331145546-F4EE11	PROFIT_COMMISSION	870.00	Profit rebate L1 from +6281808368211 - Drone Arundala (U7S9DFF)	COMPLETED	BALANCE	\N	1	\N	\N	2026-03-31 21:55:46.533144+07	25	\N	\N	149
2732	PRB-20260331145546-F3CE51	PROFIT_COMMISSION	522.00	Profit rebate L2 from +6281808368211 - Drone Arundala (U7S9DFF)	COMPLETED	BALANCE	\N	2	\N	\N	2026-03-31 21:55:46.536257+07	25	\N	\N	148
2733	PRB-20260331145546-AC9605	PROFIT_COMMISSION	174.00	Profit rebate L3 from +6281808368211 - Drone Arundala (U7S9DFF)	COMPLETED	BALANCE	\N	3	\N	\N	2026-03-31 21:55:46.537789+07	25	\N	\N	147
2829	PRB-20260401145624-87F6EF	PROFIT_COMMISSION	870.00	Profit rebate L1 from +6281808368211 - Drone Arundala (U7S9DFF)	COMPLETED	BALANCE	\N	1	\N	\N	2026-04-01 21:56:24.933205+07	25	\N	\N	149
2830	PRB-20260401145624-B59A63	PROFIT_COMMISSION	522.00	Profit rebate L2 from +6281808368211 - Drone Arundala (U7S9DFF)	COMPLETED	BALANCE	\N	2	\N	\N	2026-04-01 21:56:24.936276+07	25	\N	\N	148
2831	PRB-20260401145624-17B5F4	PROFIT_COMMISSION	174.00	Profit rebate L3 from +6281808368211 - Drone Arundala (U7S9DFF)	COMPLETED	BALANCE	\N	3	\N	\N	2026-04-01 21:56:24.93915+07	25	\N	\N	147
3105	MSN-20260403153551-181-69	MISSIONS	12000.00	Mission reward: Pesan 1 drone untuk mendapatkan (x1)	COMPLETED	BALANCE	\N	\N	\N	\N	2026-04-03 22:35:51.874712+07	\N	\N	\N	181
3191	MSN-20260404043240-191-81	MISSIONS	25000.00	Mission reward: Teman isi ulang Rp 1300000 saya dapat, (x1)	COMPLETED	BALANCE	\N	\N	\N	\N	2026-04-04 11:32:40.003527+07	\N	\N	\N	191
3337	AUTO-20260406103048-EBB32A	INTEREST	4546.21	Automatic profit from Drone Arundala (U7S9DFF) investment	COMPLETED	BALANCE	\N	\N	\N	\N	2026-04-06 10:30:48.137538+07	25	\N	\N	176
3338	PRB-20260406033048-FE8289	PROFIT_COMMISSION	227.31	Profit rebate L1 from +6281808368214 - Drone Arundala (U7S9DFF)	COMPLETED	BALANCE	\N	1	\N	\N	2026-04-06 10:30:48.142341+07	25	3337	176	174
3339	PRB-20260406033048-DBA208	PROFIT_COMMISSION	136.39	Profit rebate L2 from +6281808368214 - Drone Arundala (U7S9DFF)	COMPLETED	BALANCE	\N	2	\N	\N	2026-04-06 10:30:48.147263+07	25	3337	176	172
3340	PRB-20260406033048-603169	PROFIT_COMMISSION	45.46	Profit rebate L3 from +6281808368214 - Drone Arundala (U7S9DFF)	COMPLETED	BALANCE	\N	3	\N	\N	2026-04-06 10:30:48.151896+07	25	3337	176	169
3341	AUTO-20260406103048-01736A	INTEREST	16254.49	Automatic profit from Drone Amythis (U9SODWK) investment	COMPLETED	BALANCE	\N	\N	\N	\N	2026-04-06 10:30:48.205873+07	26	\N	\N	176
3342	PRB-20260406033048-880F2F	PROFIT_COMMISSION	812.72	Profit rebate L1 from +6281808368214 - Drone Amythis (U9SODWK)	COMPLETED	BALANCE	\N	1	\N	\N	2026-04-06 10:30:48.210331+07	26	3341	176	174
\.


--
-- Data for Name: user_banks; Type: TABLE DATA; Schema: public; Owner: postgres
--

COPY public.user_banks (id, account_name, account_number, is_default, created_at, updated_at, bank_id, user_id) FROM stdin;
64	Yayayab	122112213	t	2026-04-03 08:55:10.470539+07	2026-04-03 09:21:27.226943+07	84	169
65	Yayaya	3131313	t	2026-04-03 11:36:12.063095+07	2026-04-03 11:36:12.064602+07	98	178
66	dfsgfs	8768758756	t	2026-04-03 20:49:16.90393+07	2026-04-03 20:49:16.907071+07	71	173
67	Ayyayaya	2466464	t	2026-04-04 12:02:08.431808+07	2026-04-04 12:02:08.431808+07	90	191
\.


--
-- Data for Name: voucher_usages; Type: TABLE DATA; Schema: public; Owner: postgres
--

COPY public.voucher_usages (id, voucher_code, amount_credited, amount_received, balance_type, used_at, transaction_id, user_id, voucher_id) FROM stdin;
56	TEST123	1000.00	1000.00	BALANCE	2026-03-30 14:52:15.738596+07	2656	2	15
57	TEST123	1000.00	1000.00	BALANCE	2026-03-30 23:06:03.345869+07	2727	161	15
58	TEST123	1000.00	1000.00	BALANCE	2026-04-01 00:38:58.405788+07	2801	164	15
59	TEST123	1000.00	1000.00	BALANCE	2026-04-01 19:22:45.103952+07	2827	160	15
60	TEST123	1000.00	1000.00	BALANCE	2026-04-02 11:32:20.731133+07	2900	168	15
61	TEST123	1000.00	1000.00	BALANCE	2026-04-02 20:41:13.736372+07	2902	169	15
62	TEST	10870.64	10870.64	BALANCE	2026-04-03 08:51:48.595214+07	2980	169	16
63	TEST	10517.86	10517.86	BALANCE	2026-04-03 09:52:59.558276+07	2987	172	16
64	TEST	11011.96	11011.96	BALANCE	2026-04-03 10:43:37.432279+07	3006	178	16
65	TEST	11358.22	11358.22	BALANCE	2026-04-03 16:09:44.212562+07	3022	179	16
66	TEST123	1000.00	1000.00	BALANCE	2026-04-03 22:39:23.99704+07	3106	178	15
67	TEST	10095.53	10095.53	BALANCE	2026-04-04 10:23:35.304777+07	3143	191	16
68	TEST123	1000.00	1000.00	BALANCE	2026-04-04 10:23:41.440203+07	3144	191	15
69	TEST123	1000.00	1000.00	BALANCE	2026-04-04 11:08:03.370429+07	3168	192	15
70	TEST	11921.78	11921.78	BALANCE	2026-04-04 11:08:09.510103+07	3169	192	16
71	TEST123	1000.00	1000.00	BALANCE	2026-04-04 11:29:26.034654+07	3185	194	15
72	TEST111	10000.00	10000.00	BALANCE	2026-04-04 15:01:05.930167+07	3213	191	17
73	TEST111	10000.00	10000.00	BALANCE	2026-04-04 17:53:50.639499+07	3227	169	17
\.


--
-- Data for Name: vouchers; Type: TABLE DATA; Schema: public; Owner: postgres
--

COPY public.vouchers (id, code, type, amount, max_amount, balance_type, usage_limit, used_count, is_active, expires_at, created_at, updated_at, min_amount, rank_rewards, start_at, claim_mode, is_daily_claim) FROM stdin;
16	TEST	random	0.00	12000.00	BALANCE	10	6	t	\N	2026-04-03 08:51:04.543482+07	2026-04-03 08:51:46.626679+07	10000.00	{}	\N	manual	f
15	TEST123	fixed	1000.00	0.00	BALANCE	10	10	t	\N	2026-03-27 23:40:11.025541+07	2026-04-02 20:41:11.209886+07	0.00	{}	\N	manual	f
18	TEST12	fixed	10000.00	0.00	BALANCE	0	0	t	\N	2026-04-04 15:01:38.604633+07	2026-04-04 15:01:38.604633+07	0.00	{}	\N	manual	f
17	TEST111	fixed	10000.00	0.00	BALANCE	10	2	t	\N	2026-04-04 15:00:44.973955+07	2026-04-04 15:00:44.973955+07	0.00	{}	\N	manual	f
\.


--
-- Data for Name: withdrawal_jayapay; Type: TABLE DATA; Schema: public; Owner: postgres
--

COPY public.withdrawal_jayapay (id, request_params, response_payload, created_at, updated_at, withdrawal_id) FROM stdin;
\.


--
-- Data for Name: withdrawal_services; Type: TABLE DATA; Schema: public; Owner: postgres
--

COPY public.withdrawal_services (id, name, description, duration_hours, fee_percent, is_active, sort_order, created_at, updated_at, fee_fixed) FROM stdin;
\.


--
-- Data for Name: withdrawal_settings; Type: TABLE DATA; Schema: public; Owner: postgres
--

COPY public.withdrawal_settings (id, is_active, require_bank_account, minimum_product_quantity, created_at, updated_at, required_product_id, balance_source, require_pin, require_active_investment, require_withdraw_service) FROM stdin;
1	t	t	1	2025-10-05 15:24:34.149825+07	2026-03-27 23:34:34.163413+07	\N	balance	f	t	f
\.


--
-- Data for Name: withdrawals; Type: TABLE DATA; Schema: public; Owner: postgres
--

COPY public.withdrawals (id, amount, fee, net_amount, status, note, created_at, updated_at, bank_account_id, user_id, transaction_id, withdrawal_service_id) FROM stdin;
59	38000.00	3800.00	34200.00	REJECTED		2026-03-08 00:04:03.462284+07	2026-03-08 00:04:19.089924+07	\N	149	2304	\N
58	35000.00	3500.00	31500.00	COMPLETED		2026-03-07 23:59:30.342269+07	2026-03-08 00:03:24.205108+07	\N	149	2303	\N
61	25000.00	7250.00	17750.00	REJECTED		2026-04-03 19:24:24.230718+07	2026-04-03 22:43:06.201014+07	65	178	3024	\N
64	25000.00	7250.00	17750.00	COMPLETED		2026-04-03 21:52:03.864251+07	2026-04-03 22:44:39.785436+07	65	178	3028	\N
66	25000.00	7250.00	17750.00	COMPLETED		2026-04-04 12:02:13.28317+07	2026-04-04 12:04:09.105655+07	67	191	3204	\N
67	70000.00	8600.00	61400.00	REJECTED		2026-04-04 12:02:29.373476+07	2026-04-04 12:04:18.048508+07	67	191	3205	\N
68	35000.00	7550.00	27450.00	REJECTED		2026-04-04 12:02:45.081351+07	2026-04-04 12:06:48.008024+07	67	191	3206	\N
69	25000.00	7250.00	17750.00	PENDING		2026-04-04 14:49:49.79952+07	2026-04-04 14:49:49.79952+07	67	191	3209	\N
\.


--
-- Name: accounts_generalsetting_id_seq; Type: SEQUENCE SET; Schema: public; Owner: postgres
--

SELECT pg_catalog.setval('public.accounts_generalsetting_id_seq', 1, false);


--
-- Name: accounts_phoneotp_id_seq; Type: SEQUENCE SET; Schema: public; Owner: postgres
--

SELECT pg_catalog.setval('public.accounts_phoneotp_id_seq', 10, true);


--
-- Name: accounts_user_groups_id_seq; Type: SEQUENCE SET; Schema: public; Owner: postgres
--

SELECT pg_catalog.setval('public.accounts_user_groups_id_seq', 1, false);


--
-- Name: accounts_user_id_seq; Type: SEQUENCE SET; Schema: public; Owner: postgres
--

SELECT pg_catalog.setval('public.accounts_user_id_seq', 203, true);


--
-- Name: accounts_user_user_permissions_id_seq; Type: SEQUENCE SET; Schema: public; Owner: postgres
--

SELECT pg_catalog.setval('public.accounts_user_user_permissions_id_seq', 1, false);


--
-- Name: accounts_useraddress_id_seq; Type: SEQUENCE SET; Schema: public; Owner: postgres
--

SELECT pg_catalog.setval('public.accounts_useraddress_id_seq', 5, true);


--
-- Name: attendance_bonus_claims_id_seq; Type: SEQUENCE SET; Schema: public; Owner: postgres
--

SELECT pg_catalog.setval('public.attendance_bonus_claims_id_seq', 1, false);


--
-- Name: attendance_logs_id_seq; Type: SEQUENCE SET; Schema: public; Owner: postgres
--

SELECT pg_catalog.setval('public.attendance_logs_id_seq', 98, true);


--
-- Name: attendance_settings_id_seq; Type: SEQUENCE SET; Schema: public; Owner: postgres
--

SELECT pg_catalog.setval('public.attendance_settings_id_seq', 3, true);


--
-- Name: auth_group_id_seq; Type: SEQUENCE SET; Schema: public; Owner: postgres
--

SELECT pg_catalog.setval('public.auth_group_id_seq', 1, false);


--
-- Name: auth_group_permissions_id_seq; Type: SEQUENCE SET; Schema: public; Owner: postgres
--

SELECT pg_catalog.setval('public.auth_group_permissions_id_seq', 1, false);


--
-- Name: auth_permission_id_seq; Type: SEQUENCE SET; Schema: public; Owner: postgres
--

SELECT pg_catalog.setval('public.auth_permission_id_seq', 180, true);


--
-- Name: bank_settings_id_seq; Type: SEQUENCE SET; Schema: public; Owner: postgres
--

SELECT pg_catalog.setval('public.bank_settings_id_seq', 1, true);


--
-- Name: banks_id_seq; Type: SEQUENCE SET; Schema: public; Owner: postgres
--

SELECT pg_catalog.setval('public.banks_id_seq', 98, true);


--
-- Name: claim_history_id_seq; Type: SEQUENCE SET; Schema: public; Owner: postgres
--

SELECT pg_catalog.setval('public.claim_history_id_seq', 1213, true);


--
-- Name: deposits_gatewaysettings_id_seq; Type: SEQUENCE SET; Schema: public; Owner: postgres
--

SELECT pg_catalog.setval('public.deposits_gatewaysettings_id_seq', 1, true);


--
-- Name: deposits_id_seq; Type: SEQUENCE SET; Schema: public; Owner: postgres
--

SELECT pg_catalog.setval('public.deposits_id_seq', 128, true);


--
-- Name: django_admin_log_id_seq; Type: SEQUENCE SET; Schema: public; Owner: postgres
--

SELECT pg_catalog.setval('public.django_admin_log_id_seq', 1734, true);


--
-- Name: django_content_type_id_seq; Type: SEQUENCE SET; Schema: public; Owner: postgres
--

SELECT pg_catalog.setval('public.django_content_type_id_seq', 45, true);


--
-- Name: django_migrations_id_seq; Type: SEQUENCE SET; Schema: public; Owner: postgres
--

SELECT pg_catalog.setval('public.django_migrations_id_seq', 123, true);


--
-- Name: investments_id_seq; Type: SEQUENCE SET; Schema: public; Owner: postgres
--

SELECT pg_catalog.setval('public.investments_id_seq', 267, true);


--
-- Name: mission_user_states_id_seq; Type: SEQUENCE SET; Schema: public; Owner: postgres
--

SELECT pg_catalog.setval('public.mission_user_states_id_seq', 36, true);


--
-- Name: missions_id_seq; Type: SEQUENCE SET; Schema: public; Owner: postgres
--

SELECT pg_catalog.setval('public.missions_id_seq', 92, true);


--
-- Name: news_news_id_seq; Type: SEQUENCE SET; Schema: public; Owner: postgres
--

SELECT pg_catalog.setval('public.news_news_id_seq', 22, true);


--
-- Name: products_id_seq; Type: SEQUENCE SET; Schema: public; Owner: postgres
--

SELECT pg_catalog.setval('public.products_id_seq', 85, true);


--
-- Name: profit_holiday_settings_id_seq; Type: SEQUENCE SET; Schema: public; Owner: postgres
--

SELECT pg_catalog.setval('public.profit_holiday_settings_id_seq', 1, true);


--
-- Name: rank_levels_id_seq; Type: SEQUENCE SET; Schema: public; Owner: postgres
--

SELECT pg_catalog.setval('public.rank_levels_id_seq', 20, true);


--
-- Name: roulette_prizes_id_seq; Type: SEQUENCE SET; Schema: public; Owner: postgres
--

SELECT pg_catalog.setval('public.roulette_prizes_id_seq', 17, true);


--
-- Name: roulette_settings_id_seq; Type: SEQUENCE SET; Schema: public; Owner: postgres
--

SELECT pg_catalog.setval('public.roulette_settings_id_seq', 1, true);


--
-- Name: roulette_spins_id_seq; Type: SEQUENCE SET; Schema: public; Owner: postgres
--

SELECT pg_catalog.setval('public.roulette_spins_id_seq', 86, true);


--
-- Name: roulette_ticket_ledgers_id_seq; Type: SEQUENCE SET; Schema: public; Owner: postgres
--

SELECT pg_catalog.setval('public.roulette_ticket_ledgers_id_seq', 131, true);


--
-- Name: roulette_ticket_wallets_id_seq; Type: SEQUENCE SET; Schema: public; Owner: postgres
--

SELECT pg_catalog.setval('public.roulette_ticket_wallets_id_seq', 10, true);


--
-- Name: support_supportchatmessage_id_seq; Type: SEQUENCE SET; Schema: public; Owner: postgres
--

SELECT pg_catalog.setval('public.support_supportchatmessage_id_seq', 61, true);


--
-- Name: support_supportchatthread_id_seq; Type: SEQUENCE SET; Schema: public; Owner: postgres
--

SELECT pg_catalog.setval('public.support_supportchatthread_id_seq', 36, true);


--
-- Name: support_supportlink_id_seq; Type: SEQUENCE SET; Schema: public; Owner: postgres
--

SELECT pg_catalog.setval('public.support_supportlink_id_seq', 4, true);


--
-- Name: transactions_id_seq; Type: SEQUENCE SET; Schema: public; Owner: postgres
--

SELECT pg_catalog.setval('public.transactions_id_seq', 3568, true);


--
-- Name: user_banks_id_seq; Type: SEQUENCE SET; Schema: public; Owner: postgres
--

SELECT pg_catalog.setval('public.user_banks_id_seq', 67, true);


--
-- Name: voucher_usages_id_seq; Type: SEQUENCE SET; Schema: public; Owner: postgres
--

SELECT pg_catalog.setval('public.voucher_usages_id_seq', 73, true);


--
-- Name: vouchers_id_seq; Type: SEQUENCE SET; Schema: public; Owner: postgres
--

SELECT pg_catalog.setval('public.vouchers_id_seq', 18, true);


--
-- Name: withdrawal_jayapay_id_seq; Type: SEQUENCE SET; Schema: public; Owner: postgres
--

SELECT pg_catalog.setval('public.withdrawal_jayapay_id_seq', 1, false);


--
-- Name: withdrawal_services_id_seq; Type: SEQUENCE SET; Schema: public; Owner: postgres
--

SELECT pg_catalog.setval('public.withdrawal_services_id_seq', 3, true);


--
-- Name: withdrawal_settings_id_seq; Type: SEQUENCE SET; Schema: public; Owner: postgres
--

SELECT pg_catalog.setval('public.withdrawal_settings_id_seq', 1, false);


--
-- Name: withdrawals_id_seq; Type: SEQUENCE SET; Schema: public; Owner: postgres
--

SELECT pg_catalog.setval('public.withdrawals_id_seq', 69, true);


--
-- Name: accounts_generalsetting accounts_generalsetting_pkey; Type: CONSTRAINT; Schema: public; Owner: postgres
--

ALTER TABLE ONLY public.accounts_generalsetting
    ADD CONSTRAINT accounts_generalsetting_pkey PRIMARY KEY (id);


--
-- Name: accounts_phoneotp accounts_phoneotp_phone_key; Type: CONSTRAINT; Schema: public; Owner: postgres
--

ALTER TABLE ONLY public.accounts_phoneotp
    ADD CONSTRAINT accounts_phoneotp_phone_key UNIQUE (phone);


--
-- Name: accounts_phoneotp accounts_phoneotp_pkey; Type: CONSTRAINT; Schema: public; Owner: postgres
--

ALTER TABLE ONLY public.accounts_phoneotp
    ADD CONSTRAINT accounts_phoneotp_pkey PRIMARY KEY (id);


--
-- Name: accounts_user accounts_user_email_key; Type: CONSTRAINT; Schema: public; Owner: postgres
--

ALTER TABLE ONLY public.accounts_user
    ADD CONSTRAINT accounts_user_email_key UNIQUE (email);


--
-- Name: accounts_user_groups accounts_user_groups_pkey; Type: CONSTRAINT; Schema: public; Owner: postgres
--

ALTER TABLE ONLY public.accounts_user_groups
    ADD CONSTRAINT accounts_user_groups_pkey PRIMARY KEY (id);


--
-- Name: accounts_user_groups accounts_user_groups_user_id_group_id_59c0b32f_uniq; Type: CONSTRAINT; Schema: public; Owner: postgres
--

ALTER TABLE ONLY public.accounts_user_groups
    ADD CONSTRAINT accounts_user_groups_user_id_group_id_59c0b32f_uniq UNIQUE (user_id, group_id);


--
-- Name: accounts_user accounts_user_phone_key; Type: CONSTRAINT; Schema: public; Owner: postgres
--

ALTER TABLE ONLY public.accounts_user
    ADD CONSTRAINT accounts_user_phone_key UNIQUE (phone);


--
-- Name: accounts_user accounts_user_pkey; Type: CONSTRAINT; Schema: public; Owner: postgres
--

ALTER TABLE ONLY public.accounts_user
    ADD CONSTRAINT accounts_user_pkey PRIMARY KEY (id);


--
-- Name: accounts_user accounts_user_referral_code_key; Type: CONSTRAINT; Schema: public; Owner: postgres
--

ALTER TABLE ONLY public.accounts_user
    ADD CONSTRAINT accounts_user_referral_code_key UNIQUE (referral_code);


--
-- Name: accounts_user_user_permissions accounts_user_user_permi_user_id_permission_id_2ab516c2_uniq; Type: CONSTRAINT; Schema: public; Owner: postgres
--

ALTER TABLE ONLY public.accounts_user_user_permissions
    ADD CONSTRAINT accounts_user_user_permi_user_id_permission_id_2ab516c2_uniq UNIQUE (user_id, permission_id);


--
-- Name: accounts_user_user_permissions accounts_user_user_permissions_pkey; Type: CONSTRAINT; Schema: public; Owner: postgres
--

ALTER TABLE ONLY public.accounts_user_user_permissions
    ADD CONSTRAINT accounts_user_user_permissions_pkey PRIMARY KEY (id);


--
-- Name: accounts_user accounts_user_username_key; Type: CONSTRAINT; Schema: public; Owner: postgres
--

ALTER TABLE ONLY public.accounts_user
    ADD CONSTRAINT accounts_user_username_key UNIQUE (username);


--
-- Name: accounts_useraddress accounts_useraddress_pkey; Type: CONSTRAINT; Schema: public; Owner: postgres
--

ALTER TABLE ONLY public.accounts_useraddress
    ADD CONSTRAINT accounts_useraddress_pkey PRIMARY KEY (id);


--
-- Name: attendance_bonus_claims attendance_bonus_claims_pkey; Type: CONSTRAINT; Schema: public; Owner: postgres
--

ALTER TABLE ONLY public.attendance_bonus_claims
    ADD CONSTRAINT attendance_bonus_claims_pkey PRIMARY KEY (id);


--
-- Name: attendance_logs attendance_logs_pkey; Type: CONSTRAINT; Schema: public; Owner: postgres
--

ALTER TABLE ONLY public.attendance_logs
    ADD CONSTRAINT attendance_logs_pkey PRIMARY KEY (id);


--
-- Name: attendance_settings attendance_settings_pkey; Type: CONSTRAINT; Schema: public; Owner: postgres
--

ALTER TABLE ONLY public.attendance_settings
    ADD CONSTRAINT attendance_settings_pkey PRIMARY KEY (id);


--
-- Name: auth_group auth_group_name_key; Type: CONSTRAINT; Schema: public; Owner: postgres
--

ALTER TABLE ONLY public.auth_group
    ADD CONSTRAINT auth_group_name_key UNIQUE (name);


--
-- Name: auth_group_permissions auth_group_permissions_group_id_permission_id_0cd325b0_uniq; Type: CONSTRAINT; Schema: public; Owner: postgres
--

ALTER TABLE ONLY public.auth_group_permissions
    ADD CONSTRAINT auth_group_permissions_group_id_permission_id_0cd325b0_uniq UNIQUE (group_id, permission_id);


--
-- Name: auth_group_permissions auth_group_permissions_pkey; Type: CONSTRAINT; Schema: public; Owner: postgres
--

ALTER TABLE ONLY public.auth_group_permissions
    ADD CONSTRAINT auth_group_permissions_pkey PRIMARY KEY (id);


--
-- Name: auth_group auth_group_pkey; Type: CONSTRAINT; Schema: public; Owner: postgres
--

ALTER TABLE ONLY public.auth_group
    ADD CONSTRAINT auth_group_pkey PRIMARY KEY (id);


--
-- Name: auth_permission auth_permission_content_type_id_codename_01ab375a_uniq; Type: CONSTRAINT; Schema: public; Owner: postgres
--

ALTER TABLE ONLY public.auth_permission
    ADD CONSTRAINT auth_permission_content_type_id_codename_01ab375a_uniq UNIQUE (content_type_id, codename);


--
-- Name: auth_permission auth_permission_pkey; Type: CONSTRAINT; Schema: public; Owner: postgres
--

ALTER TABLE ONLY public.auth_permission
    ADD CONSTRAINT auth_permission_pkey PRIMARY KEY (id);


--
-- Name: authtoken_token authtoken_token_pkey; Type: CONSTRAINT; Schema: public; Owner: postgres
--

ALTER TABLE ONLY public.authtoken_token
    ADD CONSTRAINT authtoken_token_pkey PRIMARY KEY (key);


--
-- Name: authtoken_token authtoken_token_user_id_key; Type: CONSTRAINT; Schema: public; Owner: postgres
--

ALTER TABLE ONLY public.authtoken_token
    ADD CONSTRAINT authtoken_token_user_id_key UNIQUE (user_id);


--
-- Name: bank_settings bank_settings_pkey; Type: CONSTRAINT; Schema: public; Owner: postgres
--

ALTER TABLE ONLY public.bank_settings
    ADD CONSTRAINT bank_settings_pkey PRIMARY KEY (id);


--
-- Name: banks banks_code_key; Type: CONSTRAINT; Schema: public; Owner: postgres
--

ALTER TABLE ONLY public.banks
    ADD CONSTRAINT banks_code_key UNIQUE (code);


--
-- Name: banks banks_pkey; Type: CONSTRAINT; Schema: public; Owner: postgres
--

ALTER TABLE ONLY public.banks
    ADD CONSTRAINT banks_pkey PRIMARY KEY (id);


--
-- Name: claim_history claim_history_investment_id_claim_number_a73b2e06_uniq; Type: CONSTRAINT; Schema: public; Owner: postgres
--

ALTER TABLE ONLY public.claim_history
    ADD CONSTRAINT claim_history_investment_id_claim_number_a73b2e06_uniq UNIQUE (investment_id, claim_number);


--
-- Name: claim_history claim_history_pkey; Type: CONSTRAINT; Schema: public; Owner: postgres
--

ALTER TABLE ONLY public.claim_history
    ADD CONSTRAINT claim_history_pkey PRIMARY KEY (id);


--
-- Name: deposits_gatewaysettings deposits_gatewaysettings_pkey; Type: CONSTRAINT; Schema: public; Owner: postgres
--

ALTER TABLE ONLY public.deposits_gatewaysettings
    ADD CONSTRAINT deposits_gatewaysettings_pkey PRIMARY KEY (id);


--
-- Name: deposits deposits_order_num_key; Type: CONSTRAINT; Schema: public; Owner: postgres
--

ALTER TABLE ONLY public.deposits
    ADD CONSTRAINT deposits_order_num_key UNIQUE (order_num);


--
-- Name: deposits deposits_pkey; Type: CONSTRAINT; Schema: public; Owner: postgres
--

ALTER TABLE ONLY public.deposits
    ADD CONSTRAINT deposits_pkey PRIMARY KEY (id);


--
-- Name: django_admin_log django_admin_log_pkey; Type: CONSTRAINT; Schema: public; Owner: postgres
--

ALTER TABLE ONLY public.django_admin_log
    ADD CONSTRAINT django_admin_log_pkey PRIMARY KEY (id);


--
-- Name: django_content_type django_content_type_app_label_model_76bd3d3b_uniq; Type: CONSTRAINT; Schema: public; Owner: postgres
--

ALTER TABLE ONLY public.django_content_type
    ADD CONSTRAINT django_content_type_app_label_model_76bd3d3b_uniq UNIQUE (app_label, model);


--
-- Name: django_content_type django_content_type_pkey; Type: CONSTRAINT; Schema: public; Owner: postgres
--

ALTER TABLE ONLY public.django_content_type
    ADD CONSTRAINT django_content_type_pkey PRIMARY KEY (id);


--
-- Name: django_migrations django_migrations_pkey; Type: CONSTRAINT; Schema: public; Owner: postgres
--

ALTER TABLE ONLY public.django_migrations
    ADD CONSTRAINT django_migrations_pkey PRIMARY KEY (id);


--
-- Name: django_session django_session_pkey; Type: CONSTRAINT; Schema: public; Owner: postgres
--

ALTER TABLE ONLY public.django_session
    ADD CONSTRAINT django_session_pkey PRIMARY KEY (session_key);


--
-- Name: investments investments_pkey; Type: CONSTRAINT; Schema: public; Owner: postgres
--

ALTER TABLE ONLY public.investments
    ADD CONSTRAINT investments_pkey PRIMARY KEY (id);


--
-- Name: mission_user_states mission_user_states_pkey; Type: CONSTRAINT; Schema: public; Owner: postgres
--

ALTER TABLE ONLY public.mission_user_states
    ADD CONSTRAINT mission_user_states_pkey PRIMARY KEY (id);


--
-- Name: mission_user_states mission_user_states_user_id_mission_id_3970c6ef_uniq; Type: CONSTRAINT; Schema: public; Owner: postgres
--

ALTER TABLE ONLY public.mission_user_states
    ADD CONSTRAINT mission_user_states_user_id_mission_id_3970c6ef_uniq UNIQUE (user_id, mission_id);


--
-- Name: missions missions_pkey; Type: CONSTRAINT; Schema: public; Owner: postgres
--

ALTER TABLE ONLY public.missions
    ADD CONSTRAINT missions_pkey PRIMARY KEY (id);


--
-- Name: news_news news_news_pkey; Type: CONSTRAINT; Schema: public; Owner: postgres
--

ALTER TABLE ONLY public.news_news
    ADD CONSTRAINT news_news_pkey PRIMARY KEY (id);


--
-- Name: news_news news_news_slug_key; Type: CONSTRAINT; Schema: public; Owner: postgres
--

ALTER TABLE ONLY public.news_news
    ADD CONSTRAINT news_news_slug_key UNIQUE (slug);


--
-- Name: products products_pkey; Type: CONSTRAINT; Schema: public; Owner: postgres
--

ALTER TABLE ONLY public.products
    ADD CONSTRAINT products_pkey PRIMARY KEY (id);


--
-- Name: profit_holiday_settings profit_holiday_settings_pkey; Type: CONSTRAINT; Schema: public; Owner: postgres
--

ALTER TABLE ONLY public.profit_holiday_settings
    ADD CONSTRAINT profit_holiday_settings_pkey PRIMARY KEY (id);


--
-- Name: rank_levels rank_levels_pkey; Type: CONSTRAINT; Schema: public; Owner: postgres
--

ALTER TABLE ONLY public.rank_levels
    ADD CONSTRAINT rank_levels_pkey PRIMARY KEY (id);


--
-- Name: rank_levels rank_levels_rank_key; Type: CONSTRAINT; Schema: public; Owner: postgres
--

ALTER TABLE ONLY public.rank_levels
    ADD CONSTRAINT rank_levels_rank_key UNIQUE (rank);


--
-- Name: roulette_prizes roulette_prizes_pkey; Type: CONSTRAINT; Schema: public; Owner: postgres
--

ALTER TABLE ONLY public.roulette_prizes
    ADD CONSTRAINT roulette_prizes_pkey PRIMARY KEY (id);


--
-- Name: roulette_settings roulette_settings_pkey; Type: CONSTRAINT; Schema: public; Owner: postgres
--

ALTER TABLE ONLY public.roulette_settings
    ADD CONSTRAINT roulette_settings_pkey PRIMARY KEY (id);


--
-- Name: roulette_spins roulette_spins_pkey; Type: CONSTRAINT; Schema: public; Owner: postgres
--

ALTER TABLE ONLY public.roulette_spins
    ADD CONSTRAINT roulette_spins_pkey PRIMARY KEY (id);


--
-- Name: roulette_ticket_ledgers roulette_ticket_ledgers_pkey; Type: CONSTRAINT; Schema: public; Owner: postgres
--

ALTER TABLE ONLY public.roulette_ticket_ledgers
    ADD CONSTRAINT roulette_ticket_ledgers_pkey PRIMARY KEY (id);


--
-- Name: roulette_ticket_wallets roulette_ticket_wallets_pkey; Type: CONSTRAINT; Schema: public; Owner: postgres
--

ALTER TABLE ONLY public.roulette_ticket_wallets
    ADD CONSTRAINT roulette_ticket_wallets_pkey PRIMARY KEY (id);


--
-- Name: roulette_ticket_wallets roulette_ticket_wallets_user_id_key; Type: CONSTRAINT; Schema: public; Owner: postgres
--

ALTER TABLE ONLY public.roulette_ticket_wallets
    ADD CONSTRAINT roulette_ticket_wallets_user_id_key UNIQUE (user_id);


--
-- Name: support_supportchatmessage support_supportchatmessage_pkey; Type: CONSTRAINT; Schema: public; Owner: postgres
--

ALTER TABLE ONLY public.support_supportchatmessage
    ADD CONSTRAINT support_supportchatmessage_pkey PRIMARY KEY (id);


--
-- Name: support_supportchatthread support_supportchatthread_pkey; Type: CONSTRAINT; Schema: public; Owner: postgres
--

ALTER TABLE ONLY public.support_supportchatthread
    ADD CONSTRAINT support_supportchatthread_pkey PRIMARY KEY (id);


--
-- Name: support_supportlink support_supportlink_pkey; Type: CONSTRAINT; Schema: public; Owner: postgres
--

ALTER TABLE ONLY public.support_supportlink
    ADD CONSTRAINT support_supportlink_pkey PRIMARY KEY (id);


--
-- Name: transactions transactions_pkey; Type: CONSTRAINT; Schema: public; Owner: postgres
--

ALTER TABLE ONLY public.transactions
    ADD CONSTRAINT transactions_pkey PRIMARY KEY (id);


--
-- Name: transactions transactions_trx_id_key; Type: CONSTRAINT; Schema: public; Owner: postgres
--

ALTER TABLE ONLY public.transactions
    ADD CONSTRAINT transactions_trx_id_key UNIQUE (trx_id);


--
-- Name: user_banks unique_user_bank_combination; Type: CONSTRAINT; Schema: public; Owner: postgres
--

ALTER TABLE ONLY public.user_banks
    ADD CONSTRAINT unique_user_bank_combination UNIQUE (user_id, bank_id);


--
-- Name: attendance_logs unique_user_date_attendance; Type: CONSTRAINT; Schema: public; Owner: postgres
--

ALTER TABLE ONLY public.attendance_logs
    ADD CONSTRAINT unique_user_date_attendance UNIQUE (user_id, date);


--
-- Name: user_banks user_banks_pkey; Type: CONSTRAINT; Schema: public; Owner: postgres
--

ALTER TABLE ONLY public.user_banks
    ADD CONSTRAINT user_banks_pkey PRIMARY KEY (id);


--
-- Name: voucher_usages voucher_usages_pkey; Type: CONSTRAINT; Schema: public; Owner: postgres
--

ALTER TABLE ONLY public.voucher_usages
    ADD CONSTRAINT voucher_usages_pkey PRIMARY KEY (id);


--
-- Name: vouchers vouchers_code_key; Type: CONSTRAINT; Schema: public; Owner: postgres
--

ALTER TABLE ONLY public.vouchers
    ADD CONSTRAINT vouchers_code_key UNIQUE (code);


--
-- Name: vouchers vouchers_pkey; Type: CONSTRAINT; Schema: public; Owner: postgres
--

ALTER TABLE ONLY public.vouchers
    ADD CONSTRAINT vouchers_pkey PRIMARY KEY (id);


--
-- Name: withdrawal_jayapay withdrawal_jayapay_pkey; Type: CONSTRAINT; Schema: public; Owner: postgres
--

ALTER TABLE ONLY public.withdrawal_jayapay
    ADD CONSTRAINT withdrawal_jayapay_pkey PRIMARY KEY (id);


--
-- Name: withdrawal_jayapay withdrawal_jayapay_withdrawal_id_key; Type: CONSTRAINT; Schema: public; Owner: postgres
--

ALTER TABLE ONLY public.withdrawal_jayapay
    ADD CONSTRAINT withdrawal_jayapay_withdrawal_id_key UNIQUE (withdrawal_id);


--
-- Name: withdrawal_services withdrawal_services_pkey; Type: CONSTRAINT; Schema: public; Owner: postgres
--

ALTER TABLE ONLY public.withdrawal_services
    ADD CONSTRAINT withdrawal_services_pkey PRIMARY KEY (id);


--
-- Name: withdrawal_settings withdrawal_settings_pkey; Type: CONSTRAINT; Schema: public; Owner: postgres
--

ALTER TABLE ONLY public.withdrawal_settings
    ADD CONSTRAINT withdrawal_settings_pkey PRIMARY KEY (id);


--
-- Name: withdrawals withdrawals_pkey; Type: CONSTRAINT; Schema: public; Owner: postgres
--

ALTER TABLE ONLY public.withdrawals
    ADD CONSTRAINT withdrawals_pkey PRIMARY KEY (id);


--
-- Name: accounts_phoneotp_phone_edf50850_like; Type: INDEX; Schema: public; Owner: postgres
--

CREATE INDEX accounts_phoneotp_phone_edf50850_like ON public.accounts_phoneotp USING btree (phone varchar_pattern_ops);


--
-- Name: accounts_user_email_b2644a56_like; Type: INDEX; Schema: public; Owner: postgres
--

CREATE INDEX accounts_user_email_b2644a56_like ON public.accounts_user USING btree (email varchar_pattern_ops);


--
-- Name: accounts_user_groups_group_id_bd11a704; Type: INDEX; Schema: public; Owner: postgres
--

CREATE INDEX accounts_user_groups_group_id_bd11a704 ON public.accounts_user_groups USING btree (group_id);


--
-- Name: accounts_user_groups_user_id_52b62117; Type: INDEX; Schema: public; Owner: postgres
--

CREATE INDEX accounts_user_groups_user_id_52b62117 ON public.accounts_user_groups USING btree (user_id);


--
-- Name: accounts_user_phone_c603acdd_like; Type: INDEX; Schema: public; Owner: postgres
--

CREATE INDEX accounts_user_phone_c603acdd_like ON public.accounts_user USING btree (phone varchar_pattern_ops);


--
-- Name: accounts_user_referral_by_id_a5a4c579; Type: INDEX; Schema: public; Owner: postgres
--

CREATE INDEX accounts_user_referral_by_id_a5a4c579 ON public.accounts_user USING btree (referral_by_id);


--
-- Name: accounts_user_referral_code_3613e89e_like; Type: INDEX; Schema: public; Owner: postgres
--

CREATE INDEX accounts_user_referral_code_3613e89e_like ON public.accounts_user USING btree (referral_code varchar_pattern_ops);


--
-- Name: accounts_user_user_permissions_permission_id_113bb443; Type: INDEX; Schema: public; Owner: postgres
--

CREATE INDEX accounts_user_user_permissions_permission_id_113bb443 ON public.accounts_user_user_permissions USING btree (permission_id);


--
-- Name: accounts_user_user_permissions_user_id_e4f0a161; Type: INDEX; Schema: public; Owner: postgres
--

CREATE INDEX accounts_user_user_permissions_user_id_e4f0a161 ON public.accounts_user_user_permissions USING btree (user_id);


--
-- Name: accounts_user_username_6088629e_like; Type: INDEX; Schema: public; Owner: postgres
--

CREATE INDEX accounts_user_username_6088629e_like ON public.accounts_user USING btree (username varchar_pattern_ops);


--
-- Name: accounts_useraddress_user_id_5348f16c; Type: INDEX; Schema: public; Owner: postgres
--

CREATE INDEX accounts_useraddress_user_id_5348f16c ON public.accounts_useraddress USING btree (user_id);


--
-- Name: attendance_bonus_claims_user_id_0952e136; Type: INDEX; Schema: public; Owner: postgres
--

CREATE INDEX attendance_bonus_claims_user_id_0952e136 ON public.attendance_bonus_claims USING btree (user_id);


--
-- Name: attendance_logs_user_id_6910cf35; Type: INDEX; Schema: public; Owner: postgres
--

CREATE INDEX attendance_logs_user_id_6910cf35 ON public.attendance_logs USING btree (user_id);


--
-- Name: auth_group_name_a6ea08ec_like; Type: INDEX; Schema: public; Owner: postgres
--

CREATE INDEX auth_group_name_a6ea08ec_like ON public.auth_group USING btree (name varchar_pattern_ops);


--
-- Name: auth_group_permissions_group_id_b120cbf9; Type: INDEX; Schema: public; Owner: postgres
--

CREATE INDEX auth_group_permissions_group_id_b120cbf9 ON public.auth_group_permissions USING btree (group_id);


--
-- Name: auth_group_permissions_permission_id_84c5c92e; Type: INDEX; Schema: public; Owner: postgres
--

CREATE INDEX auth_group_permissions_permission_id_84c5c92e ON public.auth_group_permissions USING btree (permission_id);


--
-- Name: auth_permission_content_type_id_2f476e4b; Type: INDEX; Schema: public; Owner: postgres
--

CREATE INDEX auth_permission_content_type_id_2f476e4b ON public.auth_permission USING btree (content_type_id);


--
-- Name: authtoken_token_key_10f0b77e_like; Type: INDEX; Schema: public; Owner: postgres
--

CREATE INDEX authtoken_token_key_10f0b77e_like ON public.authtoken_token USING btree (key varchar_pattern_ops);


--
-- Name: banks_code_91603e83_like; Type: INDEX; Schema: public; Owner: postgres
--

CREATE INDEX banks_code_91603e83_like ON public.banks USING btree (code varchar_pattern_ops);


--
-- Name: claim_history_investment_id_097f58b7; Type: INDEX; Schema: public; Owner: postgres
--

CREATE INDEX claim_history_investment_id_097f58b7 ON public.claim_history USING btree (investment_id);


--
-- Name: claim_history_transaction_id_b73db819; Type: INDEX; Schema: public; Owner: postgres
--

CREATE INDEX claim_history_transaction_id_b73db819 ON public.claim_history USING btree (transaction_id);


--
-- Name: claim_history_user_id_7d5c22fc; Type: INDEX; Schema: public; Owner: postgres
--

CREATE INDEX claim_history_user_id_7d5c22fc ON public.claim_history USING btree (user_id);


--
-- Name: deposits_order_num_e1e24968_like; Type: INDEX; Schema: public; Owner: postgres
--

CREATE INDEX deposits_order_num_e1e24968_like ON public.deposits USING btree (order_num varchar_pattern_ops);


--
-- Name: deposits_transaction_id_0c0da442; Type: INDEX; Schema: public; Owner: postgres
--

CREATE INDEX deposits_transaction_id_0c0da442 ON public.deposits USING btree (transaction_id);


--
-- Name: deposits_user_id_437dc111; Type: INDEX; Schema: public; Owner: postgres
--

CREATE INDEX deposits_user_id_437dc111 ON public.deposits USING btree (user_id);


--
-- Name: django_admin_log_content_type_id_c4bce8eb; Type: INDEX; Schema: public; Owner: postgres
--

CREATE INDEX django_admin_log_content_type_id_c4bce8eb ON public.django_admin_log USING btree (content_type_id);


--
-- Name: django_admin_log_user_id_c564eba6; Type: INDEX; Schema: public; Owner: postgres
--

CREATE INDEX django_admin_log_user_id_c564eba6 ON public.django_admin_log USING btree (user_id);


--
-- Name: django_session_expire_date_a5c62663; Type: INDEX; Schema: public; Owner: postgres
--

CREATE INDEX django_session_expire_date_a5c62663 ON public.django_session USING btree (expire_date);


--
-- Name: django_session_session_key_c0390e0f_like; Type: INDEX; Schema: public; Owner: postgres
--

CREATE INDEX django_session_session_key_c0390e0f_like ON public.django_session USING btree (session_key varchar_pattern_ops);


--
-- Name: investments_product_id_ccbd4c74; Type: INDEX; Schema: public; Owner: postgres
--

CREATE INDEX investments_product_id_ccbd4c74 ON public.investments USING btree (product_id);


--
-- Name: investments_transaction_id_28987300; Type: INDEX; Schema: public; Owner: postgres
--

CREATE INDEX investments_transaction_id_28987300 ON public.investments USING btree (transaction_id);


--
-- Name: investments_user_id_c642b863; Type: INDEX; Schema: public; Owner: postgres
--

CREATE INDEX investments_user_id_c642b863 ON public.investments USING btree (user_id);


--
-- Name: mission_user_states_mission_id_9c88bc39; Type: INDEX; Schema: public; Owner: postgres
--

CREATE INDEX mission_user_states_mission_id_9c88bc39 ON public.mission_user_states USING btree (mission_id);


--
-- Name: mission_user_states_user_id_55e31f2f; Type: INDEX; Schema: public; Owner: postgres
--

CREATE INDEX mission_user_states_user_id_55e31f2f ON public.mission_user_states USING btree (user_id);


--
-- Name: news_news_slug_2b9132f1_like; Type: INDEX; Schema: public; Owner: postgres
--

CREATE INDEX news_news_slug_2b9132f1_like ON public.news_news USING btree (slug varchar_pattern_ops);


--
-- Name: products_golongan_db4d9c09; Type: INDEX; Schema: public; Owner: postgres
--

CREATE INDEX products_golongan_db4d9c09 ON public.products USING btree (golongan);


--
-- Name: products_golongan_db4d9c09_like; Type: INDEX; Schema: public; Owner: postgres
--

CREATE INDEX products_golongan_db4d9c09_like ON public.products USING btree (golongan varchar_pattern_ops);


--
-- Name: roulette_spins_created_at_020ff587; Type: INDEX; Schema: public; Owner: postgres
--

CREATE INDEX roulette_spins_created_at_020ff587 ON public.roulette_spins USING btree (created_at);


--
-- Name: roulette_spins_prize_id_11d8c5a3; Type: INDEX; Schema: public; Owner: postgres
--

CREATE INDEX roulette_spins_prize_id_11d8c5a3 ON public.roulette_spins USING btree (prize_id);


--
-- Name: roulette_spins_transaction_id_179fb0a0; Type: INDEX; Schema: public; Owner: postgres
--

CREATE INDEX roulette_spins_transaction_id_179fb0a0 ON public.roulette_spins USING btree (transaction_id);


--
-- Name: roulette_spins_user_id_c3a0f18b; Type: INDEX; Schema: public; Owner: postgres
--

CREATE INDEX roulette_spins_user_id_c3a0f18b ON public.roulette_spins USING btree (user_id);


--
-- Name: roulette_ticket_ledgers_created_at_1dcd3a1e; Type: INDEX; Schema: public; Owner: postgres
--

CREATE INDEX roulette_ticket_ledgers_created_at_1dcd3a1e ON public.roulette_ticket_ledgers USING btree (created_at);


--
-- Name: roulette_ticket_ledgers_source_transaction_id_fd5e6146; Type: INDEX; Schema: public; Owner: postgres
--

CREATE INDEX roulette_ticket_ledgers_source_transaction_id_fd5e6146 ON public.roulette_ticket_ledgers USING btree (source_transaction_id);


--
-- Name: roulette_ticket_ledgers_source_user_id_562b2796; Type: INDEX; Schema: public; Owner: postgres
--

CREATE INDEX roulette_ticket_ledgers_source_user_id_562b2796 ON public.roulette_ticket_ledgers USING btree (source_user_id);


--
-- Name: roulette_ticket_ledgers_user_id_a729e48a; Type: INDEX; Schema: public; Owner: postgres
--

CREATE INDEX roulette_ticket_ledgers_user_id_a729e48a ON public.roulette_ticket_ledgers USING btree (user_id);


--
-- Name: support_supportchatmessage_sender_user_id_3f4f5dd3; Type: INDEX; Schema: public; Owner: postgres
--

CREATE INDEX support_supportchatmessage_sender_user_id_3f4f5dd3 ON public.support_supportchatmessage USING btree (sender_user_id);


--
-- Name: support_supportchatmessage_thread_id_80d96895; Type: INDEX; Schema: public; Owner: postgres
--

CREATE INDEX support_supportchatmessage_thread_id_80d96895 ON public.support_supportchatmessage USING btree (thread_id);


--
-- Name: support_supportchatthread_user_id_ed2cdead; Type: INDEX; Schema: public; Owner: postgres
--

CREATE INDEX support_supportchatthread_user_id_ed2cdead ON public.support_supportchatthread USING btree (user_id);


--
-- Name: transactions_created_at_3143a260; Type: INDEX; Schema: public; Owner: postgres
--

CREATE INDEX transactions_created_at_3143a260 ON public.transactions USING btree (created_at);


--
-- Name: transactions_product_id_b82fbdba; Type: INDEX; Schema: public; Owner: postgres
--

CREATE INDEX transactions_product_id_b82fbdba ON public.transactions USING btree (product_id);


--
-- Name: transactions_related_transaction_id_f6dce13d; Type: INDEX; Schema: public; Owner: postgres
--

CREATE INDEX transactions_related_transaction_id_f6dce13d ON public.transactions USING btree (related_transaction_id);


--
-- Name: transactions_trx_id_1160859c_like; Type: INDEX; Schema: public; Owner: postgres
--

CREATE INDEX transactions_trx_id_1160859c_like ON public.transactions USING btree (trx_id varchar_pattern_ops);


--
-- Name: transactions_upline_user_id_0de0709a; Type: INDEX; Schema: public; Owner: postgres
--

CREATE INDEX transactions_upline_user_id_0de0709a ON public.transactions USING btree (upline_user_id);


--
-- Name: transactions_user_id_766cc893; Type: INDEX; Schema: public; Owner: postgres
--

CREATE INDEX transactions_user_id_766cc893 ON public.transactions USING btree (user_id);


--
-- Name: trx_type_idx; Type: INDEX; Schema: public; Owner: postgres
--

CREATE INDEX trx_type_idx ON public.transactions USING btree (type);


--
-- Name: trx_upline_type_idx; Type: INDEX; Schema: public; Owner: postgres
--

CREATE INDEX trx_upline_type_idx ON public.transactions USING btree (upline_user_id, type);


--
-- Name: trx_user_type_stat_cr_idx; Type: INDEX; Schema: public; Owner: postgres
--

CREATE INDEX trx_user_type_stat_cr_idx ON public.transactions USING btree (user_id, type, status, created_at);


--
-- Name: trx_wallet_type_idx; Type: INDEX; Schema: public; Owner: postgres
--

CREATE INDEX trx_wallet_type_idx ON public.transactions USING btree (wallet_type);


--
-- Name: uniq_att_bonus_cycle; Type: INDEX; Schema: public; Owner: postgres
--

CREATE UNIQUE INDEX uniq_att_bonus_cycle ON public.attendance_bonus_claims USING btree (user_id, bonus_type, cycle_index) WHERE ((bonus_type)::text = 'cycle'::text);


--
-- Name: uniq_att_bonus_streak; Type: INDEX; Schema: public; Owner: postgres
--

CREATE UNIQUE INDEX uniq_att_bonus_streak ON public.attendance_bonus_claims USING btree (user_id, bonus_type) WHERE ((bonus_type)::text = ANY ((ARRAY['streak_7'::character varying, 'streak_30'::character varying])::text[]));


--
-- Name: uniq_roulette_ticket_source_tx_level1; Type: INDEX; Schema: public; Owner: postgres
--

CREATE UNIQUE INDEX uniq_roulette_ticket_source_tx_level1 ON public.roulette_ticket_ledgers USING btree (source_transaction_id) WHERE ((reason)::text = 'LEVEL1_PURCHASE'::text);


--
-- Name: unique_default_bank_per_user; Type: INDEX; Schema: public; Owner: postgres
--

CREATE UNIQUE INDEX unique_default_bank_per_user ON public.user_banks USING btree (user_id) WHERE is_default;


--
-- Name: user_banks_bank_id_02ef65ce; Type: INDEX; Schema: public; Owner: postgres
--

CREATE INDEX user_banks_bank_id_02ef65ce ON public.user_banks USING btree (bank_id);


--
-- Name: user_banks_user_id_f462cb60; Type: INDEX; Schema: public; Owner: postgres
--

CREATE INDEX user_banks_user_id_f462cb60 ON public.user_banks USING btree (user_id);


--
-- Name: voucher_usages_transaction_id_db1862fb; Type: INDEX; Schema: public; Owner: postgres
--

CREATE INDEX voucher_usages_transaction_id_db1862fb ON public.voucher_usages USING btree (transaction_id);


--
-- Name: voucher_usages_user_id_77b95d1c; Type: INDEX; Schema: public; Owner: postgres
--

CREATE INDEX voucher_usages_user_id_77b95d1c ON public.voucher_usages USING btree (user_id);


--
-- Name: voucher_usages_voucher_id_717e9ac6; Type: INDEX; Schema: public; Owner: postgres
--

CREATE INDEX voucher_usages_voucher_id_717e9ac6 ON public.voucher_usages USING btree (voucher_id);


--
-- Name: vouchers_code_55f32f4c_like; Type: INDEX; Schema: public; Owner: postgres
--

CREATE INDEX vouchers_code_55f32f4c_like ON public.vouchers USING btree (code varchar_pattern_ops);


--
-- Name: withdrawal_settings_required_product_id_b3a97a5a; Type: INDEX; Schema: public; Owner: postgres
--

CREATE INDEX withdrawal_settings_required_product_id_b3a97a5a ON public.withdrawal_settings USING btree (required_product_id);


--
-- Name: withdrawals_bank_account_id_08139113; Type: INDEX; Schema: public; Owner: postgres
--

CREATE INDEX withdrawals_bank_account_id_08139113 ON public.withdrawals USING btree (bank_account_id);


--
-- Name: withdrawals_transaction_id_8c683100; Type: INDEX; Schema: public; Owner: postgres
--

CREATE INDEX withdrawals_transaction_id_8c683100 ON public.withdrawals USING btree (transaction_id);


--
-- Name: withdrawals_user_id_2bbaba4d; Type: INDEX; Schema: public; Owner: postgres
--

CREATE INDEX withdrawals_user_id_2bbaba4d ON public.withdrawals USING btree (user_id);


--
-- Name: withdrawals_withdrawal_service_id_6b45f209; Type: INDEX; Schema: public; Owner: postgres
--

CREATE INDEX withdrawals_withdrawal_service_id_6b45f209 ON public.withdrawals USING btree (withdrawal_service_id);


--
-- Name: accounts_user_groups accounts_user_groups_group_id_bd11a704_fk_auth_group_id; Type: FK CONSTRAINT; Schema: public; Owner: postgres
--

ALTER TABLE ONLY public.accounts_user_groups
    ADD CONSTRAINT accounts_user_groups_group_id_bd11a704_fk_auth_group_id FOREIGN KEY (group_id) REFERENCES public.auth_group(id) DEFERRABLE INITIALLY DEFERRED;


--
-- Name: accounts_user_groups accounts_user_groups_user_id_52b62117_fk_accounts_user_id; Type: FK CONSTRAINT; Schema: public; Owner: postgres
--

ALTER TABLE ONLY public.accounts_user_groups
    ADD CONSTRAINT accounts_user_groups_user_id_52b62117_fk_accounts_user_id FOREIGN KEY (user_id) REFERENCES public.accounts_user(id) DEFERRABLE INITIALLY DEFERRED;


--
-- Name: accounts_user accounts_user_referral_by_id_a5a4c579_fk_accounts_user_id; Type: FK CONSTRAINT; Schema: public; Owner: postgres
--

ALTER TABLE ONLY public.accounts_user
    ADD CONSTRAINT accounts_user_referral_by_id_a5a4c579_fk_accounts_user_id FOREIGN KEY (referral_by_id) REFERENCES public.accounts_user(id) DEFERRABLE INITIALLY DEFERRED;


--
-- Name: accounts_user_user_permissions accounts_user_user_p_permission_id_113bb443_fk_auth_perm; Type: FK CONSTRAINT; Schema: public; Owner: postgres
--

ALTER TABLE ONLY public.accounts_user_user_permissions
    ADD CONSTRAINT accounts_user_user_p_permission_id_113bb443_fk_auth_perm FOREIGN KEY (permission_id) REFERENCES public.auth_permission(id) DEFERRABLE INITIALLY DEFERRED;


--
-- Name: accounts_user_user_permissions accounts_user_user_p_user_id_e4f0a161_fk_accounts_; Type: FK CONSTRAINT; Schema: public; Owner: postgres
--

ALTER TABLE ONLY public.accounts_user_user_permissions
    ADD CONSTRAINT accounts_user_user_p_user_id_e4f0a161_fk_accounts_ FOREIGN KEY (user_id) REFERENCES public.accounts_user(id) DEFERRABLE INITIALLY DEFERRED;


--
-- Name: accounts_useraddress accounts_useraddress_user_id_5348f16c_fk_accounts_user_id; Type: FK CONSTRAINT; Schema: public; Owner: postgres
--

ALTER TABLE ONLY public.accounts_useraddress
    ADD CONSTRAINT accounts_useraddress_user_id_5348f16c_fk_accounts_user_id FOREIGN KEY (user_id) REFERENCES public.accounts_user(id) DEFERRABLE INITIALLY DEFERRED;


--
-- Name: attendance_bonus_claims attendance_bonus_claims_user_id_0952e136_fk_accounts_user_id; Type: FK CONSTRAINT; Schema: public; Owner: postgres
--

ALTER TABLE ONLY public.attendance_bonus_claims
    ADD CONSTRAINT attendance_bonus_claims_user_id_0952e136_fk_accounts_user_id FOREIGN KEY (user_id) REFERENCES public.accounts_user(id) DEFERRABLE INITIALLY DEFERRED;


--
-- Name: attendance_logs attendance_logs_user_id_6910cf35_fk_accounts_user_id; Type: FK CONSTRAINT; Schema: public; Owner: postgres
--

ALTER TABLE ONLY public.attendance_logs
    ADD CONSTRAINT attendance_logs_user_id_6910cf35_fk_accounts_user_id FOREIGN KEY (user_id) REFERENCES public.accounts_user(id) DEFERRABLE INITIALLY DEFERRED;


--
-- Name: auth_group_permissions auth_group_permissio_permission_id_84c5c92e_fk_auth_perm; Type: FK CONSTRAINT; Schema: public; Owner: postgres
--

ALTER TABLE ONLY public.auth_group_permissions
    ADD CONSTRAINT auth_group_permissio_permission_id_84c5c92e_fk_auth_perm FOREIGN KEY (permission_id) REFERENCES public.auth_permission(id) DEFERRABLE INITIALLY DEFERRED;


--
-- Name: auth_group_permissions auth_group_permissions_group_id_b120cbf9_fk_auth_group_id; Type: FK CONSTRAINT; Schema: public; Owner: postgres
--

ALTER TABLE ONLY public.auth_group_permissions
    ADD CONSTRAINT auth_group_permissions_group_id_b120cbf9_fk_auth_group_id FOREIGN KEY (group_id) REFERENCES public.auth_group(id) DEFERRABLE INITIALLY DEFERRED;


--
-- Name: auth_permission auth_permission_content_type_id_2f476e4b_fk_django_co; Type: FK CONSTRAINT; Schema: public; Owner: postgres
--

ALTER TABLE ONLY public.auth_permission
    ADD CONSTRAINT auth_permission_content_type_id_2f476e4b_fk_django_co FOREIGN KEY (content_type_id) REFERENCES public.django_content_type(id) DEFERRABLE INITIALLY DEFERRED;


--
-- Name: authtoken_token authtoken_token_user_id_35299eff_fk_accounts_user_id; Type: FK CONSTRAINT; Schema: public; Owner: postgres
--

ALTER TABLE ONLY public.authtoken_token
    ADD CONSTRAINT authtoken_token_user_id_35299eff_fk_accounts_user_id FOREIGN KEY (user_id) REFERENCES public.accounts_user(id) DEFERRABLE INITIALLY DEFERRED;


--
-- Name: claim_history claim_history_investment_id_097f58b7_fk_investments_id; Type: FK CONSTRAINT; Schema: public; Owner: postgres
--

ALTER TABLE ONLY public.claim_history
    ADD CONSTRAINT claim_history_investment_id_097f58b7_fk_investments_id FOREIGN KEY (investment_id) REFERENCES public.investments(id) DEFERRABLE INITIALLY DEFERRED;


--
-- Name: claim_history claim_history_transaction_id_b73db819_fk_transactions_id; Type: FK CONSTRAINT; Schema: public; Owner: postgres
--

ALTER TABLE ONLY public.claim_history
    ADD CONSTRAINT claim_history_transaction_id_b73db819_fk_transactions_id FOREIGN KEY (transaction_id) REFERENCES public.transactions(id) DEFERRABLE INITIALLY DEFERRED;


--
-- Name: claim_history claim_history_user_id_7d5c22fc_fk_accounts_user_id; Type: FK CONSTRAINT; Schema: public; Owner: postgres
--

ALTER TABLE ONLY public.claim_history
    ADD CONSTRAINT claim_history_user_id_7d5c22fc_fk_accounts_user_id FOREIGN KEY (user_id) REFERENCES public.accounts_user(id) DEFERRABLE INITIALLY DEFERRED;


--
-- Name: deposits deposits_transaction_id_0c0da442_fk_transactions_id; Type: FK CONSTRAINT; Schema: public; Owner: postgres
--

ALTER TABLE ONLY public.deposits
    ADD CONSTRAINT deposits_transaction_id_0c0da442_fk_transactions_id FOREIGN KEY (transaction_id) REFERENCES public.transactions(id) DEFERRABLE INITIALLY DEFERRED;


--
-- Name: deposits deposits_user_id_437dc111_fk_accounts_user_id; Type: FK CONSTRAINT; Schema: public; Owner: postgres
--

ALTER TABLE ONLY public.deposits
    ADD CONSTRAINT deposits_user_id_437dc111_fk_accounts_user_id FOREIGN KEY (user_id) REFERENCES public.accounts_user(id) DEFERRABLE INITIALLY DEFERRED;


--
-- Name: django_admin_log django_admin_log_content_type_id_c4bce8eb_fk_django_co; Type: FK CONSTRAINT; Schema: public; Owner: postgres
--

ALTER TABLE ONLY public.django_admin_log
    ADD CONSTRAINT django_admin_log_content_type_id_c4bce8eb_fk_django_co FOREIGN KEY (content_type_id) REFERENCES public.django_content_type(id) DEFERRABLE INITIALLY DEFERRED;


--
-- Name: django_admin_log django_admin_log_user_id_c564eba6_fk_accounts_user_id; Type: FK CONSTRAINT; Schema: public; Owner: postgres
--

ALTER TABLE ONLY public.django_admin_log
    ADD CONSTRAINT django_admin_log_user_id_c564eba6_fk_accounts_user_id FOREIGN KEY (user_id) REFERENCES public.accounts_user(id) DEFERRABLE INITIALLY DEFERRED;


--
-- Name: investments investments_product_id_ccbd4c74_fk_products_id; Type: FK CONSTRAINT; Schema: public; Owner: postgres
--

ALTER TABLE ONLY public.investments
    ADD CONSTRAINT investments_product_id_ccbd4c74_fk_products_id FOREIGN KEY (product_id) REFERENCES public.products(id) DEFERRABLE INITIALLY DEFERRED;


--
-- Name: investments investments_transaction_id_28987300_fk_transactions_id; Type: FK CONSTRAINT; Schema: public; Owner: postgres
--

ALTER TABLE ONLY public.investments
    ADD CONSTRAINT investments_transaction_id_28987300_fk_transactions_id FOREIGN KEY (transaction_id) REFERENCES public.transactions(id) DEFERRABLE INITIALLY DEFERRED;


--
-- Name: investments investments_user_id_c642b863_fk_accounts_user_id; Type: FK CONSTRAINT; Schema: public; Owner: postgres
--

ALTER TABLE ONLY public.investments
    ADD CONSTRAINT investments_user_id_c642b863_fk_accounts_user_id FOREIGN KEY (user_id) REFERENCES public.accounts_user(id) DEFERRABLE INITIALLY DEFERRED;


--
-- Name: mission_user_states mission_user_states_mission_id_9c88bc39_fk_missions_id; Type: FK CONSTRAINT; Schema: public; Owner: postgres
--

ALTER TABLE ONLY public.mission_user_states
    ADD CONSTRAINT mission_user_states_mission_id_9c88bc39_fk_missions_id FOREIGN KEY (mission_id) REFERENCES public.missions(id) DEFERRABLE INITIALLY DEFERRED;


--
-- Name: mission_user_states mission_user_states_user_id_55e31f2f_fk_accounts_user_id; Type: FK CONSTRAINT; Schema: public; Owner: postgres
--

ALTER TABLE ONLY public.mission_user_states
    ADD CONSTRAINT mission_user_states_user_id_55e31f2f_fk_accounts_user_id FOREIGN KEY (user_id) REFERENCES public.accounts_user(id) DEFERRABLE INITIALLY DEFERRED;


--
-- Name: roulette_spins roulette_spins_prize_id_11d8c5a3_fk_roulette_prizes_id; Type: FK CONSTRAINT; Schema: public; Owner: postgres
--

ALTER TABLE ONLY public.roulette_spins
    ADD CONSTRAINT roulette_spins_prize_id_11d8c5a3_fk_roulette_prizes_id FOREIGN KEY (prize_id) REFERENCES public.roulette_prizes(id) DEFERRABLE INITIALLY DEFERRED;


--
-- Name: roulette_spins roulette_spins_transaction_id_179fb0a0_fk_transactions_id; Type: FK CONSTRAINT; Schema: public; Owner: postgres
--

ALTER TABLE ONLY public.roulette_spins
    ADD CONSTRAINT roulette_spins_transaction_id_179fb0a0_fk_transactions_id FOREIGN KEY (transaction_id) REFERENCES public.transactions(id) DEFERRABLE INITIALLY DEFERRED;


--
-- Name: roulette_spins roulette_spins_user_id_c3a0f18b_fk_accounts_user_id; Type: FK CONSTRAINT; Schema: public; Owner: postgres
--

ALTER TABLE ONLY public.roulette_spins
    ADD CONSTRAINT roulette_spins_user_id_c3a0f18b_fk_accounts_user_id FOREIGN KEY (user_id) REFERENCES public.accounts_user(id) DEFERRABLE INITIALLY DEFERRED;


--
-- Name: roulette_ticket_ledgers roulette_ticket_ledg_source_transaction_i_fd5e6146_fk_transacti; Type: FK CONSTRAINT; Schema: public; Owner: postgres
--

ALTER TABLE ONLY public.roulette_ticket_ledgers
    ADD CONSTRAINT roulette_ticket_ledg_source_transaction_i_fd5e6146_fk_transacti FOREIGN KEY (source_transaction_id) REFERENCES public.transactions(id) DEFERRABLE INITIALLY DEFERRED;


--
-- Name: roulette_ticket_ledgers roulette_ticket_ledg_source_user_id_562b2796_fk_accounts_; Type: FK CONSTRAINT; Schema: public; Owner: postgres
--

ALTER TABLE ONLY public.roulette_ticket_ledgers
    ADD CONSTRAINT roulette_ticket_ledg_source_user_id_562b2796_fk_accounts_ FOREIGN KEY (source_user_id) REFERENCES public.accounts_user(id) DEFERRABLE INITIALLY DEFERRED;


--
-- Name: roulette_ticket_ledgers roulette_ticket_ledgers_user_id_a729e48a_fk_accounts_user_id; Type: FK CONSTRAINT; Schema: public; Owner: postgres
--

ALTER TABLE ONLY public.roulette_ticket_ledgers
    ADD CONSTRAINT roulette_ticket_ledgers_user_id_a729e48a_fk_accounts_user_id FOREIGN KEY (user_id) REFERENCES public.accounts_user(id) DEFERRABLE INITIALLY DEFERRED;


--
-- Name: roulette_ticket_wallets roulette_ticket_wallets_user_id_b4e60541_fk_accounts_user_id; Type: FK CONSTRAINT; Schema: public; Owner: postgres
--

ALTER TABLE ONLY public.roulette_ticket_wallets
    ADD CONSTRAINT roulette_ticket_wallets_user_id_b4e60541_fk_accounts_user_id FOREIGN KEY (user_id) REFERENCES public.accounts_user(id) DEFERRABLE INITIALLY DEFERRED;


--
-- Name: support_supportchatmessage support_supportchatm_sender_user_id_3f4f5dd3_fk_accounts_; Type: FK CONSTRAINT; Schema: public; Owner: postgres
--

ALTER TABLE ONLY public.support_supportchatmessage
    ADD CONSTRAINT support_supportchatm_sender_user_id_3f4f5dd3_fk_accounts_ FOREIGN KEY (sender_user_id) REFERENCES public.accounts_user(id) DEFERRABLE INITIALLY DEFERRED;


--
-- Name: support_supportchatmessage support_supportchatm_thread_id_80d96895_fk_support_s; Type: FK CONSTRAINT; Schema: public; Owner: postgres
--

ALTER TABLE ONLY public.support_supportchatmessage
    ADD CONSTRAINT support_supportchatm_thread_id_80d96895_fk_support_s FOREIGN KEY (thread_id) REFERENCES public.support_supportchatthread(id) DEFERRABLE INITIALLY DEFERRED;


--
-- Name: support_supportchatthread support_supportchatthread_user_id_ed2cdead_fk_accounts_user_id; Type: FK CONSTRAINT; Schema: public; Owner: postgres
--

ALTER TABLE ONLY public.support_supportchatthread
    ADD CONSTRAINT support_supportchatthread_user_id_ed2cdead_fk_accounts_user_id FOREIGN KEY (user_id) REFERENCES public.accounts_user(id) DEFERRABLE INITIALLY DEFERRED;


--
-- Name: transactions transactions_product_id_b82fbdba_fk_products_id; Type: FK CONSTRAINT; Schema: public; Owner: postgres
--

ALTER TABLE ONLY public.transactions
    ADD CONSTRAINT transactions_product_id_b82fbdba_fk_products_id FOREIGN KEY (product_id) REFERENCES public.products(id) DEFERRABLE INITIALLY DEFERRED;


--
-- Name: transactions transactions_related_transaction_id_f6dce13d_fk_transactions_id; Type: FK CONSTRAINT; Schema: public; Owner: postgres
--

ALTER TABLE ONLY public.transactions
    ADD CONSTRAINT transactions_related_transaction_id_f6dce13d_fk_transactions_id FOREIGN KEY (related_transaction_id) REFERENCES public.transactions(id) DEFERRABLE INITIALLY DEFERRED;


--
-- Name: transactions transactions_upline_user_id_0de0709a_fk_accounts_user_id; Type: FK CONSTRAINT; Schema: public; Owner: postgres
--

ALTER TABLE ONLY public.transactions
    ADD CONSTRAINT transactions_upline_user_id_0de0709a_fk_accounts_user_id FOREIGN KEY (upline_user_id) REFERENCES public.accounts_user(id) DEFERRABLE INITIALLY DEFERRED;


--
-- Name: transactions transactions_user_id_766cc893_fk_accounts_user_id; Type: FK CONSTRAINT; Schema: public; Owner: postgres
--

ALTER TABLE ONLY public.transactions
    ADD CONSTRAINT transactions_user_id_766cc893_fk_accounts_user_id FOREIGN KEY (user_id) REFERENCES public.accounts_user(id) DEFERRABLE INITIALLY DEFERRED;


--
-- Name: user_banks user_banks_bank_id_02ef65ce_fk_banks_id; Type: FK CONSTRAINT; Schema: public; Owner: postgres
--

ALTER TABLE ONLY public.user_banks
    ADD CONSTRAINT user_banks_bank_id_02ef65ce_fk_banks_id FOREIGN KEY (bank_id) REFERENCES public.banks(id) DEFERRABLE INITIALLY DEFERRED;


--
-- Name: user_banks user_banks_user_id_f462cb60_fk_accounts_user_id; Type: FK CONSTRAINT; Schema: public; Owner: postgres
--

ALTER TABLE ONLY public.user_banks
    ADD CONSTRAINT user_banks_user_id_f462cb60_fk_accounts_user_id FOREIGN KEY (user_id) REFERENCES public.accounts_user(id) DEFERRABLE INITIALLY DEFERRED;


--
-- Name: voucher_usages voucher_usages_transaction_id_db1862fb_fk_transactions_id; Type: FK CONSTRAINT; Schema: public; Owner: postgres
--

ALTER TABLE ONLY public.voucher_usages
    ADD CONSTRAINT voucher_usages_transaction_id_db1862fb_fk_transactions_id FOREIGN KEY (transaction_id) REFERENCES public.transactions(id) DEFERRABLE INITIALLY DEFERRED;


--
-- Name: voucher_usages voucher_usages_user_id_77b95d1c_fk_accounts_user_id; Type: FK CONSTRAINT; Schema: public; Owner: postgres
--

ALTER TABLE ONLY public.voucher_usages
    ADD CONSTRAINT voucher_usages_user_id_77b95d1c_fk_accounts_user_id FOREIGN KEY (user_id) REFERENCES public.accounts_user(id) DEFERRABLE INITIALLY DEFERRED;


--
-- Name: voucher_usages voucher_usages_voucher_id_717e9ac6_fk_vouchers_id; Type: FK CONSTRAINT; Schema: public; Owner: postgres
--

ALTER TABLE ONLY public.voucher_usages
    ADD CONSTRAINT voucher_usages_voucher_id_717e9ac6_fk_vouchers_id FOREIGN KEY (voucher_id) REFERENCES public.vouchers(id) DEFERRABLE INITIALLY DEFERRED;


--
-- Name: withdrawal_jayapay withdrawal_jayapay_withdrawal_id_cda2e873_fk_withdrawals_id; Type: FK CONSTRAINT; Schema: public; Owner: postgres
--

ALTER TABLE ONLY public.withdrawal_jayapay
    ADD CONSTRAINT withdrawal_jayapay_withdrawal_id_cda2e873_fk_withdrawals_id FOREIGN KEY (withdrawal_id) REFERENCES public.withdrawals(id) DEFERRABLE INITIALLY DEFERRED;


--
-- Name: withdrawal_settings withdrawal_settings_required_product_id_b3a97a5a_fk_products_id; Type: FK CONSTRAINT; Schema: public; Owner: postgres
--

ALTER TABLE ONLY public.withdrawal_settings
    ADD CONSTRAINT withdrawal_settings_required_product_id_b3a97a5a_fk_products_id FOREIGN KEY (required_product_id) REFERENCES public.products(id) DEFERRABLE INITIALLY DEFERRED;


--
-- Name: withdrawals withdrawals_bank_account_id_08139113_fk_user_banks_id; Type: FK CONSTRAINT; Schema: public; Owner: postgres
--

ALTER TABLE ONLY public.withdrawals
    ADD CONSTRAINT withdrawals_bank_account_id_08139113_fk_user_banks_id FOREIGN KEY (bank_account_id) REFERENCES public.user_banks(id) DEFERRABLE INITIALLY DEFERRED;


--
-- Name: withdrawals withdrawals_transaction_id_8c683100_fk_transactions_id; Type: FK CONSTRAINT; Schema: public; Owner: postgres
--

ALTER TABLE ONLY public.withdrawals
    ADD CONSTRAINT withdrawals_transaction_id_8c683100_fk_transactions_id FOREIGN KEY (transaction_id) REFERENCES public.transactions(id) DEFERRABLE INITIALLY DEFERRED;


--
-- Name: withdrawals withdrawals_user_id_2bbaba4d_fk_accounts_user_id; Type: FK CONSTRAINT; Schema: public; Owner: postgres
--

ALTER TABLE ONLY public.withdrawals
    ADD CONSTRAINT withdrawals_user_id_2bbaba4d_fk_accounts_user_id FOREIGN KEY (user_id) REFERENCES public.accounts_user(id) DEFERRABLE INITIALLY DEFERRED;


--
-- Name: withdrawals withdrawals_withdrawal_service_i_6b45f209_fk_withdrawa; Type: FK CONSTRAINT; Schema: public; Owner: postgres
--

ALTER TABLE ONLY public.withdrawals
    ADD CONSTRAINT withdrawals_withdrawal_service_i_6b45f209_fk_withdrawa FOREIGN KEY (withdrawal_service_id) REFERENCES public.withdrawal_services(id) DEFERRABLE INITIALLY DEFERRED;


--
-- PostgreSQL database dump complete
--

\unrestrict 8xXiKLA8Jc0sifVB8H2OReeKLMeI4eOOLawEDeXMWc3IqjQs024MLHbgiPAZmBU

